ClaimID,CustomerID,ProductID,StoreID,PurchaseDate,ClaimDate,Issue,Status,WarrantyMonths
WC001229,CUST026637,P0015,ST0055,2023-04-26,2023-07-01,Overheating during use,In Progress,12
WC003742,CUST008759,P0119,ST0037,2022-07-07,2023-07-01,Network/SIM issue,Resolved,12
WC004895,CUST007608,P0092,ST0053,2022-07-16,2023-07-01,Speaker/mic not working,Resolved,12
WC002403,CUST011822,P0159,ST0053,2023-05-13,2023-07-02,Screen flickering,Pending Pickup,12
WC002861,CUST024306,P0200,ST0056,2023-06-21,2023-07-02,Software update issue,Resolved,24
WC003422,CUST015783,P0307,ST0037,2023-03-10,2023-07-02,Overheating during use,Resolved,12
WC004509,CUST030143,P0407,ST0010,2023-02-23,2023-07-02,Speaker/mic not working,Pending Pickup,12
WC005306,CUST022067,P0265,ST0012,2022-09-28,2023-07-02,Speaker/mic not working,Resolved,12
WC005356,CUST027611,P0030,ST0043,2022-10-20,2023-07-02,Battery draining fast,Resolved,24
WC005764,CUST015372,P0071,ST0031,2022-12-23,2023-07-02,Physical damage - screen crack,Resolved,12
WC001618,CUST046861,P0427,ST0013,2023-02-27,2023-07-03,Speaker/mic not working,Resolved,12
WC002609,CUST038887,P0214,ST0014,2023-06-07,2023-07-03,Water damage,Rejected - Out of Warranty,12
WC004303,CUST016886,P0215,ST0007,2023-03-30,2023-07-03,Overheating during use,Pending Pickup,12
WC004977,CUST021805,P0513,ST0055,2023-01-01,2023-07-03,Charging port not working,Resolved,12
WC005063,CUST013223,P0125,ST0002,2023-04-11,2023-07-03,Camera not focusing,Resolved,12
WC005658,CUST031007,P0075,ST0030,2022-08-19,2023-07-03,Overheating during use,Resolved,12
WC005959,CUST015928,P0320,ST0054,2022-12-19,2023-07-03,Overheating during use,Resolved,12
WC001658,CUST004922,P0156,ST0006,2022-10-11,2023-07-04,Camera not focusing,Resolved,12
WC004840,CUST004578,P0140,ST0040,2023-07-01,2023-07-04,Software update issue,Resolved,12
WC000514,CUST018005,P0182,ST0049,2023-01-19,2023-07-05,Overheating during use,Resolved,12
WC001482,CUST043593,P0197,ST0032,2023-05-24,2023-07-05,Battery draining fast,In Progress,12
WC002614,CUST036774,P0354,ST0029,2022-12-12,2023-07-05,Speaker/mic not working,Resolved,12
WC002713,CUST045701,P0463,ST0011,2022-05-29,2023-07-05,Physical damage - screen crack,Resolved,24
WC005673,CUST045669,P0498,ST0029,2023-02-13,2023-07-05,Charging port not working,Resolved,12
WC005794,CUST010647,P0163,ST0059,2022-06-26,2023-07-05,Water damage,Resolved,24
WC001440,CUST027362,P0464,ST0017,2022-12-13,2023-07-06,Software update issue,Resolved,12
WC001832,CUST026176,P0560,ST0034,2022-08-15,2023-07-06,Charging port not working,Pending Pickup,12
WC002707,CUST048194,P0047,ST0024,2023-04-04,2023-07-06,Camera not focusing,Resolved,12
WC003346,CUST000993,P0402,ST0006,2022-12-07,2023-07-06,Charging port not working,Rejected - Out of Warranty,12
WC004092,CUST027657,P0092,ST0051,2022-09-18,2023-07-06,Overheating during use,Pending Pickup,12
WC004097,CUST005987,P0458,ST0011,2022-08-12,2023-07-06,Battery draining fast,In Progress,12
WC004311,CUST049134,P0319,ST0023,2022-09-15,2023-07-06,Network/SIM issue,Resolved,12
WC003007,CUST020497,P0590,ST0052,2023-06-22,2023-07-07,Network/SIM issue,Resolved,12
WC004980,CUST027861,P0136,ST0049,2023-06-19,2023-07-07,Physical damage - screen crack,In Progress,12
WC005068,CUST014451,P0255,ST0057,2023-03-05,2023-07-07,Physical damage - screen crack,Resolved,12
WC005246,CUST043794,P0379,ST0005,2022-12-07,2023-07-07,Network/SIM issue,Resolved,12
WC000262,CUST035602,P0240,ST0004,2022-12-18,2023-07-08,Battery draining fast,Resolved,12
WC001032,CUST020894,P0152,ST0048,2023-01-20,2023-07-08,Water damage,Resolved,12
WC001478,CUST032099,P0414,ST0014,2022-07-26,2023-07-08,Network/SIM issue,In Progress,12
WC002866,CUST007833,P0324,ST0027,2022-10-27,2023-07-08,Overheating during use,In Progress,12
WC002868,CUST004410,P0390,ST0019,2023-05-03,2023-07-08,Screen flickering,Resolved,12
WC005213,CUST015939,P0009,ST0050,2022-12-25,2023-07-08,Charging port not working,Resolved,12
WC005464,CUST004052,P0174,ST0030,2023-01-02,2023-07-08,Screen flickering,Resolved,12
WC000914,CUST006538,P0072,ST0031,2023-01-05,2023-07-09,Water damage,Rejected - Out of Warranty,12
WC003370,CUST013822,P0548,ST0060,2023-01-22,2023-07-09,Water damage,Resolved,12
WC004955,CUST033435,P0542,ST0022,2022-11-11,2023-07-09,Overheating during use,Pending Pickup,12
WC005091,CUST033273,P0044,ST0057,2022-09-20,2023-07-09,Water damage,Resolved,12
WC000398,CUST027675,P0442,ST0047,2023-03-28,2023-07-10,Speaker/mic not working,Replaced,12
WC000787,CUST049448,P0211,ST0034,2022-09-16,2023-07-10,Overheating during use,Rejected - Out of Warranty,12
WC002161,CUST006944,P0296,ST0050,2022-09-02,2023-07-10,Software update issue,Pending Pickup,12
WC002687,CUST030213,P0010,ST0008,2023-04-19,2023-07-10,Screen flickering,Rejected - Out of Warranty,12
WC004830,CUST049701,P0148,ST0049,2022-10-20,2023-07-10,Overheating during use,Resolved,12
WC000428,CUST037753,P0146,ST0018,2022-11-07,2023-07-11,Charging port not working,Rejected - Out of Warranty,12
WC000825,CUST032290,P0162,ST0048,2022-11-25,2023-07-11,Speaker/mic not working,In Progress,24
WC000999,CUST005342,P0064,ST0035,2023-02-19,2023-07-11,Screen flickering,Pending Pickup,12
WC002813,CUST030338,P0053,ST0023,2022-06-21,2023-07-11,Software update issue,In Progress,24
WC003135,CUST030600,P0488,ST0014,2023-04-12,2023-07-11,Network/SIM issue,Resolved,12
WC003201,CUST021897,P0180,ST0008,2022-11-13,2023-07-11,Network/SIM issue,Pending Pickup,12
WC003682,CUST042775,P0540,ST0009,2023-06-01,2023-07-11,Camera not focusing,Pending Pickup,12
WC004049,CUST002403,P0232,ST0028,2023-05-31,2023-07-11,Physical damage - screen crack,In Progress,12
WC004204,CUST028776,P0556,ST0020,2023-02-20,2023-07-11,Network/SIM issue,In Progress,12
WC000776,CUST028315,P0206,ST0003,2023-04-18,2023-07-12,Charging port not working,Resolved,12
WC001412,CUST019779,P0122,ST0019,2023-04-17,2023-07-12,Water damage,Resolved,12
WC001627,CUST041824,P0292,ST0018,2022-12-01,2023-07-12,Charging port not working,Replaced,12
WC003547,CUST016057,P0566,ST0005,2023-04-29,2023-07-12,Charging port not working,Resolved,12
WC004573,CUST007419,P0366,ST0011,2023-06-17,2023-07-12,Physical damage - screen crack,Resolved,12
WC005521,CUST016074,P0345,ST0042,2022-11-16,2023-07-12,Speaker/mic not working,In Progress,12
WC001299,CUST031548,P0518,ST0035,2022-09-22,2023-07-13,Physical damage - screen crack,In Progress,12
WC001633,CUST030581,P0366,ST0018,2022-09-15,2023-07-13,Screen flickering,Resolved,12
WC003056,CUST031914,P0546,ST0051,2023-02-15,2023-07-13,Battery draining fast,Resolved,12
WC004748,CUST027454,P0416,ST0047,2023-01-21,2023-07-13,Charging port not working,Pending Pickup,12
WC000076,CUST000300,P0256,ST0044,2022-08-02,2023-07-14,Speaker/mic not working,Pending Pickup,12
WC001426,CUST030351,P0366,ST0016,2023-07-13,2023-07-14,Software update issue,In Progress,12
WC002600,CUST046438,P0232,ST0045,2023-02-15,2023-07-14,Battery draining fast,In Progress,12
WC003467,CUST021617,P0374,ST0028,2022-08-29,2023-07-14,Screen flickering,Resolved,12
WC004583,CUST030984,P0325,ST0042,2023-03-17,2023-07-14,Software update issue,Pending Pickup,24
WC005019,CUST020485,P0047,ST0008,2022-08-23,2023-07-14,Software update issue,Resolved,12
WC005215,CUST008559,P0103,ST0054,2022-09-16,2023-07-14,Battery draining fast,Rejected - Out of Warranty,12
WC000516,CUST000907,P0093,ST0019,2022-08-27,2023-07-15,Battery draining fast,Rejected - Out of Warranty,12
WC001437,CUST010056,P0584,ST0023,2022-10-07,2023-07-16,Overheating during use,Pending Pickup,12
WC002940,CUST013103,P0127,ST0048,2023-05-10,2023-07-16,Water damage,In Progress,12
WC003309,CUST012410,P0290,ST0019,2023-07-14,2023-07-16,Water damage,Resolved,24
WC003448,CUST017237,P0059,ST0042,2023-02-07,2023-07-16,Camera not focusing,Rejected - Out of Warranty,12
WC004845,CUST012903,P0205,ST0010,2023-02-03,2023-07-16,Charging port not working,Resolved,12
WC005125,CUST036925,P0165,ST0039,2023-02-25,2023-07-16,Network/SIM issue,Resolved,12
WC000535,CUST020800,P0414,ST0004,2022-08-01,2023-07-17,Software update issue,Resolved,12
WC000712,CUST034839,P0401,ST0038,2022-11-05,2023-07-17,Physical damage - screen crack,Resolved,12
WC003429,CUST024287,P0286,ST0026,2022-08-03,2023-07-17,Camera not focusing,Resolved,12
WC005442,CUST015142,P0414,ST0022,2023-01-19,2023-07-17,Screen flickering,Resolved,12
WC003323,CUST048380,P0549,ST0002,2023-06-21,2023-07-18,Software update issue,Pending Pickup,12
WC003344,CUST023633,P0356,ST0009,2023-04-28,2023-07-18,Battery draining fast,In Progress,12
WC004672,CUST044223,P0211,ST0026,2023-07-02,2023-07-18,Network/SIM issue,Resolved,12
WC004984,CUST022486,P0549,ST0028,2022-09-06,2023-07-18,Charging port not working,Replaced,12
WC005018,CUST026315,P0544,ST0021,2023-03-22,2023-07-18,Speaker/mic not working,Pending Pickup,12
WC005547,CUST043963,P0537,ST0007,2023-02-16,2023-07-18,Software update issue,Resolved,12
WC003121,CUST039662,P0456,ST0036,2023-07-18,2023-07-19,Software update issue,Pending Pickup,12
WC005101,CUST030020,P0160,ST0012,2022-11-08,2023-07-19,Screen flickering,Resolved,12
WC005700,CUST031030,P0485,ST0015,2023-06-23,2023-07-19,Camera not focusing,Rejected - Out of Warranty,12
WC000108,CUST035907,P0128,ST0024,2022-12-30,2023-07-20,Network/SIM issue,Rejected - Out of Warranty,12
WC001237,CUST036527,P0184,ST0033,2022-10-21,2023-07-20,Software update issue,Resolved,12
WC005034,CUST003046,P0231,ST0005,2022-08-07,2023-07-20,Software update issue,Replaced,12
WC000397,CUST025659,P0477,ST0051,2023-05-08,2023-07-21,Speaker/mic not working,Pending Pickup,12
WC001079,CUST040303,P0298,ST0009,2022-12-14,2023-07-21,Network/SIM issue,Resolved,12
WC001751,CUST030510,P0198,ST0017,2022-11-18,2023-07-21,Battery draining fast,In Progress,12
WC001828,CUST000093,P0234,ST0054,2023-05-14,2023-07-21,Camera not focusing,Replaced,12
WC001919,CUST044856,P0037,ST0055,2022-12-13,2023-07-21,Charging port not working,Replaced,12
WC002475,CUST032226,P0135,ST0034,2023-04-28,2023-07-21,Water damage,Resolved,12
WC004008,CUST048701,P0435,ST0047,2022-10-19,2023-07-21,Battery draining fast,In Progress,12
WC004251,CUST035624,P0255,ST0060,2022-12-15,2023-07-21,Overheating during use,Resolved,12
WC005339,CUST041144,P0245,ST0031,2023-04-11,2023-07-21,Speaker/mic not working,Rejected - Out of Warranty,12
WC005834,CUST028626,P0251,ST0003,2023-04-29,2023-07-21,Battery draining fast,Resolved,12
WC005872,CUST005942,P0053,ST0011,2021-08-27,2023-07-21,Overheating during use,Rejected - Out of Warranty,24
WC000882,CUST010034,P0158,ST0007,2023-06-25,2023-07-22,Screen flickering,Rejected - Out of Warranty,24
WC001625,CUST039949,P0578,ST0047,2023-01-30,2023-07-22,Water damage,Rejected - Out of Warranty,12
WC004425,CUST019804,P0350,ST0057,2023-06-20,2023-07-22,Network/SIM issue,Pending Pickup,12
WC000255,CUST025139,P0478,ST0013,2022-08-04,2023-07-23,Network/SIM issue,Resolved,12
WC000331,CUST016089,P0334,ST0049,2022-10-24,2023-07-23,Battery draining fast,Replaced,12
WC000480,CUST033449,P0303,ST0031,2023-06-23,2023-07-23,Water damage,Pending Pickup,12
WC001526,CUST039613,P0319,ST0005,2023-02-10,2023-07-23,Camera not focusing,Resolved,12
WC001637,CUST045971,P0360,ST0014,2023-04-25,2023-07-23,Overheating during use,Replaced,12
WC002206,CUST048761,P0087,ST0055,2022-05-13,2023-07-23,Speaker/mic not working,Pending Pickup,24
WC002568,CUST006953,P0225,ST0009,2023-02-04,2023-07-23,Network/SIM issue,Resolved,12
WC003359,CUST019242,P0510,ST0057,2022-08-27,2023-07-23,Overheating during use,In Progress,12
WC003431,CUST047220,P0481,ST0025,2023-05-05,2023-07-23,Camera not focusing,Resolved,12
WC004702,CUST025844,P0532,ST0036,2022-09-13,2023-07-23,Screen flickering,Resolved,12
WC002648,CUST036127,P0557,ST0043,2022-12-28,2023-07-24,Battery draining fast,Pending Pickup,12
WC003367,CUST038794,P0099,ST0042,2021-12-17,2023-07-24,Camera not focusing,Rejected - Out of Warranty,24
WC003948,CUST024290,P0066,ST0043,2023-06-11,2023-07-24,Speaker/mic not working,Rejected - Out of Warranty,12
WC004420,CUST046216,P0261,ST0038,2023-04-21,2023-07-24,Software update issue,Pending Pickup,12
WC005908,CUST045937,P0367,ST0059,2023-04-11,2023-07-24,Network/SIM issue,Replaced,12
WC000518,CUST031998,P0568,ST0017,2023-01-31,2023-07-25,Camera not focusing,Rejected - Out of Warranty,12
WC001463,CUST032312,P0452,ST0002,2021-09-07,2023-07-25,Network/SIM issue,Resolved,24
WC001309,CUST031232,P0357,ST0051,2023-05-11,2023-07-26,Physical damage - screen crack,Resolved,24
WC001566,CUST003483,P0217,ST0044,2023-05-25,2023-07-26,Battery draining fast,Resolved,12
WC001923,CUST033004,P0233,ST0024,2023-05-22,2023-07-26,Charging port not working,Pending Pickup,12
WC002785,CUST013290,P0531,ST0039,2023-06-04,2023-07-26,Battery draining fast,Replaced,12
WC002822,CUST038076,P0559,ST0023,2021-11-08,2023-07-26,Charging port not working,In Progress,24
WC002982,CUST011929,P0063,ST0003,2023-01-26,2023-07-26,Screen flickering,Resolved,12
WC003170,CUST004408,P0326,ST0007,2023-06-04,2023-07-26,Charging port not working,In Progress,12
WC003423,CUST004587,P0501,ST0009,2022-11-14,2023-07-26,Camera not focusing,Resolved,12
WC003552,CUST002744,P0600,ST0060,2022-09-07,2023-07-26,Overheating during use,Resolved,12
WC000383,CUST011253,P0034,ST0060,2023-05-15,2023-07-27,Battery draining fast,In Progress,12
WC000451,CUST016715,P0504,ST0052,2023-02-02,2023-07-27,Network/SIM issue,Resolved,12
WC000714,CUST026962,P0522,ST0048,2022-12-13,2023-07-27,Physical damage - screen crack,Resolved,12
WC001572,CUST015372,P0442,ST0048,2022-09-25,2023-07-27,Software update issue,Resolved,12
WC002776,CUST011261,P0375,ST0029,2022-10-27,2023-07-27,Physical damage - screen crack,Resolved,24
WC003819,CUST006368,P0485,ST0014,2023-07-21,2023-07-27,Overheating during use,Pending Pickup,12
WC005647,CUST016869,P0001,ST0037,2022-08-20,2023-07-27,Camera not focusing,Rejected - Out of Warranty,12
WC002525,CUST011532,P0567,ST0053,2023-02-27,2023-07-28,Camera not focusing,Replaced,12
WC004760,CUST032490,P0190,ST0043,2022-11-15,2023-07-28,Physical damage - screen crack,In Progress,12
WC002749,CUST013867,P0154,ST0044,2023-02-02,2023-07-30,Camera not focusing,Replaced,12
WC003577,CUST043227,P0523,ST0007,2023-04-13,2023-07-30,Overheating during use,Rejected - Out of Warranty,12
WC000580,CUST029966,P0565,ST0049,2022-10-23,2023-07-31,Charging port not working,In Progress,12
WC001969,CUST004566,P0440,ST0056,2023-02-21,2023-07-31,Battery draining fast,Resolved,12
WC002399,CUST022184,P0455,ST0056,2023-07-04,2023-07-31,Physical damage - screen crack,Resolved,12
WC004664,CUST005309,P0334,ST0022,2023-06-04,2023-07-31,Physical damage - screen crack,Resolved,12
WC000833,CUST003842,P0288,ST0030,2023-03-07,2023-08-01,Overheating during use,Rejected - Out of Warranty,12
WC002232,CUST036443,P0541,ST0020,2022-09-10,2023-08-01,Physical damage - screen crack,In Progress,12
WC003388,CUST031941,P0397,ST0003,2023-06-25,2023-08-01,Physical damage - screen crack,Resolved,12
WC005881,CUST012792,P0511,ST0007,2023-01-24,2023-08-01,Speaker/mic not working,Pending Pickup,12
WC005965,CUST034462,P0529,ST0054,2023-01-26,2023-08-01,Overheating during use,Resolved,12
WC003689,CUST041331,P0403,ST0026,2023-05-13,2023-08-02,Physical damage - screen crack,Pending Pickup,12
WC003694,CUST047924,P0318,ST0022,2022-10-08,2023-08-02,Charging port not working,Resolved,12
WC004137,CUST014586,P0414,ST0055,2023-02-18,2023-08-02,Physical damage - screen crack,Pending Pickup,12
WC005283,CUST042273,P0042,ST0030,2022-10-28,2023-08-02,Physical damage - screen crack,Replaced,12
WC005412,CUST032842,P0589,ST0019,2022-09-17,2023-08-02,Camera not focusing,Pending Pickup,12
WC001746,CUST012745,P0242,ST0052,2023-02-18,2023-08-03,Software update issue,Resolved,12
WC001788,CUST027161,P0232,ST0049,2022-08-12,2023-08-03,Battery draining fast,Pending Pickup,12
WC003427,CUST028965,P0442,ST0003,2023-04-20,2023-08-03,Charging port not working,In Progress,12
WC004045,CUST024840,P0475,ST0026,2023-03-11,2023-08-03,Overheating during use,Resolved,24
WC004307,CUST015430,P0224,ST0017,2022-08-20,2023-08-03,Camera not focusing,Resolved,12
WC001651,CUST035754,P0024,ST0022,2023-01-05,2023-08-04,Charging port not working,Resolved,12
WC004386,CUST000774,P0380,ST0006,2022-11-06,2023-08-04,Speaker/mic not working,In Progress,12
WC004894,CUST037178,P0015,ST0041,2023-01-08,2023-08-04,Camera not focusing,Pending Pickup,12
WC005973,CUST025453,P0389,ST0004,2022-10-18,2023-08-04,Physical damage - screen crack,Resolved,24
WC001803,CUST012426,P0007,ST0056,2022-11-09,2023-08-05,Screen flickering,Resolved,12
WC002505,CUST004015,P0543,ST0017,2021-09-03,2023-08-05,Physical damage - screen crack,Resolved,24
WC004456,CUST040666,P0248,ST0026,2023-05-22,2023-08-05,Software update issue,Rejected - Out of Warranty,12
WC005340,CUST015798,P0555,ST0058,2023-02-15,2023-08-05,Screen flickering,Replaced,12
WC005851,CUST026327,P0056,ST0024,2022-03-04,2023-08-05,Speaker/mic not working,Resolved,24
WC000733,CUST035002,P0510,ST0035,2023-03-02,2023-08-06,Network/SIM issue,Rejected - Out of Warranty,12
WC003155,CUST000471,P0139,ST0003,2022-09-03,2023-08-06,Battery draining fast,Resolved,24
WC003944,CUST005618,P0262,ST0055,2023-06-22,2023-08-06,Screen flickering,Resolved,24
WC001862,CUST039109,P0421,ST0013,2023-06-12,2023-08-07,Overheating during use,Pending Pickup,12
WC003212,CUST042892,P0284,ST0058,2023-06-17,2023-08-07,Overheating during use,Rejected - Out of Warranty,12
WC004982,CUST037269,P0400,ST0013,2023-03-04,2023-08-07,Physical damage - screen crack,In Progress,12
WC000344,CUST020624,P0269,ST0036,2023-02-06,2023-08-08,Water damage,Pending Pickup,12
WC000918,CUST025756,P0100,ST0049,2022-09-28,2023-08-08,Water damage,Pending Pickup,12
WC002719,CUST008816,P0119,ST0002,2023-07-29,2023-08-08,Overheating during use,Pending Pickup,12
WC005928,CUST002189,P0469,ST0023,2023-03-30,2023-08-08,Physical damage - screen crack,Resolved,12
WC000044,CUST022673,P0300,ST0041,2022-09-07,2023-08-09,Physical damage - screen crack,Resolved,12
WC001310,CUST040102,P0126,ST0039,2022-12-17,2023-08-09,Physical damage - screen crack,Resolved,24
WC001806,CUST019235,P0186,ST0040,2022-11-04,2023-08-09,Software update issue,Resolved,12
WC004674,CUST034812,P0403,ST0043,2023-04-13,2023-08-09,Battery draining fast,Pending Pickup,12
WC000470,CUST010272,P0404,ST0003,2022-10-21,2023-08-10,Water damage,Resolved,12
WC000930,CUST019947,P0247,ST0022,2023-08-06,2023-08-10,Battery draining fast,Resolved,12
WC001090,CUST028330,P0288,ST0024,2022-11-24,2023-08-10,Physical damage - screen crack,Pending Pickup,12
WC001747,CUST034584,P0454,ST0007,2023-05-07,2023-08-10,Charging port not working,Pending Pickup,12
WC002458,CUST000938,P0318,ST0010,2023-02-12,2023-08-10,Water damage,Resolved,12
WC004374,CUST007479,P0300,ST0009,2023-03-02,2023-08-10,Charging port not working,Rejected - Out of Warranty,12
WC004477,CUST001770,P0224,ST0031,2023-07-08,2023-08-10,Network/SIM issue,In Progress,12
WC000315,CUST033299,P0373,ST0032,2023-06-14,2023-08-11,Overheating during use,Resolved,12
WC000644,CUST031377,P0093,ST0046,2023-01-30,2023-08-11,Charging port not working,Resolved,12
WC001908,CUST019250,P0046,ST0026,2023-03-13,2023-08-11,Charging port not working,Resolved,12
WC004107,CUST004785,P0578,ST0015,2023-08-03,2023-08-11,Overheating during use,Resolved,12
WC005597,CUST041850,P0554,ST0017,2023-07-19,2023-08-11,Water damage,Resolved,12
WC003399,CUST013439,P0117,ST0043,2022-12-12,2023-08-12,Charging port not working,Resolved,12
WC004154,CUST010549,P0233,ST0013,2023-07-08,2023-08-12,Battery draining fast,In Progress,12
WC004228,CUST036027,P0461,ST0002,2023-08-11,2023-08-12,Speaker/mic not working,Resolved,24
WC004906,CUST000094,P0517,ST0001,2023-07-09,2023-08-12,Charging port not working,In Progress,12
WC005177,CUST008306,P0438,ST0030,2022-11-20,2023-08-12,Camera not focusing,Resolved,12
WC004130,CUST024813,P0092,ST0055,2023-05-01,2023-08-13,Overheating during use,Resolved,12
WC002227,CUST027395,P0471,ST0002,2023-02-22,2023-08-14,Software update issue,Replaced,12
WC003241,CUST041766,P0510,ST0059,2023-04-10,2023-08-15,Network/SIM issue,Rejected - Out of Warranty,12
WC003493,CUST044427,P0178,ST0053,2022-08-01,2023-08-15,Water damage,Pending Pickup,24
WC003666,CUST020411,P0418,ST0007,2023-06-20,2023-08-15,Camera not focusing,Rejected - Out of Warranty,12
WC001544,CUST043266,P0043,ST0003,2023-07-24,2023-08-16,Software update issue,Rejected - Out of Warranty,12
WC002267,CUST002087,P0580,ST0024,2023-01-26,2023-08-16,Battery draining fast,In Progress,12
WC003773,CUST006542,P0450,ST0030,2023-07-30,2023-08-16,Camera not focusing,Resolved,12
WC004151,CUST029940,P0575,ST0054,2022-08-22,2023-08-16,Physical damage - screen crack,Pending Pickup,24
WC005330,CUST020894,P0047,ST0015,2022-11-22,2023-08-16,Physical damage - screen crack,Replaced,12
WC005958,CUST044562,P0140,ST0017,2023-04-27,2023-08-16,Screen flickering,Resolved,12
WC000429,CUST020615,P0013,ST0001,2022-10-17,2023-08-17,Speaker/mic not working,Replaced,12
WC001761,CUST014372,P0374,ST0013,2023-07-31,2023-08-17,Speaker/mic not working,Replaced,12
WC002058,CUST038964,P0595,ST0027,2022-12-22,2023-08-17,Software update issue,Replaced,12
WC003057,CUST041274,P0227,ST0018,2022-04-16,2023-08-17,Charging port not working,Pending Pickup,24
WC003474,CUST039673,P0344,ST0053,2023-08-14,2023-08-17,Screen flickering,Resolved,12
WC003619,CUST027636,P0367,ST0006,2022-11-23,2023-08-17,Overheating during use,Resolved,12
WC004745,CUST039760,P0005,ST0022,2023-06-06,2023-08-17,Battery draining fast,Resolved,24
WC000586,CUST046125,P0179,ST0020,2023-07-21,2023-08-18,Water damage,In Progress,12
WC000622,CUST011810,P0499,ST0041,2023-06-15,2023-08-18,Camera not focusing,In Progress,12
WC001578,CUST017981,P0588,ST0031,2022-11-01,2023-08-18,Charging port not working,Replaced,12
WC002537,CUST015144,P0121,ST0024,2023-01-07,2023-08-18,Speaker/mic not working,In Progress,12
WC003903,CUST044973,P0145,ST0001,2023-06-14,2023-08-18,Overheating during use,Pending Pickup,12
WC004496,CUST036200,P0540,ST0006,2023-04-19,2023-08-18,Water damage,In Progress,12
WC005437,CUST018561,P0160,ST0041,2022-09-09,2023-08-18,Water damage,Resolved,12
WC005504,CUST016872,P0308,ST0026,2022-12-29,2023-08-18,Speaker/mic not working,Pending Pickup,12
WC000210,CUST000454,P0366,ST0043,2023-04-16,2023-08-19,Charging port not working,Pending Pickup,12
WC000853,CUST014679,P0451,ST0039,2023-05-01,2023-08-19,Physical damage - screen crack,Resolved,12
WC000903,CUST025107,P0304,ST0046,2023-03-11,2023-08-19,Water damage,Replaced,12
WC001434,CUST030905,P0230,ST0014,2023-05-18,2023-08-19,Battery draining fast,Rejected - Out of Warranty,12
WC002106,CUST012340,P0362,ST0020,2022-09-15,2023-08-19,Screen flickering,In Progress,12
WC003502,CUST014311,P0410,ST0044,2023-07-30,2023-08-19,Speaker/mic not working,In Progress,12
WC005469,CUST021321,P0559,ST0013,2022-12-21,2023-08-19,Physical damage - screen crack,Resolved,24
WC005627,CUST021889,P0496,ST0020,2022-10-14,2023-08-19,Network/SIM issue,Replaced,12
WC005734,CUST019306,P0356,ST0048,2023-02-06,2023-08-19,Charging port not working,Pending Pickup,12
WC001958,CUST046465,P0154,ST0031,2023-02-05,2023-08-20,Water damage,Resolved,12
WC002402,CUST020230,P0269,ST0023,2023-03-31,2023-08-20,Charging port not working,Replaced,12
WC003611,CUST014786,P0321,ST0038,2023-02-26,2023-08-20,Camera not focusing,Rejected - Out of Warranty,12
WC005217,CUST005941,P0247,ST0006,2022-12-02,2023-08-20,Camera not focusing,Resolved,12
WC001202,CUST007274,P0596,ST0022,2022-12-07,2023-08-21,Screen flickering,In Progress,12
WC004256,CUST001682,P0166,ST0001,2023-04-20,2023-08-21,Network/SIM issue,Resolved,12
WC004385,CUST022513,P0353,ST0001,2022-12-04,2023-08-21,Software update issue,Rejected - Out of Warranty,12
WC000312,CUST032488,P0212,ST0048,2022-11-06,2023-08-22,Network/SIM issue,Resolved,12
WC001466,CUST049963,P0385,ST0015,2022-11-16,2023-08-22,Software update issue,Replaced,12
WC004384,CUST043658,P0067,ST0026,2023-05-29,2023-08-22,Network/SIM issue,Rejected - Out of Warranty,12
WC005752,CUST022012,P0195,ST0033,2023-01-24,2023-08-22,Camera not focusing,In Progress,12
WC000274,CUST016893,P0531,ST0006,2023-03-15,2023-08-23,Water damage,Pending Pickup,12
WC000481,CUST023397,P0395,ST0012,2023-06-07,2023-08-23,Screen flickering,Rejected - Out of Warranty,12
WC000650,CUST048345,P0076,ST0024,2023-03-05,2023-08-23,Battery draining fast,In Progress,12
WC001125,CUST010893,P0371,ST0044,2023-05-17,2023-08-23,Charging port not working,Replaced,12
WC003634,CUST022217,P0587,ST0041,2023-07-23,2023-08-23,Charging port not working,Resolved,12
WC000857,CUST009084,P0322,ST0010,2022-09-03,2023-08-24,Speaker/mic not working,Pending Pickup,24
WC002134,CUST041985,P0350,ST0036,2023-02-10,2023-08-24,Camera not focusing,Replaced,12
WC003350,CUST015682,P0564,ST0046,2022-11-24,2023-08-24,Overheating during use,In Progress,12
WC004059,CUST040601,P0230,ST0022,2023-04-09,2023-08-24,Physical damage - screen crack,Rejected - Out of Warranty,12
WC004289,CUST006110,P0047,ST0049,2023-04-13,2023-08-24,Screen flickering,In Progress,12
WC000305,CUST046373,P0358,ST0044,2022-05-26,2023-08-25,Camera not focusing,Replaced,24
WC002526,CUST020760,P0019,ST0052,2023-02-19,2023-08-25,Speaker/mic not working,Resolved,12
WC003336,CUST036076,P0280,ST0041,2023-02-02,2023-08-25,Physical damage - screen crack,Pending Pickup,24
WC000158,CUST012163,P0424,ST0013,2022-09-15,2023-08-26,Speaker/mic not working,Resolved,12
WC000206,CUST027532,P0342,ST0002,2023-07-15,2023-08-26,Screen flickering,Resolved,12
WC000440,CUST008854,P0225,ST0017,2023-02-22,2023-08-26,Charging port not working,Replaced,12
WC000464,CUST004306,P0265,ST0028,2023-01-06,2023-08-26,Overheating during use,Rejected - Out of Warranty,12
WC000701,CUST044317,P0346,ST0056,2023-02-19,2023-08-26,Speaker/mic not working,Resolved,12
WC001226,CUST019198,P0480,ST0053,2023-06-03,2023-08-26,Network/SIM issue,Resolved,12
WC001921,CUST043044,P0209,ST0014,2023-01-21,2023-08-26,Screen flickering,Resolved,12
WC002231,CUST021547,P0590,ST0059,2023-01-02,2023-08-26,Physical damage - screen crack,Resolved,12
WC002825,CUST041891,P0049,ST0038,2022-11-30,2023-08-26,Camera not focusing,Resolved,12
WC002987,CUST016732,P0224,ST0011,2023-04-21,2023-08-26,Speaker/mic not working,Replaced,12
WC005402,CUST034724,P0002,ST0034,2023-01-04,2023-08-26,Charging port not working,Pending Pickup,12
WC005443,CUST049677,P0382,ST0025,2023-04-05,2023-08-26,Overheating during use,Pending Pickup,12
WC000456,CUST044434,P0596,ST0058,2023-04-29,2023-08-27,Overheating during use,Resolved,12
WC001720,CUST031442,P0280,ST0007,2022-02-20,2023-08-27,Network/SIM issue,Resolved,24
WC001723,CUST013685,P0508,ST0036,2023-02-01,2023-08-27,Charging port not working,Resolved,12
WC001877,CUST013240,P0472,ST0043,2022-03-06,2023-08-27,Battery draining fast,Resolved,24
WC002470,CUST044259,P0149,ST0052,2022-10-13,2023-08-27,Charging port not working,Resolved,12
WC002723,CUST046938,P0156,ST0051,2023-07-15,2023-08-27,Charging port not working,Resolved,12
WC003450,CUST019305,P0190,ST0050,2022-09-07,2023-08-27,Camera not focusing,Replaced,12
WC004404,CUST046979,P0241,ST0053,2023-07-19,2023-08-27,Speaker/mic not working,In Progress,12
WC004642,CUST027494,P0542,ST0040,2023-07-14,2023-08-27,Screen flickering,Replaced,12
WC005439,CUST027280,P0448,ST0039,2022-01-07,2023-08-27,Overheating during use,Replaced,24
WC001677,CUST042090,P0485,ST0053,2023-04-04,2023-08-28,Camera not focusing,Rejected - Out of Warranty,12
WC001774,CUST001786,P0505,ST0058,2022-11-09,2023-08-28,Software update issue,In Progress,12
WC002927,CUST016128,P0077,ST0021,2023-01-27,2023-08-28,Screen flickering,In Progress,12
WC004527,CUST011365,P0166,ST0012,2023-06-18,2023-08-28,Network/SIM issue,In Progress,12
WC000347,CUST029219,P0579,ST0025,2023-06-14,2023-08-29,Overheating during use,Resolved,12
WC000575,CUST043915,P0166,ST0002,2023-05-31,2023-08-29,Network/SIM issue,Rejected - Out of Warranty,12
WC000711,CUST007413,P0406,ST0015,2023-08-24,2023-08-29,Charging port not working,Resolved,12
WC003453,CUST048187,P0241,ST0027,2023-01-15,2023-08-29,Water damage,In Progress,12
WC004500,CUST013822,P0244,ST0019,2023-03-30,2023-08-29,Water damage,Pending Pickup,12
WC005245,CUST048206,P0364,ST0002,2021-10-05,2023-08-29,Overheating during use,In Progress,24
WC005338,CUST003479,P0044,ST0048,2023-01-16,2023-08-29,Screen flickering,In Progress,12
WC002084,CUST032338,P0203,ST0010,2023-07-13,2023-08-30,Network/SIM issue,Rejected - Out of Warranty,12
WC002476,CUST031963,P0401,ST0011,2023-06-24,2023-08-30,Speaker/mic not working,Resolved,12
WC002570,CUST007297,P0524,ST0060,2023-02-02,2023-08-30,Screen flickering,Pending Pickup,12
WC002674,CUST024023,P0117,ST0011,2023-03-21,2023-08-30,Charging port not working,Resolved,12
WC004931,CUST028698,P0294,ST0021,2023-01-22,2023-08-30,Software update issue,Resolved,12
WC005250,CUST007393,P0217,ST0036,2022-09-17,2023-08-30,Network/SIM issue,Replaced,12
WC001444,CUST003023,P0507,ST0049,2022-10-23,2023-08-31,Speaker/mic not working,Replaced,12
WC003231,CUST013784,P0270,ST0057,2022-09-17,2023-08-31,Charging port not working,Resolved,12
WC003269,CUST041561,P0464,ST0054,2023-05-04,2023-08-31,Physical damage - screen crack,Replaced,12
WC004128,CUST000098,P0343,ST0054,2023-08-21,2023-08-31,Physical damage - screen crack,Resolved,24
WC004956,CUST034996,P0346,ST0053,2022-12-10,2023-08-31,Physical damage - screen crack,Resolved,12
WC005259,CUST044960,P0107,ST0047,2023-04-15,2023-08-31,Screen flickering,Resolved,12
WC005455,CUST017492,P0011,ST0008,2023-05-01,2023-08-31,Network/SIM issue,Pending Pickup,12
WC000460,CUST040013,P0040,ST0028,2023-04-23,2023-09-01,Water damage,Resolved,12
WC001252,CUST034089,P0130,ST0031,2022-11-18,2023-09-01,Speaker/mic not working,Replaced,12
WC001504,CUST045028,P0476,ST0032,2021-11-25,2023-09-01,Software update issue,Pending Pickup,24
WC002795,CUST034872,P0493,ST0030,2022-10-20,2023-09-01,Network/SIM issue,Replaced,12
WC005387,CUST016200,P0515,ST0024,2022-12-09,2023-09-01,Physical damage - screen crack,Resolved,12
WC001825,CUST028964,P0294,ST0019,2023-08-04,2023-09-02,Camera not focusing,Replaced,12
WC002184,CUST013702,P0469,ST0017,2023-06-08,2023-09-02,Overheating during use,Resolved,12
WC005554,CUST043317,P0280,ST0024,2023-06-25,2023-09-02,Water damage,Pending Pickup,24
WC005744,CUST037741,P0503,ST0060,2022-11-27,2023-09-02,Water damage,Resolved,12
WC001410,CUST038913,P0586,ST0025,2022-11-02,2023-09-03,Speaker/mic not working,In Progress,12
WC001904,CUST044640,P0329,ST0012,2023-03-28,2023-09-03,Water damage,Pending Pickup,12
WC002688,CUST018227,P0565,ST0020,2022-11-04,2023-09-03,Speaker/mic not working,In Progress,12
WC003009,CUST033092,P0227,ST0007,2022-08-09,2023-09-03,Charging port not working,Resolved,24
WC003114,CUST035179,P0450,ST0029,2023-04-26,2023-09-03,Software update issue,Resolved,12
WC005016,CUST046924,P0187,ST0047,2023-07-30,2023-09-03,Network/SIM issue,Resolved,12
WC005565,CUST035635,P0446,ST0004,2022-11-19,2023-09-03,Speaker/mic not working,Replaced,12
WC000004,CUST019102,P0115,ST0015,2023-04-29,2023-09-04,Water damage,In Progress,12
WC000163,CUST011319,P0494,ST0043,2023-07-29,2023-09-04,Screen flickering,In Progress,12
WC001548,CUST048023,P0381,ST0033,2022-12-06,2023-09-04,Water damage,Resolved,12
WC002104,CUST015023,P0279,ST0029,2023-05-10,2023-09-04,Overheating during use,Resolved,12
WC002553,CUST007771,P0492,ST0006,2023-05-04,2023-09-04,Network/SIM issue,Resolved,12
WC000354,CUST012092,P0429,ST0011,2023-06-19,2023-09-05,Overheating during use,Resolved,12
WC000788,CUST046926,P0267,ST0017,2023-01-17,2023-09-05,Overheating during use,Resolved,12
WC002993,CUST000455,P0579,ST0059,2023-07-09,2023-09-05,Water damage,Pending Pickup,12
WC003822,CUST003520,P0073,ST0019,2022-10-28,2023-09-05,Camera not focusing,Resolved,12
WC005594,CUST042172,P0309,ST0051,2023-03-21,2023-09-05,Battery draining fast,Resolved,12
WC005951,CUST038070,P0158,ST0014,2021-09-28,2023-09-05,Water damage,Resolved,24
WC000444,CUST000556,P0565,ST0016,2022-12-24,2023-09-06,Physical damage - screen crack,Resolved,12
WC002670,CUST044421,P0340,ST0017,2023-04-04,2023-09-06,Battery draining fast,In Progress,12
WC003484,CUST044547,P0157,ST0044,2023-07-06,2023-09-06,Network/SIM issue,Resolved,12
WC003604,CUST040866,P0084,ST0058,2022-10-13,2023-09-06,Software update issue,In Progress,12
WC005685,CUST007988,P0440,ST0014,2023-04-28,2023-09-06,Water damage,Resolved,12
WC001786,CUST046413,P0413,ST0042,2023-04-02,2023-09-07,Physical damage - screen crack,Pending Pickup,12
WC003245,CUST035103,P0420,ST0013,2022-10-20,2023-09-07,Speaker/mic not working,Resolved,12
WC003494,CUST036032,P0531,ST0055,2023-01-12,2023-09-07,Speaker/mic not working,Resolved,12
WC004231,CUST046064,P0352,ST0032,2023-08-24,2023-09-07,Screen flickering,Replaced,12
WC005953,CUST042221,P0070,ST0005,2023-01-03,2023-09-07,Physical damage - screen crack,Resolved,12
WC000745,CUST016623,P0022,ST0020,2023-01-09,2023-09-08,Physical damage - screen crack,Resolved,12
WC002344,CUST000081,P0354,ST0037,2023-08-19,2023-09-08,Charging port not working,In Progress,12
WC005517,CUST044879,P0068,ST0018,2022-10-23,2023-09-08,Speaker/mic not working,Resolved,12
WC005663,CUST038432,P0373,ST0060,2022-12-24,2023-09-08,Charging port not working,Resolved,12
WC001141,CUST020175,P0242,ST0055,2022-11-07,2023-09-09,Speaker/mic not working,Resolved,12
WC001431,CUST023826,P0113,ST0058,2023-07-26,2023-09-09,Charging port not working,Resolved,12
WC002143,CUST033902,P0019,ST0039,2023-04-22,2023-09-09,Speaker/mic not working,Resolved,12
WC002157,CUST031725,P0011,ST0007,2023-08-04,2023-09-09,Screen flickering,Rejected - Out of Warranty,12
WC003207,CUST001223,P0600,ST0052,2023-07-31,2023-09-09,Charging port not working,Resolved,12
WC003919,CUST016175,P0324,ST0016,2022-12-31,2023-09-09,Physical damage - screen crack,Pending Pickup,12
WC004441,CUST042793,P0215,ST0039,2022-12-31,2023-09-09,Charging port not working,In Progress,12
WC004525,CUST037351,P0535,ST0059,2022-09-28,2023-09-09,Network/SIM issue,Replaced,12
WC005403,CUST034611,P0443,ST0030,2022-12-17,2023-09-09,Physical damage - screen crack,Resolved,12
WC005799,CUST039365,P0256,ST0037,2023-04-20,2023-09-09,Software update issue,Pending Pickup,12
WC000145,CUST023332,P0504,ST0028,2023-04-18,2023-09-10,Overheating during use,Resolved,12
WC000370,CUST012767,P0335,ST0029,2023-08-22,2023-09-10,Speaker/mic not working,Replaced,12
WC000854,CUST033452,P0001,ST0037,2023-04-22,2023-09-10,Overheating during use,In Progress,12
WC003671,CUST031019,P0091,ST0034,2023-09-02,2023-09-10,Camera not focusing,Pending Pickup,12
WC003677,CUST021969,P0344,ST0057,2023-05-03,2023-09-10,Water damage,Resolved,12
WC004816,CUST016257,P0241,ST0012,2023-02-22,2023-09-10,Overheating during use,Pending Pickup,12
WC000670,CUST036396,P0114,ST0040,2023-07-17,2023-09-11,Water damage,Replaced,12
WC002060,CUST014725,P0343,ST0029,2022-01-21,2023-09-11,Screen flickering,Pending Pickup,24
WC002155,CUST001857,P0329,ST0021,2023-03-01,2023-09-11,Battery draining fast,Rejected - Out of Warranty,12
WC005880,CUST048940,P0139,ST0016,2023-06-18,2023-09-11,Software update issue,In Progress,24
WC000239,CUST016352,P0084,ST0037,2022-10-25,2023-09-12,Overheating during use,Rejected - Out of Warranty,12
WC001671,CUST037135,P0572,ST0020,2022-08-05,2023-09-12,Camera not focusing,Resolved,24
WC002163,CUST029162,P0180,ST0043,2022-10-11,2023-09-12,Software update issue,Replaced,12
WC003738,CUST046626,P0125,ST0038,2023-08-25,2023-09-12,Charging port not working,In Progress,12
WC001073,CUST003873,P0120,ST0002,2023-08-25,2023-09-13,Charging port not working,Resolved,12
WC001903,CUST037084,P0172,ST0001,2023-03-12,2023-09-13,Overheating during use,Replaced,12
WC002959,CUST027715,P0444,ST0031,2023-02-27,2023-09-13,Battery draining fast,Pending Pickup,12
WC004298,CUST039965,P0515,ST0009,2023-07-05,2023-09-13,Battery draining fast,Replaced,12
WC004570,CUST027155,P0554,ST0034,2023-09-04,2023-09-13,Battery draining fast,Resolved,12
WC004620,CUST015402,P0239,ST0031,2023-04-12,2023-09-13,Charging port not working,Resolved,12
WC000352,CUST017473,P0284,ST0020,2023-06-01,2023-09-14,Speaker/mic not working,Rejected - Out of Warranty,12
WC000619,CUST004547,P0567,ST0055,2023-04-08,2023-09-14,Physical damage - screen crack,Rejected - Out of Warranty,12
WC000899,CUST000382,P0472,ST0015,2021-10-24,2023-09-14,Screen flickering,Resolved,24
WC004803,CUST043395,P0316,ST0038,2022-09-20,2023-09-14,Physical damage - screen crack,Resolved,12
WC000075,CUST009679,P0074,ST0046,2023-09-07,2023-09-15,Water damage,Pending Pickup,24
WC000077,CUST002173,P0582,ST0058,2023-05-01,2023-09-15,Network/SIM issue,Resolved,24
WC002585,CUST013306,P0292,ST0002,2022-12-07,2023-09-15,Physical damage - screen crack,Pending Pickup,12
WC005944,CUST023221,P0023,ST0055,2023-07-11,2023-09-15,Water damage,Resolved,12
WC000532,CUST003505,P0087,ST0021,2021-12-02,2023-09-16,Water damage,Resolved,24
WC001737,CUST003940,P0206,ST0036,2022-09-30,2023-09-16,Water damage,Pending Pickup,12
WC002054,CUST025651,P0319,ST0050,2022-10-15,2023-09-16,Camera not focusing,Pending Pickup,12
WC003365,CUST027120,P0411,ST0030,2023-03-30,2023-09-16,Network/SIM issue,Resolved,12
WC003380,CUST040455,P0363,ST0006,2023-06-25,2023-09-16,Physical damage - screen crack,Resolved,12
WC003886,CUST002900,P0577,ST0029,2023-05-31,2023-09-16,Speaker/mic not working,Resolved,12
WC004558,CUST002320,P0571,ST0005,2023-04-18,2023-09-16,Network/SIM issue,Replaced,12
WC000227,CUST000862,P0285,ST0058,2023-03-03,2023-09-17,Physical damage - screen crack,Resolved,12
WC000380,CUST043316,P0242,ST0031,2022-09-25,2023-09-17,Battery draining fast,Resolved,12
WC002296,CUST043743,P0055,ST0056,2023-06-05,2023-09-17,Network/SIM issue,Resolved,12
WC002532,CUST041148,P0454,ST0026,2023-04-17,2023-09-17,Physical damage - screen crack,Replaced,12
WC004938,CUST036814,P0426,ST0037,2023-07-01,2023-09-17,Physical damage - screen crack,Resolved,12
WC005792,CUST001721,P0230,ST0009,2022-09-28,2023-09-17,Water damage,Replaced,12
WC002087,CUST042283,P0458,ST0022,2023-04-20,2023-09-18,Battery draining fast,Replaced,12
WC005092,CUST015764,P0014,ST0020,2023-02-01,2023-09-18,Water damage,Resolved,12
WC001354,CUST010587,P0365,ST0046,2022-12-07,2023-09-19,Screen flickering,Resolved,12
WC002168,CUST018806,P0479,ST0042,2023-06-13,2023-09-19,Camera not focusing,Resolved,12
WC005996,CUST001931,P0062,ST0013,2023-01-06,2023-09-19,Overheating during use,Resolved,12
WC001541,CUST004091,P0383,ST0051,2022-11-12,2023-09-20,Software update issue,Pending Pickup,24
WC001704,CUST039044,P0505,ST0049,2023-04-12,2023-09-20,Charging port not working,In Progress,12
WC005035,CUST044790,P0535,ST0021,2023-02-11,2023-09-20,Water damage,Replaced,12
WC005629,CUST010539,P0160,ST0027,2023-08-28,2023-09-20,Physical damage - screen crack,Resolved,12
WC000363,CUST032194,P0561,ST0059,2023-09-02,2023-09-21,Physical damage - screen crack,Resolved,12
WC003131,CUST029803,P0153,ST0045,2022-10-22,2023-09-21,Screen flickering,Resolved,12
WC004051,CUST048238,P0473,ST0024,2022-12-20,2023-09-21,Battery draining fast,In Progress,12
WC004078,CUST018635,P0590,ST0004,2023-03-20,2023-09-21,Charging port not working,Rejected - Out of Warranty,12
WC000010,CUST044342,P0467,ST0060,2023-03-05,2023-09-22,Network/SIM issue,In Progress,12
WC002843,CUST000386,P0074,ST0041,2022-12-17,2023-09-22,Charging port not working,Resolved,24
WC005666,CUST034899,P0344,ST0013,2023-07-07,2023-09-22,Camera not focusing,Resolved,12
WC000376,CUST003365,P0285,ST0054,2023-07-15,2023-09-23,Camera not focusing,Resolved,12
WC002297,CUST024688,P0450,ST0056,2023-08-07,2023-09-23,Overheating during use,Pending Pickup,12
WC004184,CUST024387,P0332,ST0026,2023-05-10,2023-09-23,Camera not focusing,Replaced,12
WC005777,CUST041700,P0172,ST0035,2023-04-17,2023-09-23,Camera not focusing,Resolved,12
WC001291,CUST043108,P0057,ST0007,2023-01-01,2023-09-24,Software update issue,Resolved,12
WC003644,CUST048454,P0563,ST0006,2022-01-27,2023-09-24,Physical damage - screen crack,Pending Pickup,24
WC003841,CUST016110,P0164,ST0051,2023-09-04,2023-09-24,Speaker/mic not working,In Progress,12
WC004622,CUST048211,P0174,ST0016,2022-11-04,2023-09-24,Screen flickering,Resolved,12
WC005913,CUST012901,P0210,ST0019,2022-12-25,2023-09-24,Physical damage - screen crack,Resolved,12
WC000534,CUST028794,P0580,ST0039,2023-01-13,2023-09-25,Camera not focusing,Resolved,12
WC000635,CUST022401,P0570,ST0004,2023-05-23,2023-09-25,Software update issue,In Progress,12
WC002420,CUST018438,P0516,ST0056,2022-12-26,2023-09-25,Camera not focusing,In Progress,12
WC003040,CUST043857,P0520,ST0022,2023-07-27,2023-09-25,Charging port not working,Resolved,12
WC003760,CUST001384,P0085,ST0056,2022-10-25,2023-09-25,Water damage,Resolved,12
WC004246,CUST044790,P0468,ST0010,2022-10-17,2023-09-25,Screen flickering,Replaced,12
WC004408,CUST038147,P0534,ST0018,2023-08-12,2023-09-25,Overheating during use,Rejected - Out of Warranty,24
WC000785,CUST022534,P0380,ST0011,2023-01-26,2023-09-26,Speaker/mic not working,Resolved,12
WC002039,CUST016396,P0512,ST0026,2022-12-02,2023-09-26,Software update issue,Replaced,12
WC003853,CUST033709,P0078,ST0060,2023-05-21,2023-09-26,Battery draining fast,Pending Pickup,12
WC000820,CUST019963,P0061,ST0031,2023-04-19,2023-09-27,Network/SIM issue,Resolved,12
WC001320,CUST022214,P0133,ST0001,2023-02-20,2023-09-27,Camera not focusing,Pending Pickup,12
WC003476,CUST031892,P0511,ST0044,2023-03-28,2023-09-27,Water damage,Resolved,12
WC005029,CUST022645,P0051,ST0056,2022-12-30,2023-09-27,Speaker/mic not working,In Progress,12
WC005322,CUST000483,P0413,ST0020,2023-08-24,2023-09-27,Battery draining fast,Resolved,12
WC005775,CUST036416,P0269,ST0055,2023-08-01,2023-09-27,Camera not focusing,In Progress,12
WC001956,CUST009084,P0007,ST0055,2022-10-11,2023-09-28,Overheating during use,In Progress,12
WC003091,CUST028690,P0230,ST0049,2022-12-26,2023-09-28,Software update issue,Resolved,12
WC003741,CUST043808,P0272,ST0024,2023-08-23,2023-09-28,Screen flickering,Pending Pickup,12
WC004172,CUST045615,P0516,ST0050,2023-07-03,2023-09-28,Camera not focusing,Rejected - Out of Warranty,12
WC004225,CUST034665,P0496,ST0014,2023-04-25,2023-09-28,Camera not focusing,Resolved,12
WC002244,CUST035612,P0559,ST0006,2021-12-23,2023-09-29,Software update issue,Replaced,24
WC003917,CUST009156,P0086,ST0038,2023-05-17,2023-09-29,Software update issue,Rejected - Out of Warranty,12
WC005914,CUST012800,P0318,ST0025,2023-09-27,2023-09-29,Speaker/mic not working,Rejected - Out of Warranty,12
WC000022,CUST028704,P0439,ST0002,2022-11-15,2023-09-30,Camera not focusing,Resolved,12
WC001886,CUST024798,P0278,ST0038,2023-03-24,2023-09-30,Network/SIM issue,Resolved,12
WC002667,CUST009839,P0039,ST0030,2023-03-27,2023-09-30,Speaker/mic not working,Resolved,12
WC004185,CUST028289,P0473,ST0031,2023-03-06,2023-09-30,Screen flickering,In Progress,12
WC004859,CUST023343,P0597,ST0012,2022-11-28,2023-09-30,Camera not focusing,In Progress,12
WC005133,CUST041169,P0166,ST0003,2022-12-13,2023-09-30,Camera not focusing,Resolved,12
WC005355,CUST013592,P0203,ST0037,2023-04-02,2023-09-30,Software update issue,Replaced,12
WC005810,CUST021541,P0571,ST0003,2023-07-07,2023-09-30,Physical damage - screen crack,Replaced,12
WC000326,CUST039023,P0069,ST0006,2023-03-14,2023-10-01,Screen flickering,Pending Pickup,12
WC001487,CUST030906,P0460,ST0001,2022-11-21,2023-10-01,Water damage,Replaced,12
WC002280,CUST040477,P0380,ST0011,2023-09-01,2023-10-01,Physical damage - screen crack,Pending Pickup,12
WC005511,CUST012006,P0592,ST0030,2022-01-21,2023-10-01,Software update issue,Rejected - Out of Warranty,24
WC005946,CUST002662,P0387,ST0031,2022-12-28,2023-10-01,Charging port not working,Resolved,12
WC000945,CUST026701,P0154,ST0029,2022-10-15,2023-10-02,Speaker/mic not working,Resolved,12
WC001335,CUST007288,P0425,ST0023,2023-01-03,2023-10-02,Speaker/mic not working,Resolved,12
WC002182,CUST013276,P0308,ST0020,2023-04-29,2023-10-02,Water damage,Resolved,12
WC002230,CUST048349,P0503,ST0017,2023-05-08,2023-10-02,Network/SIM issue,Resolved,12
WC002550,CUST020110,P0274,ST0028,2023-03-26,2023-10-02,Camera not focusing,Pending Pickup,12
WC004402,CUST041496,P0266,ST0034,2023-01-15,2023-10-02,Software update issue,Pending Pickup,12
WC005936,CUST007884,P0021,ST0019,2023-05-18,2023-10-02,Charging port not working,In Progress,12
WC004020,CUST033046,P0110,ST0030,2022-11-01,2023-10-03,Charging port not working,Resolved,12
WC000986,CUST034326,P0575,ST0014,2022-08-01,2023-10-04,Camera not focusing,Replaced,24
WC001123,CUST018378,P0597,ST0022,2023-08-07,2023-10-04,Water damage,Pending Pickup,12
WC001524,CUST044038,P0326,ST0038,2023-09-30,2023-10-04,Screen flickering,Pending Pickup,12
WC003294,CUST005343,P0289,ST0010,2023-01-20,2023-10-04,Software update issue,In Progress,24
WC003414,CUST026253,P0058,ST0043,2023-01-10,2023-10-04,Charging port not working,Resolved,12
WC004200,CUST040172,P0230,ST0020,2023-06-28,2023-10-04,Software update issue,Rejected - Out of Warranty,12
WC004236,CUST010428,P0256,ST0043,2022-12-24,2023-10-04,Speaker/mic not working,Resolved,12
WC005323,CUST038680,P0064,ST0032,2023-10-03,2023-10-04,Battery draining fast,Resolved,12
WC005712,CUST004236,P0371,ST0048,2023-05-26,2023-10-04,Charging port not working,Replaced,12
WC000103,CUST029737,P0043,ST0034,2023-08-02,2023-10-05,Physical damage - screen crack,Replaced,12
WC000204,CUST036544,P0188,ST0014,2022-04-03,2023-10-05,Overheating during use,Replaced,24
WC000553,CUST021115,P0100,ST0056,2022-12-17,2023-10-05,Physical damage - screen crack,Resolved,12
WC000559,CUST001937,P0097,ST0009,2023-06-20,2023-10-05,Water damage,Resolved,12
WC001138,CUST040354,P0295,ST0028,2023-04-18,2023-10-05,Charging port not working,Resolved,12
WC001789,CUST004809,P0238,ST0043,2023-01-29,2023-10-05,Software update issue,In Progress,12
WC002258,CUST010078,P0135,ST0041,2023-07-22,2023-10-05,Network/SIM issue,Resolved,12
WC002638,CUST008314,P0052,ST0056,2023-02-11,2023-10-05,Physical damage - screen crack,Resolved,12
WC003647,CUST012689,P0250,ST0042,2023-06-10,2023-10-05,Battery draining fast,In Progress,12
WC004069,CUST022884,P0497,ST0014,2023-09-01,2023-10-05,Physical damage - screen crack,Rejected - Out of Warranty,12
WC004775,CUST001078,P0217,ST0015,2023-05-31,2023-10-05,Camera not focusing,Replaced,12
WC005451,CUST043609,P0497,ST0055,2023-06-01,2023-10-05,Software update issue,Resolved,12
WC000798,CUST018123,P0244,ST0029,2023-04-30,2023-10-06,Overheating during use,Resolved,12
WC001468,CUST002320,P0284,ST0018,2022-11-29,2023-10-06,Charging port not working,Replaced,12
WC001607,CUST000224,P0148,ST0047,2023-07-28,2023-10-06,Screen flickering,Resolved,12
WC001899,CUST014154,P0435,ST0011,2023-04-29,2023-10-06,Overheating during use,Pending Pickup,12
WC003885,CUST048995,P0066,ST0009,2023-02-12,2023-10-06,Water damage,In Progress,12
WC004482,CUST006069,P0373,ST0011,2022-11-27,2023-10-06,Physical damage - screen crack,In Progress,12
WC005254,CUST049527,P0147,ST0060,2023-01-17,2023-10-06,Battery draining fast,In Progress,12
WC005375,CUST026315,P0509,ST0023,2022-04-12,2023-10-06,Charging port not working,Resolved,24
WC005722,CUST036929,P0158,ST0050,2023-04-03,2023-10-06,Software update issue,Resolved,24
WC001775,CUST002366,P0570,ST0033,2023-01-28,2023-10-07,Physical damage - screen crack,Replaced,12
WC002950,CUST024875,P0584,ST0021,2023-08-12,2023-10-07,Software update issue,In Progress,12
WC005336,CUST037674,P0298,ST0026,2022-10-24,2023-10-07,Overheating during use,Resolved,12
WC000664,CUST006231,P0367,ST0025,2023-07-26,2023-10-08,Software update issue,Resolved,12
WC001965,CUST044944,P0468,ST0016,2023-01-07,2023-10-08,Physical damage - screen crack,Resolved,12
WC003293,CUST042229,P0319,ST0003,2023-08-04,2023-10-08,Software update issue,Resolved,12
WC003349,CUST045227,P0361,ST0012,2023-03-18,2023-10-08,Camera not focusing,Replaced,12
WC003892,CUST026790,P0264,ST0006,2022-10-16,2023-10-08,Charging port not working,Resolved,12
WC003950,CUST025677,P0401,ST0006,2022-10-27,2023-10-08,Screen flickering,Resolved,12
WC000127,CUST041056,P0512,ST0048,2023-03-08,2023-10-09,Software update issue,Pending Pickup,12
WC001303,CUST006062,P0438,ST0031,2022-12-05,2023-10-09,Software update issue,Replaced,12
WC001477,CUST006313,P0555,ST0012,2022-12-12,2023-10-09,Speaker/mic not working,Resolved,12
WC003783,CUST005833,P0058,ST0043,2022-12-13,2023-10-09,Charging port not working,Replaced,12
WC004273,CUST028077,P0216,ST0026,2023-01-25,2023-10-09,Screen flickering,Resolved,12
WC005522,CUST042112,P0548,ST0043,2023-08-20,2023-10-09,Water damage,Resolved,12
WC005590,CUST015110,P0220,ST0054,2023-02-26,2023-10-09,Physical damage - screen crack,In Progress,12
WC005693,CUST008026,P0120,ST0031,2023-06-08,2023-10-09,Camera not focusing,Rejected - Out of Warranty,12
WC005826,CUST032969,P0362,ST0018,2023-07-12,2023-10-09,Software update issue,Pending Pickup,12
WC000453,CUST047166,P0558,ST0041,2023-09-16,2023-10-10,Screen flickering,Replaced,12
WC002251,CUST009986,P0467,ST0026,2023-04-23,2023-10-10,Software update issue,Rejected - Out of Warranty,12
WC000494,CUST023199,P0539,ST0055,2023-03-29,2023-10-11,Water damage,Resolved,12
WC000769,CUST049385,P0365,ST0057,2023-03-31,2023-10-11,Software update issue,Resolved,12
WC002199,CUST028427,P0301,ST0018,2023-06-26,2023-10-11,Battery draining fast,Resolved,12
WC004263,CUST049699,P0069,ST0018,2023-04-24,2023-10-11,Water damage,Resolved,12
WC005633,CUST000984,P0121,ST0001,2023-07-27,2023-10-11,Physical damage - screen crack,Pending Pickup,12
WC001603,CUST013315,P0477,ST0023,2023-05-25,2023-10-12,Water damage,In Progress,12
WC003526,CUST021130,P0082,ST0045,2023-03-21,2023-10-12,Camera not focusing,In Progress,12
WC003551,CUST041673,P0022,ST0058,2022-10-31,2023-10-12,Water damage,Replaced,12
WC004016,CUST040971,P0215,ST0060,2023-06-23,2023-10-12,Charging port not working,Resolved,12
WC000093,CUST002815,P0131,ST0023,2023-02-12,2023-10-13,Screen flickering,Resolved,12
WC000351,CUST010106,P0455,ST0047,2023-03-10,2023-10-13,Water damage,In Progress,12
WC003125,CUST029246,P0510,ST0055,2023-05-28,2023-10-13,Physical damage - screen crack,Resolved,12
WC000301,CUST003030,P0306,ST0027,2023-01-19,2023-10-14,Charging port not working,Replaced,12
WC000850,CUST000179,P0460,ST0003,2022-11-25,2023-10-14,Battery draining fast,Resolved,12
WC000956,CUST031818,P0039,ST0038,2023-03-15,2023-10-14,Speaker/mic not working,Pending Pickup,12
WC001306,CUST020876,P0040,ST0006,2023-08-06,2023-10-14,Screen flickering,Resolved,12
WC003283,CUST013106,P0434,ST0033,2022-11-29,2023-10-14,Water damage,Resolved,12
WC004574,CUST032577,P0312,ST0022,2023-03-10,2023-10-14,Physical damage - screen crack,Pending Pickup,12
WC000623,CUST006244,P0415,ST0055,2023-06-30,2023-10-15,Charging port not working,Pending Pickup,12
WC000922,CUST029554,P0567,ST0008,2023-05-19,2023-10-15,Screen flickering,Resolved,12
WC002070,CUST045961,P0421,ST0055,2023-05-15,2023-10-15,Water damage,Replaced,12
WC002460,CUST002420,P0580,ST0047,2023-10-08,2023-10-15,Overheating during use,Rejected - Out of Warranty,12
WC005804,CUST036583,P0202,ST0009,2023-06-07,2023-10-15,Camera not focusing,Resolved,12
WC000195,CUST017989,P0494,ST0049,2023-07-12,2023-10-16,Overheating during use,Resolved,12
WC001154,CUST013413,P0457,ST0001,2023-06-25,2023-10-16,Water damage,Pending Pickup,12
WC001213,CUST020010,P0223,ST0034,2023-01-24,2023-10-16,Camera not focusing,Pending Pickup,12
WC001256,CUST033846,P0464,ST0008,2023-06-26,2023-10-16,Network/SIM issue,Resolved,12
WC004645,CUST028876,P0045,ST0021,2023-06-10,2023-10-16,Speaker/mic not working,In Progress,12
WC004885,CUST024755,P0342,ST0033,2022-11-21,2023-10-16,Charging port not working,Rejected - Out of Warranty,12
WC005179,CUST016094,P0312,ST0008,2023-06-23,2023-10-16,Screen flickering,Resolved,12
WC001313,CUST035474,P0418,ST0008,2023-03-14,2023-10-17,Speaker/mic not working,In Progress,12
WC001455,CUST022519,P0445,ST0011,2023-01-04,2023-10-17,Screen flickering,Replaced,12
WC003026,CUST019980,P0595,ST0002,2023-01-08,2023-10-17,Physical damage - screen crack,Resolved,12
WC003262,CUST034587,P0232,ST0054,2022-12-27,2023-10-17,Charging port not working,Resolved,12
WC004912,CUST000807,P0335,ST0028,2023-07-24,2023-10-17,Water damage,Resolved,12
WC005592,CUST003088,P0291,ST0045,2023-01-17,2023-10-17,Speaker/mic not working,Resolved,12
WC001166,CUST037199,P0022,ST0025,2023-02-06,2023-10-18,Charging port not working,Resolved,12
WC002482,CUST041885,P0355,ST0060,2023-07-14,2023-10-18,Network/SIM issue,Resolved,12
WC004118,CUST028202,P0358,ST0040,2022-05-26,2023-10-18,Speaker/mic not working,Resolved,24
WC004444,CUST036753,P0164,ST0019,2023-01-14,2023-10-18,Speaker/mic not working,Resolved,12
WC004703,CUST046203,P0035,ST0025,2023-09-30,2023-10-18,Software update issue,Replaced,12
WC005422,CUST034086,P0387,ST0055,2022-11-17,2023-10-18,Speaker/mic not working,Resolved,12
WC000432,CUST010845,P0001,ST0031,2023-02-11,2023-10-19,Camera not focusing,In Progress,12
WC001887,CUST046123,P0267,ST0034,2023-05-07,2023-10-19,Overheating during use,Resolved,12
WC001992,CUST046265,P0515,ST0028,2023-07-23,2023-10-19,Camera not focusing,Resolved,12
WC002172,CUST012001,P0255,ST0023,2023-06-26,2023-10-19,Overheating during use,In Progress,12
WC002208,CUST014213,P0236,ST0027,2023-06-25,2023-10-19,Software update issue,In Progress,12
WC002533,CUST038772,P0593,ST0060,2023-10-04,2023-10-19,Battery draining fast,Resolved,12
WC002788,CUST048123,P0284,ST0007,2023-01-02,2023-10-19,Charging port not working,Resolved,12
WC001765,CUST031607,P0548,ST0030,2023-04-10,2023-10-20,Overheating during use,In Progress,12
WC002125,CUST003006,P0559,ST0031,2021-12-20,2023-10-20,Speaker/mic not working,In Progress,24
WC003405,CUST034120,P0350,ST0046,2023-03-09,2023-10-20,Screen flickering,Replaced,12
WC003532,CUST007249,P0087,ST0003,2022-10-26,2023-10-20,Screen flickering,Pending Pickup,24
WC004700,CUST048858,P0175,ST0005,2023-03-28,2023-10-20,Battery draining fast,Pending Pickup,12
WC000545,CUST030641,P0229,ST0026,2023-01-13,2023-10-21,Software update issue,Replaced,12
WC002491,CUST009885,P0498,ST0042,2023-07-17,2023-10-21,Overheating during use,Resolved,12
WC003608,CUST042153,P0068,ST0056,2023-04-23,2023-10-21,Battery draining fast,Replaced,12
WC005971,CUST017764,P0152,ST0052,2023-05-17,2023-10-21,Water damage,Replaced,12
WC000180,CUST005891,P0131,ST0037,2023-09-07,2023-10-22,Charging port not working,Pending Pickup,12
WC000281,CUST041776,P0336,ST0042,2023-03-15,2023-10-22,Physical damage - screen crack,Replaced,12
WC003101,CUST040943,P0591,ST0041,2023-03-27,2023-10-22,Screen flickering,Pending Pickup,12
WC003750,CUST034427,P0317,ST0005,2023-04-12,2023-10-22,Battery draining fast,Resolved,12
WC004637,CUST028974,P0458,ST0055,2023-09-02,2023-10-22,Screen flickering,Pending Pickup,12
WC004783,CUST022708,P0574,ST0017,2023-02-12,2023-10-22,Physical damage - screen crack,Pending Pickup,12
WC005758,CUST009597,P0245,ST0057,2023-08-14,2023-10-22,Speaker/mic not working,Replaced,12
WC002294,CUST029931,P0473,ST0045,2023-06-16,2023-10-23,Software update issue,Resolved,12
WC002923,CUST028236,P0532,ST0008,2023-04-19,2023-10-23,Battery draining fast,Resolved,12
WC005604,CUST012293,P0352,ST0017,2023-02-12,2023-10-23,Charging port not working,Pending Pickup,12
WC000200,CUST033946,P0021,ST0022,2023-05-01,2023-10-24,Screen flickering,Pending Pickup,12
WC000536,CUST033711,P0369,ST0011,2023-02-15,2023-10-24,Water damage,Resolved,12
WC002154,CUST017713,P0552,ST0058,2023-08-30,2023-10-24,Charging port not working,Pending Pickup,12
WC003216,CUST012156,P0405,ST0047,2023-03-22,2023-10-24,Battery draining fast,In Progress,12
WC004910,CUST043078,P0074,ST0014,2023-05-10,2023-10-24,Battery draining fast,Replaced,24
WC000266,CUST022085,P0597,ST0059,2022-12-17,2023-10-25,Software update issue,In Progress,12
WC001129,CUST036713,P0473,ST0046,2023-07-06,2023-10-25,Software update issue,Pending Pickup,12
WC001225,CUST013896,P0327,ST0055,2023-09-26,2023-10-25,Camera not focusing,Resolved,12
WC002235,CUST046157,P0061,ST0008,2023-03-08,2023-10-25,Overheating during use,Rejected - Out of Warranty,12
WC003874,CUST047893,P0453,ST0003,2023-06-21,2023-10-25,Overheating during use,Resolved,12
WC003927,CUST049882,P0046,ST0031,2023-08-30,2023-10-25,Software update issue,Resolved,12
WC001234,CUST037740,P0474,ST0028,2023-01-22,2023-10-26,Overheating during use,Resolved,12
WC001459,CUST000507,P0332,ST0043,2022-12-15,2023-10-26,Charging port not working,Replaced,12
WC002615,CUST029305,P0463,ST0042,2023-08-18,2023-10-26,Physical damage - screen crack,In Progress,24
WC003617,CUST032109,P0598,ST0024,2023-06-29,2023-10-26,Network/SIM issue,Replaced,12
WC003803,CUST011916,P0237,ST0001,2023-01-29,2023-10-26,Charging port not working,In Progress,12
WC004354,CUST005115,P0387,ST0032,2023-09-10,2023-10-26,Network/SIM issue,Resolved,12
WC000133,CUST047582,P0350,ST0002,2023-03-10,2023-10-27,Software update issue,Resolved,12
WC000394,CUST027189,P0568,ST0049,2023-05-18,2023-10-27,Software update issue,Resolved,12
WC002256,CUST048981,P0266,ST0014,2023-08-17,2023-10-27,Network/SIM issue,Resolved,12
WC003172,CUST001304,P0343,ST0041,2022-08-07,2023-10-27,Network/SIM issue,Resolved,24
WC004401,CUST036411,P0053,ST0048,2021-12-30,2023-10-27,Physical damage - screen crack,Resolved,24
WC005480,CUST028402,P0485,ST0019,2023-09-28,2023-10-27,Overheating during use,Rejected - Out of Warranty,12
WC001657,CUST037739,P0332,ST0002,2022-11-19,2023-10-28,Battery draining fast,Resolved,12
WC003004,CUST038872,P0446,ST0033,2023-06-12,2023-10-28,Screen flickering,Resolved,12
WC004269,CUST041695,P0130,ST0004,2022-11-17,2023-10-28,Camera not focusing,Resolved,12
WC005357,CUST048326,P0544,ST0053,2023-08-06,2023-10-28,Water damage,In Progress,12
WC005677,CUST022773,P0082,ST0011,2023-10-09,2023-10-28,Camera not focusing,In Progress,12
WC000504,CUST037783,P0258,ST0015,2023-03-04,2023-10-29,Camera not focusing,Resolved,12
WC002925,CUST001829,P0587,ST0052,2023-08-22,2023-10-29,Physical damage - screen crack,Resolved,12
WC003171,CUST026714,P0558,ST0011,2023-02-25,2023-10-29,Software update issue,Resolved,12
WC003665,CUST003532,P0107,ST0006,2023-09-08,2023-10-29,Water damage,Resolved,12
WC004813,CUST038521,P0425,ST0048,2022-12-20,2023-10-29,Battery draining fast,In Progress,12
WC005351,CUST004312,P0146,ST0037,2023-02-05,2023-10-29,Speaker/mic not working,In Progress,12
WC000669,CUST024829,P0228,ST0008,2023-07-15,2023-10-30,Charging port not working,Replaced,12
WC001236,CUST045860,P0234,ST0015,2023-09-20,2023-10-30,Network/SIM issue,Resolved,12
WC003762,CUST038995,P0317,ST0010,2023-06-15,2023-10-30,Battery draining fast,In Progress,12
WC002798,CUST002479,P0273,ST0019,2023-02-22,2023-10-31,Charging port not working,Pending Pickup,12
WC003089,CUST022214,P0185,ST0006,2023-01-01,2023-10-31,Screen flickering,Resolved,12
WC003804,CUST021890,P0058,ST0059,2023-07-07,2023-10-31,Physical damage - screen crack,Pending Pickup,12
WC004028,CUST046344,P0530,ST0001,2023-04-04,2023-10-31,Overheating during use,In Progress,12
WC005866,CUST005230,P0528,ST0020,2022-06-22,2023-10-31,Battery draining fast,Resolved,24
WC001456,CUST049490,P0535,ST0040,2022-12-30,2023-11-01,Software update issue,Pending Pickup,12
WC002275,CUST013464,P0407,ST0006,2023-01-16,2023-11-01,Speaker/mic not working,Resolved,12
WC002381,CUST046922,P0377,ST0055,2022-12-06,2023-11-01,Speaker/mic not working,Resolved,12
WC003289,CUST043622,P0264,ST0040,2023-10-23,2023-11-01,Software update issue,Resolved,12
WC003372,CUST008756,P0460,ST0031,2022-12-26,2023-11-01,Software update issue,Resolved,12
WC003791,CUST029979,P0530,ST0031,2023-07-01,2023-11-01,Speaker/mic not working,Replaced,12
WC004363,CUST016611,P0352,ST0056,2023-02-07,2023-11-01,Camera not focusing,Rejected - Out of Warranty,12
WC004418,CUST029773,P0091,ST0023,2023-08-04,2023-11-01,Screen flickering,Resolved,12
WC005555,CUST018125,P0139,ST0041,2023-07-03,2023-11-01,Camera not focusing,Pending Pickup,24
WC001206,CUST030420,P0421,ST0031,2023-05-02,2023-11-02,Battery draining fast,Pending Pickup,12
WC002299,CUST048189,P0133,ST0049,2023-03-02,2023-11-02,Screen flickering,Replaced,12
WC004033,CUST040431,P0003,ST0035,2023-05-15,2023-11-02,Network/SIM issue,In Progress,12
WC005438,CUST002009,P0351,ST0043,2023-03-10,2023-11-02,Charging port not working,Rejected - Out of Warranty,12
WC001795,CUST020372,P0481,ST0043,2023-08-18,2023-11-03,Screen flickering,Resolved,12
WC002057,CUST018511,P0336,ST0001,2023-04-08,2023-11-03,Battery draining fast,Replaced,12
WC002170,CUST038940,P0517,ST0056,2023-01-04,2023-11-03,Overheating during use,Resolved,12
WC002391,CUST031371,P0030,ST0029,2022-09-30,2023-11-03,Physical damage - screen crack,Replaced,24
WC002680,CUST028191,P0553,ST0017,2023-08-22,2023-11-03,Camera not focusing,In Progress,12
WC001404,CUST027754,P0302,ST0025,2023-09-23,2023-11-04,Software update issue,Pending Pickup,12
WC001743,CUST004405,P0495,ST0027,2023-02-03,2023-11-04,Overheating during use,Resolved,12
WC002023,CUST027741,P0367,ST0055,2023-09-22,2023-11-04,Screen flickering,In Progress,12
WC004422,CUST033229,P0455,ST0015,2023-06-21,2023-11-04,Speaker/mic not working,Pending Pickup,12
WC004826,CUST012669,P0160,ST0038,2023-09-21,2023-11-04,Screen flickering,Resolved,12
WC004903,CUST000707,P0332,ST0037,2023-02-15,2023-11-04,Screen flickering,In Progress,12
WC000572,CUST033482,P0313,ST0025,2022-11-28,2023-11-05,Software update issue,Resolved,12
WC002722,CUST038396,P0271,ST0060,2023-09-16,2023-11-05,Battery draining fast,Pending Pickup,12
WC003622,CUST023658,P0080,ST0044,2022-12-20,2023-11-05,Speaker/mic not working,Resolved,12
WC004944,CUST002599,P0340,ST0012,2023-05-23,2023-11-05,Battery draining fast,In Progress,12
WC005137,CUST023376,P0082,ST0044,2023-01-23,2023-11-05,Charging port not working,Rejected - Out of Warranty,12
WC000050,CUST006732,P0252,ST0022,2023-03-06,2023-11-06,Speaker/mic not working,In Progress,12
WC001492,CUST043713,P0519,ST0046,2023-11-02,2023-11-06,Network/SIM issue,Resolved,12
WC003069,CUST012341,P0166,ST0022,2023-02-22,2023-11-06,Screen flickering,Resolved,12
WC003383,CUST043627,P0262,ST0031,2023-03-24,2023-11-06,Battery draining fast,Resolved,24
WC005829,CUST020108,P0323,ST0044,2023-08-18,2023-11-06,Network/SIM issue,Resolved,12
WC005849,CUST020951,P0204,ST0060,2022-11-14,2023-11-06,Network/SIM issue,Resolved,12
WC000029,CUST028811,P0435,ST0021,2022-12-07,2023-11-07,Speaker/mic not working,Replaced,12
WC000750,CUST003198,P0450,ST0024,2023-07-31,2023-11-07,Speaker/mic not working,Resolved,12
WC002089,CUST037508,P0077,ST0003,2023-05-15,2023-11-07,Overheating during use,Resolved,12
WC003796,CUST043383,P0018,ST0007,2023-10-10,2023-11-07,Network/SIM issue,Resolved,12
WC004707,CUST017266,P0069,ST0031,2023-03-22,2023-11-07,Screen flickering,Replaced,12
WC005528,CUST025007,P0513,ST0020,2023-05-25,2023-11-07,Software update issue,Resolved,12
WC005912,CUST032972,P0419,ST0006,2023-04-09,2023-11-07,Charging port not working,Resolved,12
WC000037,CUST043445,P0215,ST0008,2022-12-23,2023-11-08,Network/SIM issue,Resolved,12
WC000637,CUST013934,P0480,ST0055,2022-11-23,2023-11-08,Software update issue,Pending Pickup,12
WC004243,CUST017343,P0090,ST0011,2023-08-27,2023-11-08,Network/SIM issue,Rejected - Out of Warranty,12
WC004561,CUST031374,P0326,ST0039,2023-09-16,2023-11-08,Speaker/mic not working,Replaced,12
WC004602,CUST024957,P0529,ST0019,2022-12-01,2023-11-08,Speaker/mic not working,Resolved,12
WC004923,CUST046425,P0044,ST0023,2023-05-19,2023-11-08,Physical damage - screen crack,In Progress,12
WC005939,CUST040123,P0250,ST0024,2023-05-28,2023-11-08,Physical damage - screen crack,Resolved,12
WC002999,CUST003734,P0536,ST0051,2023-08-27,2023-11-09,Overheating during use,Resolved,12
WC003078,CUST039034,P0557,ST0036,2023-04-25,2023-11-09,Speaker/mic not working,Pending Pickup,12
WC003916,CUST024984,P0229,ST0035,2023-06-23,2023-11-09,Battery draining fast,Resolved,12
WC000191,CUST013240,P0153,ST0060,2023-03-28,2023-11-10,Charging port not working,Resolved,12
WC004249,CUST048276,P0189,ST0011,2022-12-04,2023-11-10,Battery draining fast,Rejected - Out of Warranty,12
WC002137,CUST000319,P0273,ST0026,2023-09-06,2023-11-11,Overheating during use,Pending Pickup,12
WC002981,CUST011747,P0443,ST0060,2023-08-14,2023-11-11,Water damage,Pending Pickup,12
WC004636,CUST035878,P0544,ST0060,2023-04-07,2023-11-11,Battery draining fast,Pending Pickup,12
WC004757,CUST028047,P0461,ST0015,2022-01-31,2023-11-11,Speaker/mic not working,Replaced,24
WC002017,CUST006204,P0454,ST0023,2023-04-04,2023-11-12,Charging port not working,Resolved,12
WC002984,CUST020111,P0023,ST0047,2023-04-20,2023-11-12,Battery draining fast,Replaced,12
WC003537,CUST040317,P0292,ST0047,2023-04-24,2023-11-12,Battery draining fast,Resolved,12
WC003584,CUST020124,P0008,ST0007,2022-11-20,2023-11-12,Overheating during use,Pending Pickup,12
WC000794,CUST010643,P0526,ST0008,2023-10-25,2023-11-13,Screen flickering,In Progress,12
WC000951,CUST023364,P0114,ST0029,2022-11-25,2023-11-13,Overheating during use,Rejected - Out of Warranty,12
WC001977,CUST018289,P0343,ST0018,2022-03-14,2023-11-13,Speaker/mic not working,Resolved,24
WC003788,CUST019621,P0446,ST0031,2023-04-02,2023-11-13,Overheating during use,Replaced,12
WC003823,CUST040237,P0371,ST0035,2023-02-21,2023-11-13,Software update issue,Replaced,12
WC001111,CUST003067,P0595,ST0056,2023-08-30,2023-11-14,Water damage,Pending Pickup,12
WC001896,CUST004799,P0345,ST0001,2022-12-27,2023-11-14,Battery draining fast,Replaced,12
WC002220,CUST010751,P0461,ST0039,2023-03-18,2023-11-14,Screen flickering,Resolved,24
WC003640,CUST033585,P0305,ST0017,2023-03-22,2023-11-14,Speaker/mic not working,Pending Pickup,12
WC003650,CUST020470,P0032,ST0033,2023-06-04,2023-11-14,Camera not focusing,Pending Pickup,12
WC004793,CUST025551,P0575,ST0023,2023-02-24,2023-11-14,Screen flickering,Resolved,24
WC005651,CUST030278,P0150,ST0031,2023-02-19,2023-11-14,Camera not focusing,In Progress,12
WC001624,CUST027977,P0109,ST0014,2022-12-05,2023-11-15,Speaker/mic not working,Rejected - Out of Warranty,12
WC002249,CUST023122,P0366,ST0013,2023-04-13,2023-11-15,Network/SIM issue,In Progress,12
WC002266,CUST015130,P0168,ST0003,2023-03-04,2023-11-15,Speaker/mic not working,Resolved,12
WC003712,CUST024080,P0563,ST0042,2023-08-21,2023-11-15,Camera not focusing,Rejected - Out of Warranty,24
WC005109,CUST022431,P0243,ST0051,2023-05-09,2023-11-15,Software update issue,Resolved,12
WC000005,CUST044416,P0203,ST0057,2023-09-25,2023-11-16,Physical damage - screen crack,Replaced,12
WC001418,CUST048439,P0558,ST0019,2022-12-04,2023-11-16,Charging port not working,Replaced,12
WC005735,CUST028677,P0202,ST0060,2023-10-27,2023-11-16,Charging port not working,Replaced,12
WC002264,CUST049840,P0063,ST0003,2023-09-15,2023-11-17,Camera not focusing,Resolved,12
WC002271,CUST041515,P0347,ST0060,2023-07-11,2023-11-17,Screen flickering,Resolved,12
WC002963,CUST019521,P0197,ST0004,2023-10-06,2023-11-17,Overheating during use,Resolved,12
WC003255,CUST043950,P0155,ST0058,2022-12-18,2023-11-17,Screen flickering,Resolved,12
WC004874,CUST005951,P0309,ST0014,2023-07-15,2023-11-17,Overheating during use,In Progress,12
WC005013,CUST038524,P0376,ST0029,2022-12-22,2023-11-17,Charging port not working,Resolved,12
WC000691,CUST049978,P0219,ST0013,2023-09-13,2023-11-18,Overheating during use,Resolved,12
WC001221,CUST024111,P0496,ST0029,2023-11-07,2023-11-18,Battery draining fast,Resolved,12
WC001857,CUST001259,P0028,ST0013,2023-04-06,2023-11-18,Screen flickering,Resolved,12
WC002113,CUST003133,P0136,ST0023,2023-03-05,2023-11-18,Charging port not working,Resolved,12
WC004784,CUST038859,P0558,ST0026,2023-10-03,2023-11-18,Screen flickering,Resolved,12
WC005729,CUST002099,P0598,ST0056,2023-04-29,2023-11-18,Camera not focusing,Resolved,12
WC000719,CUST039147,P0183,ST0023,2023-10-27,2023-11-19,Water damage,Replaced,12
WC001257,CUST028799,P0247,ST0016,2022-12-25,2023-11-19,Speaker/mic not working,Resolved,12
WC001668,CUST018896,P0426,ST0017,2023-08-30,2023-11-19,Screen flickering,Pending Pickup,12
WC002964,CUST002430,P0172,ST0034,2023-10-22,2023-11-19,Network/SIM issue,Resolved,12
WC003485,CUST024290,P0133,ST0033,2023-07-12,2023-11-19,Camera not focusing,Rejected - Out of Warranty,12
WC003623,CUST042151,P0197,ST0009,2022-12-16,2023-11-19,Physical damage - screen crack,Resolved,12
WC004134,CUST047993,P0506,ST0015,2023-06-04,2023-11-19,Battery draining fast,Replaced,12
WC004679,CUST023578,P0580,ST0049,2023-07-31,2023-11-19,Water damage,Replaced,12
WC005405,CUST030982,P0328,ST0043,2023-08-28,2023-11-19,Water damage,Replaced,12
WC005931,CUST024088,P0596,ST0045,2023-05-25,2023-11-19,Physical damage - screen crack,Pending Pickup,12
WC000014,CUST035950,P0327,ST0024,2023-04-26,2023-11-20,Physical damage - screen crack,Resolved,12
WC000251,CUST000399,P0538,ST0024,2022-12-28,2023-11-20,Network/SIM issue,Replaced,12
WC001394,CUST038931,P0209,ST0001,2023-01-24,2023-11-20,Charging port not working,Resolved,12
WC002341,CUST023539,P0322,ST0012,2023-10-29,2023-11-20,Camera not focusing,Rejected - Out of Warranty,24
WC003081,CUST047501,P0187,ST0041,2023-10-12,2023-11-20,Screen flickering,Pending Pickup,12
WC003896,CUST015860,P0219,ST0051,2023-07-03,2023-11-20,Speaker/mic not working,Resolved,12
WC000492,CUST002223,P0273,ST0044,2023-06-15,2023-11-21,Overheating during use,Resolved,12
WC000949,CUST034986,P0413,ST0031,2023-10-12,2023-11-21,Overheating during use,Resolved,12
WC001905,CUST015311,P0358,ST0029,2022-09-10,2023-11-21,Water damage,Pending Pickup,24
WC005943,CUST011340,P0412,ST0022,2023-11-10,2023-11-21,Screen flickering,Resolved,12
WC001753,CUST027014,P0212,ST0047,2023-06-30,2023-11-22,Battery draining fast,Resolved,12
WC002508,CUST036039,P0534,ST0060,2023-09-29,2023-11-22,Speaker/mic not working,Rejected - Out of Warranty,24
WC002774,CUST043053,P0140,ST0046,2023-01-21,2023-11-22,Software update issue,Rejected - Out of Warranty,12
WC004575,CUST000785,P0401,ST0017,2023-08-03,2023-11-22,Camera not focusing,Pending Pickup,12
WC004616,CUST011620,P0354,ST0024,2023-02-25,2023-11-22,Water damage,Pending Pickup,12
WC005381,CUST041931,P0117,ST0053,2023-03-29,2023-11-22,Software update issue,Pending Pickup,12
WC005583,CUST048375,P0254,ST0041,2023-05-16,2023-11-22,Speaker/mic not working,Resolved,12
WC000727,CUST001753,P0169,ST0005,2023-01-08,2023-11-23,Screen flickering,Pending Pickup,12
WC005553,CUST009391,P0524,ST0050,2023-03-19,2023-11-23,Water damage,Resolved,12
WC001386,CUST032764,P0154,ST0027,2023-01-30,2023-11-24,Speaker/mic not working,In Progress,12
WC001391,CUST000913,P0495,ST0008,2023-04-07,2023-11-24,Screen flickering,In Progress,12
WC001581,CUST047333,P0411,ST0040,2023-10-24,2023-11-24,Software update issue,Resolved,12
WC003979,CUST022207,P0553,ST0040,2023-09-25,2023-11-24,Physical damage - screen crack,Replaced,12
WC004334,CUST028849,P0185,ST0009,2023-03-04,2023-11-24,Physical damage - screen crack,In Progress,12
WC005164,CUST032819,P0232,ST0028,2023-07-05,2023-11-24,Overheating during use,Resolved,12
WC005656,CUST038707,P0237,ST0027,2023-03-02,2023-11-24,Battery draining fast,Resolved,12
WC000170,CUST011774,P0057,ST0029,2023-09-30,2023-11-25,Overheating during use,Replaced,12
WC003035,CUST049968,P0199,ST0043,2022-12-28,2023-11-25,Physical damage - screen crack,Pending Pickup,12
WC003585,CUST007483,P0559,ST0006,2023-11-07,2023-11-25,Camera not focusing,Pending Pickup,24
WC004943,CUST007951,P0465,ST0001,2023-02-18,2023-11-25,Battery draining fast,Replaced,12
WC005235,CUST025790,P0182,ST0027,2023-10-23,2023-11-25,Network/SIM issue,In Progress,12
WC005852,CUST001420,P0013,ST0058,2023-11-24,2023-11-25,Network/SIM issue,Resolved,12
WC000235,CUST026109,P0594,ST0014,2023-05-20,2023-11-26,Charging port not working,In Progress,12
WC001943,CUST046115,P0528,ST0014,2023-09-26,2023-11-26,Speaker/mic not working,Resolved,24
WC002689,CUST029304,P0540,ST0003,2023-01-28,2023-11-26,Overheating during use,Resolved,12
WC003943,CUST021553,P0085,ST0026,2023-11-16,2023-11-26,Battery draining fast,Replaced,12
WC004377,CUST043788,P0384,ST0047,2023-09-27,2023-11-26,Physical damage - screen crack,Resolved,12
WC000577,CUST000072,P0388,ST0023,2023-08-12,2023-11-27,Screen flickering,Pending Pickup,24
WC001103,CUST049325,P0516,ST0016,2023-09-11,2023-11-27,Physical damage - screen crack,Resolved,12
WC001736,CUST007065,P0384,ST0044,2023-04-30,2023-11-27,Charging port not working,Rejected - Out of Warranty,12
WC001850,CUST049475,P0350,ST0005,2022-12-07,2023-11-27,Camera not focusing,Pending Pickup,12
WC005023,CUST048972,P0143,ST0041,2023-04-15,2023-11-27,Screen flickering,Replaced,12
WC002194,CUST020107,P0393,ST0044,2023-01-17,2023-11-28,Screen flickering,In Progress,12
WC002535,CUST040506,P0234,ST0015,2023-07-14,2023-11-28,Speaker/mic not working,Resolved,12
WC005967,CUST037538,P0218,ST0059,2023-06-04,2023-11-28,Software update issue,Replaced,12
WC000238,CUST021196,P0562,ST0004,2023-04-12,2023-11-29,Battery draining fast,Resolved,12
WC001316,CUST001897,P0471,ST0012,2023-09-12,2023-11-29,Physical damage - screen crack,Resolved,12
WC003276,CUST039056,P0429,ST0010,2022-12-05,2023-11-29,Overheating during use,Resolved,12
WC004436,CUST006739,P0037,ST0038,2023-04-27,2023-11-29,Physical damage - screen crack,In Progress,12
WC004843,CUST028731,P0564,ST0054,2023-10-26,2023-11-29,Speaker/mic not working,Resolved,12
WC004920,CUST040396,P0576,ST0030,2023-03-05,2023-11-29,Overheating during use,Resolved,12
WC005048,CUST030793,P0066,ST0027,2023-05-30,2023-11-29,Physical damage - screen crack,Resolved,12
WC000213,CUST021966,P0001,ST0003,2023-05-03,2023-11-30,Physical damage - screen crack,Resolved,12
WC000390,CUST044131,P0024,ST0058,2023-07-05,2023-11-30,Overheating during use,Resolved,12
WC003168,CUST031892,P0390,ST0004,2023-10-25,2023-11-30,Speaker/mic not working,Resolved,12
WC004432,CUST009942,P0403,ST0038,2023-05-14,2023-11-30,Camera not focusing,Resolved,12
WC004985,CUST015845,P0394,ST0001,2022-12-24,2023-11-30,Overheating during use,Resolved,12
WC005774,CUST008017,P0249,ST0060,2023-11-12,2023-11-30,Charging port not working,Resolved,12
WC005994,CUST012333,P0148,ST0004,2023-11-02,2023-11-30,Charging port not working,In Progress,12
WC000528,CUST040089,P0282,ST0017,2023-03-28,2023-12-01,Speaker/mic not working,In Progress,12
WC001849,CUST009345,P0518,ST0014,2023-09-14,2023-12-01,Charging port not working,Resolved,12
WC003914,CUST026000,P0484,ST0033,2023-05-06,2023-12-01,Overheating during use,Replaced,12
WC004503,CUST035890,P0032,ST0058,2023-09-10,2023-12-01,Network/SIM issue,Resolved,12
WC005169,CUST021302,P0314,ST0002,2023-05-18,2023-12-01,Water damage,Rejected - Out of Warranty,12
WC000294,CUST023648,P0332,ST0031,2023-08-30,2023-12-02,Speaker/mic not working,Resolved,12
WC000424,CUST022828,P0100,ST0005,2023-10-06,2023-12-02,Overheating during use,Resolved,12
WC002236,CUST002507,P0013,ST0040,2023-02-25,2023-12-02,Overheating during use,Pending Pickup,12
WC003112,CUST010600,P0279,ST0035,2023-10-13,2023-12-02,Network/SIM issue,In Progress,12
WC003132,CUST040712,P0254,ST0046,2023-10-14,2023-12-02,Camera not focusing,Replaced,12
WC005353,CUST004502,P0508,ST0022,2023-10-26,2023-12-02,Physical damage - screen crack,Rejected - Out of Warranty,12
WC000636,CUST031036,P0396,ST0048,2023-01-11,2023-12-03,Software update issue,Resolved,12
WC000981,CUST017841,P0324,ST0033,2023-02-28,2023-12-03,Charging port not working,In Progress,12
WC001208,CUST036118,P0420,ST0030,2023-08-14,2023-12-03,Speaker/mic not working,Pending Pickup,12
WC001400,CUST040846,P0244,ST0038,2023-01-20,2023-12-03,Network/SIM issue,Pending Pickup,12
WC002531,CUST034963,P0462,ST0041,2022-09-14,2023-12-03,Speaker/mic not working,In Progress,24
WC004252,CUST036339,P0261,ST0029,2023-04-16,2023-12-03,Overheating during use,In Progress,12
WC004331,CUST033545,P0288,ST0015,2023-06-24,2023-12-03,Speaker/mic not working,Resolved,12
WC001060,CUST002813,P0073,ST0057,2023-01-08,2023-12-04,Screen flickering,Pending Pickup,12
WC001301,CUST037485,P0293,ST0057,2022-08-12,2023-12-04,Overheating during use,Resolved,24
WC002203,CUST035862,P0429,ST0028,2023-05-31,2023-12-04,Speaker/mic not working,Pending Pickup,12
WC003029,CUST000889,P0411,ST0012,2023-02-14,2023-12-04,Physical damage - screen crack,Rejected - Out of Warranty,12
WC000107,CUST039525,P0373,ST0035,2023-06-18,2023-12-05,Physical damage - screen crack,Replaced,12
WC002493,CUST004490,P0285,ST0029,2023-08-12,2023-12-05,Speaker/mic not working,Replaced,12
WC003743,CUST002315,P0455,ST0035,2023-09-03,2023-12-05,Camera not focusing,Resolved,12
WC004126,CUST031447,P0465,ST0026,2023-05-05,2023-12-05,Speaker/mic not working,In Progress,12
WC005114,CUST004162,P0142,ST0006,2023-04-29,2023-12-05,Camera not focusing,Resolved,12
WC001561,CUST006577,P0477,ST0018,2023-07-03,2023-12-06,Battery draining fast,In Progress,12
WC001721,CUST020766,P0420,ST0014,2023-06-14,2023-12-06,Camera not focusing,Replaced,12
WC002007,CUST047855,P0002,ST0038,2023-04-18,2023-12-06,Network/SIM issue,Resolved,12
WC002136,CUST000241,P0454,ST0051,2023-06-03,2023-12-06,Water damage,Replaced,12
WC002173,CUST044110,P0131,ST0037,2023-07-08,2023-12-06,Screen flickering,Resolved,12
WC005000,CUST009920,P0315,ST0008,2023-11-01,2023-12-06,Speaker/mic not working,Resolved,12
WC000068,CUST001336,P0024,ST0050,2023-09-21,2023-12-07,Physical damage - screen crack,Replaced,12
WC002192,CUST018284,P0599,ST0028,2023-07-20,2023-12-07,Physical damage - screen crack,Resolved,12
WC002645,CUST005579,P0051,ST0050,2023-01-28,2023-12-07,Overheating during use,Resolved,12
WC003096,CUST006053,P0529,ST0054,2023-01-04,2023-12-07,Camera not focusing,Pending Pickup,12
WC004321,CUST049392,P0438,ST0046,2023-11-01,2023-12-07,Camera not focusing,Pending Pickup,12
WC004735,CUST045324,P0348,ST0022,2023-08-11,2023-12-07,Network/SIM issue,Resolved,12
WC004866,CUST018586,P0191,ST0051,2023-10-24,2023-12-07,Speaker/mic not working,Resolved,12
WC005358,CUST048759,P0077,ST0015,2023-09-24,2023-12-07,Screen flickering,Resolved,12
WC005715,CUST045294,P0048,ST0037,2023-05-23,2023-12-07,Charging port not working,Rejected - Out of Warranty,12
WC000947,CUST010762,P0398,ST0038,2023-01-07,2023-12-08,Water damage,In Progress,12
WC002246,CUST003224,P0123,ST0015,2022-06-29,2023-12-08,Battery draining fast,Rejected - Out of Warranty,24
WC002603,CUST021006,P0505,ST0060,2023-04-13,2023-12-08,Software update issue,Resolved,12
WC003176,CUST023404,P0381,ST0031,2022-12-21,2023-12-08,Camera not focusing,Resolved,12
WC003698,CUST045065,P0573,ST0023,2023-09-02,2023-12-08,Physical damage - screen crack,Replaced,12
WC001168,CUST001284,P0272,ST0053,2023-04-11,2023-12-09,Software update issue,Resolved,12
WC002078,CUST042591,P0409,ST0051,2023-03-13,2023-12-09,Battery draining fast,Resolved,12
WC002268,CUST018246,P0165,ST0023,2023-01-10,2023-12-09,Speaker/mic not working,Replaced,12
WC002740,CUST025326,P0203,ST0039,2023-03-26,2023-12-09,Charging port not working,In Progress,12
WC002892,CUST018375,P0403,ST0027,2023-01-26,2023-12-09,Water damage,Resolved,12
WC003695,CUST036626,P0344,ST0031,2023-06-28,2023-12-09,Overheating during use,Replaced,12
WC004009,CUST043974,P0320,ST0047,2023-04-20,2023-12-09,Charging port not working,Resolved,12
WC004754,CUST024574,P0353,ST0058,2023-05-08,2023-12-09,Screen flickering,Replaced,12
WC005086,CUST033062,P0520,ST0029,2023-10-05,2023-12-09,Screen flickering,Replaced,12
WC005506,CUST032431,P0217,ST0023,2023-02-28,2023-12-09,Water damage,Pending Pickup,12
WC005843,CUST043164,P0389,ST0041,2022-02-02,2023-12-09,Charging port not working,Resolved,24
WC001326,CUST005278,P0014,ST0047,2023-01-13,2023-12-10,Screen flickering,Resolved,12
WC002177,CUST040808,P0270,ST0053,2023-03-03,2023-12-10,Software update issue,Resolved,12
WC002186,CUST025436,P0270,ST0003,2023-05-10,2023-12-10,Battery draining fast,In Progress,12
WC003921,CUST012240,P0380,ST0020,2023-04-30,2023-12-10,Software update issue,Replaced,12
WC005479,CUST021752,P0238,ST0028,2023-06-02,2023-12-10,Charging port not working,Resolved,12
WC000696,CUST036085,P0235,ST0024,2023-08-02,2023-12-11,Charging port not working,Rejected - Out of Warranty,12
WC002221,CUST030190,P0164,ST0025,2023-02-04,2023-12-11,Water damage,Rejected - Out of Warranty,12
WC002226,CUST028624,P0523,ST0054,2023-08-09,2023-12-11,Physical damage - screen crack,Resolved,12
WC002836,CUST020413,P0055,ST0026,2023-03-05,2023-12-11,Software update issue,Resolved,12
WC003387,CUST035179,P0559,ST0016,2023-03-01,2023-12-11,Charging port not working,Replaced,24
WC003438,CUST006218,P0388,ST0041,2022-05-01,2023-12-11,Water damage,Pending Pickup,24
WC003834,CUST048993,P0335,ST0022,2023-10-12,2023-12-11,Charging port not working,Replaced,12
WC005510,CUST024116,P0536,ST0008,2023-08-29,2023-12-11,Screen flickering,Resolved,12
WC001476,CUST047234,P0046,ST0038,2023-09-04,2023-12-12,Charging port not working,In Progress,12
WC004399,CUST032911,P0193,ST0009,2023-09-22,2023-12-12,Water damage,In Progress,12
WC004534,CUST018727,P0134,ST0031,2023-02-25,2023-12-12,Water damage,Resolved,12
WC004921,CUST011180,P0276,ST0016,2022-12-02,2023-12-12,Charging port not working,Rejected - Out of Warranty,24
WC005017,CUST018507,P0183,ST0057,2023-08-15,2023-12-12,Battery draining fast,Resolved,12
WC005717,CUST004458,P0170,ST0056,2023-05-29,2023-12-12,Overheating during use,Resolved,12
WC005858,CUST032413,P0478,ST0025,2023-08-23,2023-12-12,Physical damage - screen crack,Pending Pickup,12
WC001000,CUST038780,P0250,ST0009,2023-12-07,2023-12-13,Network/SIM issue,Resolved,12
WC002356,CUST020231,P0314,ST0047,2023-10-18,2023-12-13,Overheating during use,Resolved,12
WC002455,CUST042735,P0569,ST0056,2023-01-25,2023-12-13,Overheating during use,Resolved,12
WC004367,CUST025913,P0491,ST0036,2023-04-10,2023-12-13,Overheating during use,In Progress,12
WC001283,CUST042037,P0268,ST0014,2023-03-10,2023-12-14,Overheating during use,Replaced,12
WC001864,CUST034308,P0346,ST0060,2023-02-28,2023-12-14,Speaker/mic not working,In Progress,12
WC001984,CUST008553,P0127,ST0031,2023-05-08,2023-12-14,Screen flickering,Rejected - Out of Warranty,12
WC002882,CUST027236,P0537,ST0020,2023-03-21,2023-12-14,Speaker/mic not working,Replaced,12
WC003000,CUST046937,P0266,ST0017,2023-01-27,2023-12-14,Charging port not working,In Progress,12
WC004155,CUST031763,P0560,ST0004,2023-12-09,2023-12-14,Software update issue,Resolved,12
WC005073,CUST013817,P0044,ST0023,2023-03-25,2023-12-14,Physical damage - screen crack,Pending Pickup,12
WC005240,CUST002735,P0160,ST0005,2023-03-03,2023-12-14,Screen flickering,In Progress,12
WC005465,CUST003833,P0416,ST0030,2023-07-13,2023-12-14,Network/SIM issue,Resolved,12
WC005608,CUST021008,P0430,ST0050,2023-09-27,2023-12-14,Software update issue,In Progress,12
WC005798,CUST040145,P0552,ST0031,2023-10-28,2023-12-14,Camera not focusing,Resolved,12
WC000346,CUST026881,P0085,ST0019,2023-01-31,2023-12-15,Speaker/mic not working,Replaced,12
WC002405,CUST044788,P0071,ST0002,2023-06-13,2023-12-15,Physical damage - screen crack,Resolved,12
WC004230,CUST020412,P0522,ST0027,2023-08-30,2023-12-15,Battery draining fast,Rejected - Out of Warranty,12
WC000173,CUST043284,P0305,ST0025,2023-07-23,2023-12-16,Screen flickering,Resolved,12
WC000874,CUST014431,P0228,ST0012,2023-02-02,2023-12-16,Network/SIM issue,In Progress,12
WC000964,CUST045773,P0093,ST0044,2023-01-29,2023-12-16,Camera not focusing,In Progress,12
WC001978,CUST024030,P0479,ST0018,2023-04-04,2023-12-16,Physical damage - screen crack,Resolved,12
WC003929,CUST018383,P0577,ST0058,2023-08-27,2023-12-16,Screen flickering,Resolved,12
WC004223,CUST008716,P0550,ST0007,2023-08-26,2023-12-16,Software update issue,Replaced,12
WC004512,CUST043080,P0109,ST0050,2023-01-26,2023-12-16,Screen flickering,In Progress,12
WC001453,CUST009227,P0314,ST0046,2023-09-05,2023-12-17,Speaker/mic not working,Pending Pickup,12
WC001870,CUST018984,P0304,ST0060,2023-09-23,2023-12-17,Overheating during use,Resolved,12
WC003912,CUST043843,P0070,ST0046,2023-03-20,2023-12-17,Water damage,Rejected - Out of Warranty,12
WC004110,CUST023146,P0330,ST0053,2023-10-12,2023-12-17,Charging port not working,Replaced,12
WC004458,CUST003939,P0473,ST0004,2023-03-13,2023-12-17,Overheating during use,Resolved,12
WC001528,CUST004689,P0549,ST0053,2023-10-29,2023-12-18,Overheating during use,In Progress,12
WC002374,CUST027181,P0161,ST0028,2023-02-15,2023-12-18,Battery draining fast,Replaced,12
WC003609,CUST019332,P0448,ST0011,2022-10-20,2023-12-18,Battery draining fast,Replaced,24
WC004073,CUST048927,P0305,ST0042,2023-04-22,2023-12-18,Speaker/mic not working,Pending Pickup,12
WC004173,CUST026929,P0030,ST0053,2023-07-09,2023-12-18,Charging port not working,Resolved,24
WC001147,CUST030393,P0522,ST0030,2023-04-03,2023-12-19,Camera not focusing,In Progress,12
WC002901,CUST005492,P0084,ST0016,2023-09-10,2023-12-19,Speaker/mic not working,In Progress,12
WC003018,CUST036291,P0535,ST0027,2023-06-06,2023-12-19,Water damage,Resolved,12
WC003775,CUST049894,P0209,ST0060,2023-05-13,2023-12-19,Physical damage - screen crack,In Progress,12
WC004782,CUST048068,P0063,ST0034,2023-01-18,2023-12-19,Screen flickering,Resolved,12
WC005272,CUST042111,P0044,ST0001,2023-07-29,2023-12-19,Camera not focusing,Pending Pickup,12
WC001346,CUST003545,P0071,ST0020,2023-08-21,2023-12-20,Charging port not working,Replaced,12
WC001415,CUST027542,P0161,ST0018,2023-04-05,2023-12-20,Screen flickering,Resolved,12
WC002380,CUST035551,P0285,ST0041,2023-01-17,2023-12-20,Screen flickering,Rejected - Out of Warranty,12
WC003964,CUST027681,P0557,ST0016,2023-03-15,2023-12-20,Battery draining fast,Resolved,12
WC004037,CUST006821,P0569,ST0036,2023-08-13,2023-12-20,Camera not focusing,Replaced,12
WC005392,CUST048601,P0206,ST0058,2023-01-24,2023-12-20,Overheating during use,Rejected - Out of Warranty,12
WC000070,CUST049635,P0548,ST0009,2023-09-27,2023-12-21,Physical damage - screen crack,Resolved,12
WC003156,CUST028165,P0561,ST0034,2023-05-31,2023-12-21,Camera not focusing,Resolved,12
WC004021,CUST006054,P0061,ST0051,2023-06-07,2023-12-21,Network/SIM issue,Resolved,12
WC004058,CUST041193,P0434,ST0037,2023-02-25,2023-12-21,Charging port not working,Resolved,12
WC004965,CUST036182,P0150,ST0012,2023-04-22,2023-12-21,Battery draining fast,Resolved,12
WC005159,CUST011368,P0035,ST0042,2023-06-24,2023-12-21,Charging port not working,Replaced,12
WC005601,CUST015050,P0144,ST0027,2023-10-28,2023-12-21,Charging port not working,Resolved,12
WC000557,CUST037711,P0047,ST0032,2023-01-03,2023-12-22,Screen flickering,Resolved,12
WC000212,CUST010834,P0331,ST0030,2023-04-23,2023-12-23,Physical damage - screen crack,Replaced,12
WC002063,CUST009387,P0498,ST0001,2023-01-25,2023-12-23,Battery draining fast,Resolved,12
WC002159,CUST002135,P0005,ST0029,2023-01-17,2023-12-23,Speaker/mic not working,In Progress,24
WC003357,CUST048792,P0554,ST0053,2023-06-16,2023-12-23,Speaker/mic not working,Resolved,12
WC005252,CUST023850,P0598,ST0037,2023-11-21,2023-12-23,Software update issue,Resolved,12
WC000221,CUST016518,P0258,ST0030,2023-11-24,2023-12-24,Camera not focusing,Resolved,12
WC001209,CUST035835,P0448,ST0025,2022-07-06,2023-12-24,Charging port not working,In Progress,24
WC001286,CUST049337,P0229,ST0024,2023-10-05,2023-12-24,Camera not focusing,Pending Pickup,12
WC001352,CUST024709,P0163,ST0050,2023-11-30,2023-12-24,Software update issue,Pending Pickup,24
WC003540,CUST030173,P0128,ST0035,2023-09-21,2023-12-24,Overheating during use,Resolved,12
WC003860,CUST026645,P0424,ST0045,2023-02-16,2023-12-24,Physical damage - screen crack,Resolved,12
WC005078,CUST038793,P0040,ST0030,2023-12-18,2023-12-24,Overheating during use,In Progress,12
WC000697,CUST022630,P0081,ST0035,2022-08-03,2023-12-25,Battery draining fast,Resolved,24
WC001189,CUST011938,P0200,ST0038,2023-02-14,2023-12-25,Camera not focusing,In Progress,24
WC002594,CUST004975,P0546,ST0001,2023-02-18,2023-12-25,Screen flickering,Replaced,12
WC004220,CUST003261,P0461,ST0029,2022-03-13,2023-12-25,Water damage,Rejected - Out of Warranty,24
WC005359,CUST048679,P0529,ST0052,2023-01-18,2023-12-25,Charging port not working,Resolved,12
WC001987,CUST016368,P0525,ST0050,2023-02-11,2023-12-26,Screen flickering,Rejected - Out of Warranty,24
WC004258,CUST018212,P0064,ST0001,2023-04-01,2023-12-26,Network/SIM issue,Replaced,12
WC005223,CUST049049,P0516,ST0006,2023-04-15,2023-12-26,Water damage,Resolved,12
WC005459,CUST005616,P0512,ST0025,2023-11-01,2023-12-26,Water damage,Rejected - Out of Warranty,12
WC005981,CUST031419,P0470,ST0019,2023-06-18,2023-12-26,Charging port not working,In Progress,12
WC002189,CUST010943,P0353,ST0049,2023-06-04,2023-12-27,Water damage,Replaced,12
WC002500,CUST008301,P0387,ST0030,2023-03-04,2023-12-27,Screen flickering,Pending Pickup,12
WC003718,CUST042404,P0018,ST0027,2023-02-09,2023-12-27,Overheating during use,In Progress,12
WC004387,CUST017161,P0341,ST0046,2023-04-06,2023-12-27,Network/SIM issue,Pending Pickup,12
WC004908,CUST023423,P0094,ST0053,2023-09-06,2023-12-27,Software update issue,Pending Pickup,12
WC005468,CUST017524,P0237,ST0019,2023-12-24,2023-12-27,Screen flickering,Rejected - Out of Warranty,12
WC005800,CUST038199,P0487,ST0036,2023-05-29,2023-12-27,Water damage,Replaced,12
WC000417,CUST049086,P0040,ST0060,2023-06-14,2023-12-28,Battery draining fast,Resolved,12
WC000555,CUST035031,P0399,ST0045,2023-09-12,2023-12-28,Software update issue,Replaced,12
WC003668,CUST011790,P0002,ST0046,2023-07-01,2023-12-28,Camera not focusing,Pending Pickup,12
WC005549,CUST047006,P0472,ST0041,2022-08-23,2023-12-28,Overheating during use,Replaced,24
WC005937,CUST021339,P0078,ST0031,2023-06-04,2023-12-28,Charging port not working,Resolved,12
WC001688,CUST037593,P0127,ST0017,2023-01-09,2023-12-29,Camera not focusing,Resolved,12
WC004300,CUST006768,P0059,ST0019,2023-12-06,2023-12-29,Network/SIM issue,Resolved,12
WC000413,CUST026119,P0257,ST0026,2023-05-05,2023-12-30,Battery draining fast,Pending Pickup,12
WC000906,CUST038555,P0494,ST0037,2023-12-08,2023-12-30,Camera not focusing,Resolved,12
WC001214,CUST037354,P0412,ST0047,2023-08-27,2023-12-30,Software update issue,Replaced,12
WC001797,CUST033934,P0140,ST0029,2023-08-25,2023-12-30,Overheating during use,Replaced,12
WC002393,CUST027101,P0502,ST0056,2023-11-30,2023-12-30,Camera not focusing,In Progress,12
WC002521,CUST006316,P0457,ST0037,2023-03-28,2023-12-30,Camera not focusing,Rejected - Out of Warranty,12
WC003098,CUST034029,P0216,ST0058,2023-11-05,2023-12-30,Software update issue,Resolved,12
WC004375,CUST003432,P0570,ST0032,2023-01-14,2023-12-30,Network/SIM issue,Rejected - Out of Warranty,12
WC004709,CUST036596,P0300,ST0032,2023-02-01,2023-12-30,Screen flickering,Resolved,12
WC004872,CUST001111,P0042,ST0043,2023-05-20,2023-12-30,Overheating during use,Resolved,12
WC005615,CUST036243,P0269,ST0033,2023-08-26,2023-12-30,Battery draining fast,Pending Pickup,12
WC000861,CUST040111,P0178,ST0034,2022-03-13,2023-12-31,Battery draining fast,Resolved,24
WC003165,CUST049765,P0127,ST0058,2023-06-26,2023-12-31,Software update issue,Resolved,12
WC003546,CUST019704,P0529,ST0001,2023-08-27,2023-12-31,Screen flickering,In Progress,12
WC004647,CUST006043,P0024,ST0048,2023-01-11,2023-12-31,Water damage,In Progress,12
WC005686,CUST026522,P0320,ST0045,2023-04-19,2023-12-31,Charging port not working,Resolved,12
WC005769,CUST046421,P0196,ST0052,2023-04-04,2023-12-31,Overheating during use,Rejected - Out of Warranty,12
WC002805,CUST049247,P0214,ST0008,2023-09-13,2024-01-01,Charging port not working,Rejected - Out of Warranty,12
WC003312,CUST049937,P0402,ST0020,2023-03-13,2024-01-01,Screen flickering,Rejected - Out of Warranty,12
WC003321,CUST031063,P0073,ST0006,2023-12-31,2024-01-01,Overheating during use,Replaced,12
WC005949,CUST000611,P0361,ST0016,2023-03-03,2024-01-01,Screen flickering,Resolved,12
WC001004,CUST034858,P0263,ST0008,2023-03-08,2024-01-02,Water damage,Pending Pickup,24
WC001590,CUST002143,P0129,ST0052,2023-12-15,2024-01-02,Network/SIM issue,Resolved,12
WC003828,CUST040284,P0248,ST0053,2023-02-10,2024-01-02,Battery draining fast,Resolved,12
WC004026,CUST035587,P0444,ST0009,2023-10-04,2024-01-02,Screen flickering,Pending Pickup,12
WC004119,CUST045453,P0157,ST0043,2023-01-27,2024-01-02,Network/SIM issue,Pending Pickup,12
WC004476,CUST014932,P0138,ST0023,2023-10-26,2024-01-02,Screen flickering,Resolved,12
WC004929,CUST004646,P0084,ST0015,2023-08-21,2024-01-02,Physical damage - screen crack,Resolved,12
WC005662,CUST012574,P0251,ST0051,2023-06-07,2024-01-02,Charging port not working,Replaced,12
WC000143,CUST021485,P0187,ST0033,2023-02-16,2024-01-03,Software update issue,Resolved,12
WC000969,CUST008104,P0229,ST0028,2023-10-06,2024-01-03,Software update issue,In Progress,12
WC001537,CUST021404,P0085,ST0024,2023-11-28,2024-01-03,Water damage,Resolved,12
WC001680,CUST039018,P0533,ST0035,2023-09-17,2024-01-03,Overheating during use,Pending Pickup,12
WC002400,CUST005469,P0502,ST0036,2023-06-06,2024-01-03,Software update issue,Resolved,12
WC002496,CUST014168,P0028,ST0053,2023-04-16,2024-01-03,Speaker/mic not working,In Progress,12
WC002708,CUST027271,P0567,ST0021,2023-09-16,2024-01-03,Water damage,Resolved,12
WC004345,CUST047422,P0356,ST0033,2023-09-12,2024-01-03,Water damage,Pending Pickup,12
WC005556,CUST010313,P0561,ST0016,2023-07-23,2024-01-03,Physical damage - screen crack,Replaced,12
WC000832,CUST022032,P0350,ST0049,2023-05-09,2024-01-04,Network/SIM issue,In Progress,12
WC004306,CUST035182,P0444,ST0014,2023-12-21,2024-01-04,Screen flickering,Resolved,12
WC005783,CUST019078,P0157,ST0037,2023-02-22,2024-01-04,Speaker/mic not working,In Progress,12
WC000457,CUST008912,P0582,ST0048,2023-08-05,2024-01-05,Software update issue,Resolved,24
WC001171,CUST048713,P0277,ST0006,2023-05-24,2024-01-05,Overheating during use,Replaced,12
WC002094,CUST012540,P0385,ST0019,2023-02-15,2024-01-05,Speaker/mic not working,In Progress,12
WC002922,CUST002405,P0327,ST0021,2023-07-26,2024-01-05,Speaker/mic not working,Resolved,12
WC003146,CUST005546,P0489,ST0020,2022-06-18,2024-01-05,Screen flickering,Replaced,24
WC005084,CUST040586,P0281,ST0040,2023-03-10,2024-01-05,Battery draining fast,In Progress,12
WC005257,CUST032897,P0191,ST0021,2023-07-17,2024-01-05,Screen flickering,Resolved,12
WC000533,CUST045740,P0130,ST0057,2023-12-18,2024-01-06,Software update issue,Rejected - Out of Warranty,12
WC001600,CUST034253,P0048,ST0026,2023-05-06,2024-01-06,Water damage,In Progress,12
WC001856,CUST033295,P0029,ST0005,2023-11-22,2024-01-06,Network/SIM issue,Resolved,24
WC003579,CUST034770,P0550,ST0047,2023-07-27,2024-01-06,Physical damage - screen crack,Resolved,12
WC003719,CUST045833,P0471,ST0032,2023-05-05,2024-01-06,Water damage,Pending Pickup,12
WC005085,CUST020272,P0594,ST0033,2023-10-13,2024-01-06,Overheating during use,Rejected - Out of Warranty,12
WC003108,CUST038835,P0459,ST0013,2023-11-17,2024-01-07,Speaker/mic not working,Resolved,12
WC003181,CUST016083,P0517,ST0051,2023-04-25,2024-01-07,Physical damage - screen crack,Resolved,12
WC003932,CUST011665,P0182,ST0048,2023-10-08,2024-01-07,Network/SIM issue,Pending Pickup,12
WC005894,CUST015499,P0408,ST0013,2023-06-02,2024-01-07,Software update issue,Replaced,12
WC005453,CUST000064,P0430,ST0036,2023-11-23,2024-01-08,Physical damage - screen crack,Resolved,12
WC005520,CUST012066,P0291,ST0021,2023-06-29,2024-01-08,Water damage,Pending Pickup,12
WC005975,CUST018327,P0007,ST0032,2023-02-27,2024-01-08,Charging port not working,Pending Pickup,12
WC002561,CUST027982,P0137,ST0009,2023-10-10,2024-01-09,Network/SIM issue,Resolved,12
WC003652,CUST045209,P0100,ST0042,2023-09-16,2024-01-09,Charging port not working,In Progress,12
WC004759,CUST017376,P0581,ST0045,2023-04-09,2024-01-09,Water damage,Resolved,12
WC005025,CUST003508,P0488,ST0014,2023-08-23,2024-01-09,Camera not focusing,Resolved,12
WC005051,CUST007330,P0093,ST0060,2023-11-25,2024-01-09,Physical damage - screen crack,Replaced,12
WC005930,CUST005065,P0383,ST0012,2023-07-11,2024-01-09,Overheating during use,In Progress,24
WC000003,CUST041845,P0100,ST0033,2023-07-04,2024-01-10,Screen flickering,Rejected - Out of Warranty,12
WC000863,CUST039096,P0501,ST0027,2023-09-24,2024-01-10,Overheating during use,Resolved,12
WC001413,CUST049992,P0335,ST0041,2023-06-19,2024-01-10,Water damage,Resolved,12
WC001447,CUST008373,P0260,ST0013,2023-10-27,2024-01-10,Battery draining fast,Resolved,12
WC003764,CUST002890,P0486,ST0018,2022-04-01,2024-01-10,Speaker/mic not working,Resolved,24
WC000889,CUST001812,P0448,ST0041,2022-06-23,2024-01-11,Battery draining fast,In Progress,24
WC000913,CUST002076,P0079,ST0029,2023-02-12,2024-01-11,Network/SIM issue,Resolved,24
WC003592,CUST036486,P0014,ST0032,2024-01-07,2024-01-11,Screen flickering,Replaced,12
WC003745,CUST003324,P0015,ST0057,2023-07-27,2024-01-11,Charging port not working,In Progress,12
WC003851,CUST016964,P0585,ST0049,2023-06-23,2024-01-11,Charging port not working,In Progress,12
WC004343,CUST038288,P0507,ST0046,2023-03-02,2024-01-11,Network/SIM issue,Replaced,12
WC004865,CUST047235,P0203,ST0018,2023-11-13,2024-01-11,Screen flickering,Resolved,12
WC004639,CUST019208,P0051,ST0056,2023-06-29,2024-01-12,Physical damage - screen crack,Resolved,12
WC004836,CUST010029,P0084,ST0045,2023-08-15,2024-01-12,Battery draining fast,Pending Pickup,12
WC001278,CUST000370,P0153,ST0016,2023-06-06,2024-01-13,Speaker/mic not working,Resolved,12
WC001663,CUST004432,P0579,ST0012,2023-12-24,2024-01-13,Battery draining fast,Resolved,12
WC003440,CUST035901,P0452,ST0044,2022-03-17,2024-01-13,Software update issue,In Progress,24
WC003987,CUST037897,P0453,ST0031,2023-10-09,2024-01-13,Battery draining fast,Resolved,12
WC004221,CUST029232,P0037,ST0059,2023-12-27,2024-01-13,Screen flickering,Replaced,12
WC004467,CUST040216,P0065,ST0004,2023-02-26,2024-01-13,Network/SIM issue,Rejected - Out of Warranty,12
WC004981,CUST026063,P0204,ST0028,2023-11-01,2024-01-13,Speaker/mic not working,Pending Pickup,12
WC005652,CUST011924,P0141,ST0011,2023-10-28,2024-01-13,Physical damage - screen crack,Resolved,12
WC001228,CUST039352,P0306,ST0007,2024-01-01,2024-01-14,Physical damage - screen crack,Resolved,12
WC001270,CUST043699,P0291,ST0012,2023-03-11,2024-01-14,Charging port not working,In Progress,12
WC002821,CUST026228,P0259,ST0016,2023-11-16,2024-01-14,Screen flickering,Resolved,24
WC003870,CUST002590,P0554,ST0046,2023-01-30,2024-01-14,Physical damage - screen crack,Resolved,12
WC000124,CUST008975,P0392,ST0052,2023-08-29,2024-01-15,Physical damage - screen crack,Pending Pickup,12
WC001339,CUST018977,P0239,ST0025,2023-10-23,2024-01-15,Physical damage - screen crack,Pending Pickup,12
WC002441,CUST013803,P0050,ST0047,2023-09-30,2024-01-15,Screen flickering,Resolved,12
WC003661,CUST000484,P0551,ST0033,2023-01-23,2024-01-15,Camera not focusing,Resolved,12
WC005537,CUST015091,P0372,ST0019,2023-05-24,2024-01-15,Water damage,In Progress,12
WC000167,CUST042946,P0425,ST0012,2023-07-13,2024-01-16,Speaker/mic not working,Resolved,12
WC000880,CUST033115,P0301,ST0045,2023-03-19,2024-01-16,Network/SIM issue,Rejected - Out of Warranty,12
WC000887,CUST019181,P0147,ST0024,2023-06-09,2024-01-16,Physical damage - screen crack,Resolved,12
WC001397,CUST001859,P0466,ST0002,2023-04-22,2024-01-16,Overheating during use,Replaced,12
WC004087,CUST027895,P0214,ST0055,2023-07-24,2024-01-16,Camera not focusing,In Progress,12
WC004660,CUST044382,P0579,ST0054,2023-08-27,2024-01-16,Screen flickering,Pending Pickup,12
WC005668,CUST023460,P0233,ST0047,2023-02-20,2024-01-16,Camera not focusing,In Progress,12
WC000897,CUST016631,P0270,ST0058,2023-05-30,2024-01-17,Battery draining fast,Resolved,12
WC001622,CUST007367,P0340,ST0010,2023-03-11,2024-01-17,Camera not focusing,Replaced,12
WC002778,CUST023790,P0487,ST0006,2023-08-26,2024-01-17,Camera not focusing,Resolved,12
WC003016,CUST036360,P0567,ST0013,2024-01-01,2024-01-17,Overheating during use,Resolved,12
WC003576,CUST048823,P0175,ST0055,2023-06-09,2024-01-17,Physical damage - screen crack,Resolved,12
WC003956,CUST017495,P0014,ST0008,2023-06-09,2024-01-17,Screen flickering,Replaced,12
WC004169,CUST016511,P0087,ST0054,2022-01-29,2024-01-17,Speaker/mic not working,Resolved,24
WC005010,CUST027333,P0454,ST0005,2023-12-16,2024-01-17,Water damage,Resolved,12
WC000229,CUST042471,P0018,ST0049,2023-05-14,2024-01-18,Water damage,Rejected - Out of Warranty,12
WC001071,CUST016447,P0404,ST0013,2023-07-20,2024-01-18,Water damage,Replaced,12
WC004005,CUST044190,P0576,ST0036,2023-08-15,2024-01-18,Network/SIM issue,Resolved,12
WC001100,CUST041471,P0090,ST0019,2023-02-11,2024-01-19,Network/SIM issue,Resolved,12
WC001438,CUST033123,P0305,ST0016,2023-07-26,2024-01-19,Screen flickering,Replaced,12
WC005033,CUST000511,P0522,ST0017,2024-01-10,2024-01-19,Speaker/mic not working,Resolved,12
WC000978,CUST013372,P0017,ST0014,2023-06-03,2024-01-20,Camera not focusing,Resolved,12
WC001150,CUST037557,P0307,ST0052,2023-03-13,2024-01-20,Speaker/mic not working,Resolved,12
WC002811,CUST014515,P0465,ST0026,2023-08-16,2024-01-20,Battery draining fast,In Progress,12
WC005267,CUST047973,P0591,ST0020,2023-09-18,2024-01-20,Water damage,In Progress,12
WC005875,CUST040218,P0400,ST0036,2023-04-05,2024-01-20,Speaker/mic not working,Pending Pickup,12
WC000218,CUST016678,P0214,ST0004,2023-04-04,2024-01-21,Charging port not working,Resolved,12
WC000310,CUST030503,P0398,ST0048,2023-01-27,2024-01-21,Water damage,Pending Pickup,12
WC000700,CUST045902,P0085,ST0051,2023-02-12,2024-01-21,Overheating during use,In Progress,12
WC002257,CUST030061,P0110,ST0004,2023-09-17,2024-01-21,Water damage,Resolved,12
WC002643,CUST046569,P0416,ST0021,2023-03-26,2024-01-21,Speaker/mic not working,Resolved,12
WC003082,CUST043344,P0243,ST0056,2024-01-14,2024-01-21,Overheating during use,In Progress,12
WC004395,CUST014821,P0556,ST0012,2023-04-19,2024-01-21,Speaker/mic not working,Pending Pickup,12
WC005315,CUST012063,P0315,ST0024,2023-12-30,2024-01-21,Speaker/mic not working,Resolved,12
WC000006,CUST010610,P0352,ST0010,2023-03-11,2024-01-22,Network/SIM issue,Resolved,12
WC001356,CUST003287,P0318,ST0011,2023-10-31,2024-01-22,Speaker/mic not working,Resolved,12
WC001719,CUST020160,P0325,ST0033,2022-10-21,2024-01-22,Battery draining fast,In Progress,24
WC003291,CUST042005,P0118,ST0042,2023-10-24,2024-01-22,Battery draining fast,Resolved,12
WC005869,CUST009512,P0221,ST0060,2023-11-24,2024-01-22,Overheating during use,Resolved,12
WC003136,CUST040140,P0076,ST0005,2023-10-23,2024-01-23,Physical damage - screen crack,In Progress,12
WC003621,CUST009772,P0338,ST0047,2023-12-05,2024-01-23,Screen flickering,Replaced,12
WC004448,CUST038310,P0189,ST0033,2023-04-15,2024-01-23,Charging port not working,In Progress,12
WC004027,CUST044533,P0261,ST0004,2023-08-10,2024-01-24,Battery draining fast,Resolved,12
WC004057,CUST028546,P0491,ST0011,2023-02-19,2024-01-24,Overheating during use,In Progress,12
WC004443,CUST013430,P0472,ST0036,2022-07-06,2024-01-24,Physical damage - screen crack,Pending Pickup,24
WC005509,CUST036156,P0245,ST0006,2023-02-10,2024-01-24,Overheating during use,Resolved,12
WC000241,CUST015727,P0342,ST0022,2023-05-21,2024-01-25,Screen flickering,Resolved,12
WC000300,CUST019598,P0211,ST0040,2023-08-02,2024-01-25,Camera not focusing,Resolved,12
WC000425,CUST015760,P0566,ST0053,2023-09-25,2024-01-25,Software update issue,Resolved,12
WC001895,CUST047801,P0202,ST0022,2023-10-01,2024-01-25,Overheating during use,Resolved,12
WC002035,CUST005674,P0222,ST0017,2023-06-29,2024-01-25,Software update issue,Resolved,12
WC002497,CUST011489,P0105,ST0007,2023-12-31,2024-01-25,Physical damage - screen crack,In Progress,12
WC003173,CUST040839,P0050,ST0057,2023-05-19,2024-01-25,Speaker/mic not working,Resolved,12
WC003669,CUST027343,P0530,ST0002,2024-01-14,2024-01-25,Network/SIM issue,Pending Pickup,12
WC005219,CUST032055,P0075,ST0049,2023-08-24,2024-01-25,Battery draining fast,Resolved,12
WC005609,CUST041937,P0344,ST0008,2024-01-15,2024-01-25,Speaker/mic not working,Resolved,12
WC005622,CUST028938,P0389,ST0011,2023-07-09,2024-01-25,Water damage,Resolved,24
WC005737,CUST024476,P0311,ST0015,2023-06-02,2024-01-25,Software update issue,Replaced,12
WC000716,CUST024852,P0244,ST0057,2023-10-15,2024-01-26,Battery draining fast,Rejected - Out of Warranty,12
WC001809,CUST020163,P0374,ST0004,2023-10-21,2024-01-26,Software update issue,Pending Pickup,12
WC002300,CUST042372,P0530,ST0049,2023-09-29,2024-01-26,Charging port not working,Replaced,12
WC002742,CUST025341,P0218,ST0040,2023-06-11,2024-01-26,Physical damage - screen crack,Rejected - Out of Warranty,12
WC004805,CUST023100,P0332,ST0038,2023-09-25,2024-01-26,Camera not focusing,In Progress,12
WC000088,CUST046837,P0518,ST0037,2023-06-10,2024-01-27,Network/SIM issue,Replaced,12
WC001280,CUST041506,P0443,ST0021,2023-12-02,2024-01-27,Screen flickering,In Progress,12
WC001645,CUST020417,P0193,ST0036,2023-07-22,2024-01-27,Battery draining fast,In Progress,12
WC002845,CUST037329,P0043,ST0011,2023-08-07,2024-01-27,Water damage,Resolved,12
WC003693,CUST038766,P0216,ST0020,2024-01-11,2024-01-27,Overheating during use,Replaced,12
WC005006,CUST025766,P0373,ST0035,2023-04-03,2024-01-27,Physical damage - screen crack,In Progress,12
WC001047,CUST005560,P0465,ST0060,2023-03-16,2024-01-28,Software update issue,Resolved,12
WC001210,CUST035352,P0555,ST0031,2023-12-13,2024-01-28,Battery draining fast,In Progress,12
WC002021,CUST029461,P0595,ST0005,2023-07-21,2024-01-28,Screen flickering,Rejected - Out of Warranty,12
WC002262,CUST040648,P0268,ST0005,2023-10-26,2024-01-28,Network/SIM issue,In Progress,12
WC002547,CUST042877,P0545,ST0036,2023-05-01,2024-01-28,Camera not focusing,Replaced,12
WC003632,CUST044374,P0514,ST0035,2024-01-27,2024-01-28,Network/SIM issue,Rejected - Out of Warranty,12
WC004860,CUST001817,P0024,ST0030,2023-07-05,2024-01-28,Software update issue,Resolved,12
WC005394,CUST002932,P0554,ST0013,2023-04-14,2024-01-29,Water damage,Replaced,12
WC005507,CUST045461,P0353,ST0041,2023-03-29,2024-01-29,Overheating during use,Replaced,12
WC005824,CUST045502,P0119,ST0007,2023-06-27,2024-01-29,Charging port not working,Resolved,12
WC005969,CUST015089,P0310,ST0059,2024-01-20,2024-01-29,Battery draining fast,Resolved,12
WC000018,CUST024318,P0235,ST0016,2023-10-25,2024-01-30,Overheating during use,In Progress,12
WC002346,CUST010336,P0337,ST0036,2023-11-10,2024-01-30,Network/SIM issue,Rejected - Out of Warranty,12
WC005135,CUST000618,P0463,ST0052,2023-12-30,2024-01-30,Software update issue,Resolved,24
WC005346,CUST031847,P0267,ST0037,2023-04-01,2024-01-30,Software update issue,Rejected - Out of Warranty,12
WC001525,CUST008336,P0434,ST0012,2023-06-15,2024-01-31,Overheating during use,Resolved,12
WC002278,CUST046246,P0179,ST0048,2023-09-12,2024-01-31,Software update issue,Resolved,12
WC002924,CUST040705,P0360,ST0028,2023-02-12,2024-01-31,Charging port not working,Pending Pickup,12
WC003407,CUST045327,P0544,ST0007,2023-10-05,2024-01-31,Camera not focusing,Replaced,12
WC004017,CUST018582,P0056,ST0002,2023-08-04,2024-01-31,Water damage,Resolved,24
WC004904,CUST026609,P0449,ST0006,2023-03-13,2024-01-31,Network/SIM issue,Resolved,12
WC005745,CUST043823,P0589,ST0012,2023-12-23,2024-01-31,Charging port not working,Rejected - Out of Warranty,12
WC001496,CUST019956,P0174,ST0054,2023-07-05,2024-02-01,Speaker/mic not working,Resolved,12
WC002108,CUST033083,P0216,ST0034,2023-11-17,2024-02-01,Network/SIM issue,Pending Pickup,12
WC002797,CUST005984,P0528,ST0059,2022-12-03,2024-02-01,Water damage,In Progress,24
WC003030,CUST028656,P0510,ST0041,2023-10-16,2024-02-01,Camera not focusing,Replaced,12
WC003421,CUST025627,P0538,ST0012,2023-05-04,2024-02-01,Camera not focusing,Resolved,12
WC005426,CUST033278,P0274,ST0020,2023-06-15,2024-02-01,Charging port not working,Pending Pickup,12
WC000815,CUST012315,P0119,ST0031,2023-06-19,2024-02-02,Charging port not working,Pending Pickup,12
WC000828,CUST045354,P0566,ST0010,2023-05-21,2024-02-02,Battery draining fast,Rejected - Out of Warranty,12
WC001323,CUST011052,P0308,ST0004,2023-04-06,2024-02-02,Camera not focusing,Resolved,12
WC004211,CUST002092,P0149,ST0050,2023-11-30,2024-02-02,Camera not focusing,Replaced,12
WC004631,CUST021734,P0116,ST0053,2023-12-10,2024-02-02,Camera not focusing,Replaced,12
WC004780,CUST003306,P0266,ST0019,2023-04-18,2024-02-02,Software update issue,In Progress,12
WC005579,CUST047329,P0412,ST0046,2023-04-16,2024-02-02,Network/SIM issue,Pending Pickup,12
WC000587,CUST043516,P0186,ST0052,2023-06-18,2024-02-03,Network/SIM issue,Resolved,12
WC001010,CUST000894,P0586,ST0011,2023-10-28,2024-02-03,Speaker/mic not working,In Progress,12
WC001592,CUST025815,P0520,ST0012,2024-02-01,2024-02-03,Charging port not working,Replaced,12
WC003561,CUST015981,P0509,ST0006,2023-03-29,2024-02-03,Overheating during use,Resolved,24
WC003856,CUST009232,P0301,ST0005,2023-06-01,2024-02-03,Network/SIM issue,Replaced,12
WC003947,CUST045990,P0300,ST0029,2023-08-19,2024-02-03,Camera not focusing,In Progress,12
WC005206,CUST019977,P0317,ST0035,2023-10-06,2024-02-03,Water damage,Replaced,12
WC002005,CUST037325,P0095,ST0018,2023-08-17,2024-02-04,Screen flickering,Resolved,12
WC002967,CUST010093,P0540,ST0008,2023-04-27,2024-02-04,Physical damage - screen crack,In Progress,12
WC004855,CUST039045,P0520,ST0021,2023-07-05,2024-02-04,Screen flickering,Pending Pickup,12
WC005303,CUST039705,P0022,ST0030,2023-02-26,2024-02-04,Physical damage - screen crack,Pending Pickup,12
WC000510,CUST033266,P0579,ST0041,2023-05-30,2024-02-05,Overheating during use,Replaced,12
WC000583,CUST034459,P0132,ST0059,2024-01-25,2024-02-05,Camera not focusing,Resolved,12
WC000931,CUST029647,P0179,ST0010,2023-03-21,2024-02-05,Speaker/mic not working,Resolved,12
WC003722,CUST035247,P0227,ST0011,2023-04-01,2024-02-05,Battery draining fast,In Progress,24
WC005679,CUST034127,P0384,ST0045,2023-09-21,2024-02-05,Network/SIM issue,In Progress,12
WC004822,CUST001607,P0383,ST0013,2022-05-15,2024-02-06,Speaker/mic not working,Resolved,24
WC005163,CUST033386,P0030,ST0048,2023-08-15,2024-02-06,Screen flickering,Resolved,24
WC000066,CUST032773,P0303,ST0019,2023-08-23,2024-02-07,Overheating during use,In Progress,12
WC001155,CUST006993,P0599,ST0022,2023-06-18,2024-02-07,Camera not focusing,In Progress,12
WC001885,CUST030556,P0078,ST0018,2023-12-02,2024-02-07,Battery draining fast,Pending Pickup,12
WC002801,CUST017500,P0167,ST0027,2024-01-31,2024-02-07,Software update issue,Resolved,24
WC002862,CUST006953,P0362,ST0034,2023-05-28,2024-02-07,Screen flickering,Rejected - Out of Warranty,12
WC003612,CUST014596,P0477,ST0010,2023-08-23,2024-02-07,Camera not focusing,Resolved,12
WC004635,CUST017054,P0299,ST0007,2023-05-12,2024-02-07,Physical damage - screen crack,Resolved,12
WC000925,CUST046074,P0239,ST0052,2023-12-03,2024-02-08,Physical damage - screen crack,Resolved,12
WC004122,CUST022889,P0199,ST0041,2023-12-21,2024-02-08,Overheating during use,Resolved,12
WC000736,CUST018958,P0368,ST0003,2023-07-17,2024-02-09,Software update issue,Rejected - Out of Warranty,12
WC003084,CUST031880,P0126,ST0038,2023-08-19,2024-02-09,Speaker/mic not working,Resolved,24
WC004371,CUST008102,P0458,ST0024,2024-01-23,2024-02-09,Battery draining fast,Resolved,12
WC004424,CUST033785,P0301,ST0031,2023-04-05,2024-02-09,Physical damage - screen crack,In Progress,12
WC004663,CUST012337,P0237,ST0043,2023-07-18,2024-02-09,Software update issue,Replaced,12
WC005008,CUST010430,P0505,ST0013,2023-05-28,2024-02-09,Speaker/mic not working,Replaced,12
WC000567,CUST024369,P0400,ST0044,2023-05-15,2024-02-10,Camera not focusing,Resolved,12
WC000707,CUST020766,P0200,ST0033,2022-08-26,2024-02-10,Screen flickering,Pending Pickup,24
WC004041,CUST039181,P0090,ST0018,2023-06-26,2024-02-10,Software update issue,In Progress,12
WC005432,CUST048617,P0541,ST0040,2023-08-14,2024-02-10,Water damage,Pending Pickup,12
WC001040,CUST014447,P0315,ST0051,2023-02-26,2024-02-11,Charging port not working,In Progress,12
WC004379,CUST005066,P0068,ST0035,2023-09-17,2024-02-11,Network/SIM issue,Resolved,12
WC004564,CUST014502,P0211,ST0024,2023-05-24,2024-02-11,Battery draining fast,Resolved,12
WC005707,CUST019514,P0331,ST0046,2024-01-03,2024-02-11,Water damage,Replaced,12
WC001063,CUST003940,P0397,ST0011,2023-04-07,2024-02-12,Speaker/mic not working,Resolved,12
WC002607,CUST016679,P0320,ST0019,2024-01-05,2024-02-12,Overheating during use,Resolved,12
WC005749,CUST044473,P0426,ST0008,2023-07-17,2024-02-12,Network/SIM issue,Replaced,12
WC000990,CUST007220,P0250,ST0010,2023-03-04,2024-02-13,Battery draining fast,Pending Pickup,12
WC001002,CUST047412,P0541,ST0014,2023-06-25,2024-02-13,Water damage,Replaced,12
WC001780,CUST040593,P0532,ST0007,2023-04-04,2024-02-13,Speaker/mic not working,Pending Pickup,12
WC002243,CUST028504,P0046,ST0034,2023-02-22,2024-02-13,Camera not focusing,In Progress,12
WC003329,CUST038357,P0085,ST0012,2023-03-07,2024-02-13,Speaker/mic not working,Replaced,12
WC004084,CUST031517,P0389,ST0059,2023-11-13,2024-02-13,Software update issue,Pending Pickup,24
WC004356,CUST001604,P0486,ST0047,2022-03-08,2024-02-13,Screen flickering,Resolved,24
WC005273,CUST025957,P0226,ST0046,2023-08-06,2024-02-13,Software update issue,Resolved,12
WC005429,CUST026360,P0089,ST0016,2023-03-07,2024-02-13,Screen flickering,Resolved,12
WC001001,CUST035525,P0268,ST0025,2023-12-29,2024-02-14,Screen flickering,Resolved,12
WC002112,CUST001505,P0430,ST0010,2024-01-30,2024-02-14,Camera not focusing,Replaced,12
WC002737,CUST006575,P0069,ST0027,2023-07-05,2024-02-14,Overheating during use,Pending Pickup,12
WC003178,CUST014035,P0213,ST0011,2024-01-05,2024-02-14,Charging port not working,Replaced,12
WC004612,CUST019744,P0203,ST0034,2023-11-04,2024-02-14,Charging port not working,Replaced,12
WC005771,CUST009813,P0202,ST0034,2023-03-10,2024-02-14,Physical damage - screen crack,Resolved,12
WC000028,CUST002874,P0444,ST0030,2023-10-12,2024-02-15,Battery draining fast,Replaced,12
WC000767,CUST003930,P0178,ST0041,2022-10-06,2024-02-15,Speaker/mic not working,Rejected - Out of Warranty,24
WC001778,CUST006147,P0217,ST0003,2023-09-26,2024-02-15,Overheating during use,Replaced,12
WC002954,CUST049586,P0481,ST0003,2024-02-09,2024-02-15,Overheating during use,Resolved,12
WC004505,CUST001334,P0379,ST0029,2023-11-25,2024-02-15,Camera not focusing,Resolved,12
WC005226,CUST023408,P0220,ST0027,2023-12-14,2024-02-15,Speaker/mic not working,Rejected - Out of Warranty,12
WC001644,CUST012576,P0555,ST0010,2023-12-11,2024-02-16,Battery draining fast,Resolved,12
WC002247,CUST044196,P0147,ST0046,2023-03-18,2024-02-16,Physical damage - screen crack,Resolved,12
WC002320,CUST048603,P0579,ST0016,2023-07-01,2024-02-16,Battery draining fast,Rejected - Out of Warranty,12
WC002417,CUST035736,P0544,ST0042,2023-11-29,2024-02-16,Speaker/mic not working,Resolved,12
WC002539,CUST045660,P0555,ST0053,2023-11-02,2024-02-16,Software update issue,Resolved,12
WC004667,CUST048090,P0350,ST0004,2023-10-23,2024-02-16,Battery draining fast,Pending Pickup,12
WC000665,CUST042630,P0421,ST0003,2023-07-28,2024-02-17,Physical damage - screen crack,Resolved,12
WC000755,CUST024403,P0126,ST0017,2023-08-15,2024-02-17,Battery draining fast,Replaced,24
WC000860,CUST045104,P0167,ST0013,2023-05-14,2024-02-17,Physical damage - screen crack,Resolved,24
WC001972,CUST014981,P0471,ST0036,2023-03-07,2024-02-17,Camera not focusing,Rejected - Out of Warranty,12
WC004029,CUST026889,P0483,ST0024,2023-07-27,2024-02-17,Software update issue,Resolved,24
WC005311,CUST043835,P0334,ST0034,2023-04-23,2024-02-17,Camera not focusing,Resolved,12
WC005835,CUST018560,P0271,ST0054,2023-08-14,2024-02-17,Water damage,Resolved,12
WC005979,CUST004121,P0027,ST0047,2023-04-16,2024-02-17,Battery draining fast,Replaced,12
WC001508,CUST014727,P0115,ST0032,2023-05-02,2024-02-18,Camera not focusing,In Progress,12
WC001599,CUST007398,P0152,ST0045,2023-10-10,2024-02-18,Network/SIM issue,Replaced,12
WC002523,CUST036274,P0434,ST0060,2023-03-27,2024-02-18,Charging port not working,Resolved,12
WC003058,CUST020201,P0125,ST0049,2023-10-31,2024-02-18,Software update issue,Rejected - Out of Warranty,12
WC005637,CUST000831,P0131,ST0032,2023-07-29,2024-02-18,Camera not focusing,In Progress,12
WC000289,CUST001406,P0058,ST0027,2024-01-11,2024-02-19,Overheating during use,Rejected - Out of Warranty,12
WC001382,CUST012055,P0036,ST0023,2023-05-04,2024-02-19,Charging port not working,In Progress,12
WC003548,CUST049048,P0571,ST0007,2023-05-23,2024-02-19,Screen flickering,Resolved,12
WC003629,CUST040814,P0278,ST0025,2023-06-25,2024-02-19,Screen flickering,Replaced,12
WC005221,CUST007403,P0384,ST0006,2023-08-09,2024-02-19,Camera not focusing,Resolved,12
WC001744,CUST017543,P0498,ST0031,2023-06-09,2024-02-20,Software update issue,Resolved,12
WC002593,CUST025910,P0538,ST0032,2023-10-24,2024-02-20,Overheating during use,Resolved,12
WC003653,CUST026683,P0083,ST0024,2023-09-07,2024-02-20,Speaker/mic not working,Pending Pickup,24
WC000097,CUST045150,P0164,ST0043,2023-04-20,2024-02-21,Camera not focusing,In Progress,12
WC000475,CUST044685,P0444,ST0047,2023-09-07,2024-02-21,Screen flickering,Rejected - Out of Warranty,12
WC000886,CUST045747,P0252,ST0053,2023-07-17,2024-02-21,Charging port not working,In Progress,12
WC003654,CUST010155,P0355,ST0015,2024-01-16,2024-02-21,Overheating during use,Pending Pickup,12
WC004224,CUST022726,P0179,ST0001,2023-04-24,2024-02-21,Charging port not working,Resolved,12
WC005558,CUST026365,P0531,ST0041,2023-11-13,2024-02-21,Charging port not working,Replaced,12
WC001274,CUST003951,P0474,ST0005,2023-06-28,2024-02-22,Physical damage - screen crack,Resolved,12
WC002846,CUST007487,P0241,ST0049,2023-08-20,2024-02-22,Overheating during use,In Progress,12
WC003573,CUST012551,P0328,ST0055,2024-02-10,2024-02-22,Overheating during use,Resolved,12
WC005572,CUST015617,P0437,ST0025,2023-09-15,2024-02-22,Physical damage - screen crack,Resolved,12
WC001298,CUST010827,P0370,ST0041,2024-02-11,2024-02-23,Charging port not working,Resolved,12
WC001345,CUST047921,P0474,ST0011,2023-08-25,2024-02-23,Screen flickering,Pending Pickup,12
WC003479,CUST039592,P0395,ST0004,2024-01-18,2024-02-23,Speaker/mic not working,Replaced,12
WC003504,CUST028568,P0161,ST0048,2023-04-09,2024-02-23,Camera not focusing,Resolved,12
WC004533,CUST014913,P0024,ST0025,2023-05-23,2024-02-23,Charging port not working,Rejected - Out of Warranty,12
WC001308,CUST031828,P0384,ST0027,2023-05-13,2024-02-24,Screen flickering,Resolved,12
WC001749,CUST011897,P0439,ST0028,2023-03-11,2024-02-24,Network/SIM issue,Resolved,12
WC001861,CUST037053,P0574,ST0026,2023-10-20,2024-02-24,Screen flickering,Resolved,12
WC004332,CUST004612,P0510,ST0050,2023-06-20,2024-02-24,Physical damage - screen crack,Resolved,12
WC002636,CUST032227,P0169,ST0017,2023-10-06,2024-02-25,Screen flickering,Pending Pickup,12
WC002703,CUST041227,P0273,ST0057,2023-11-17,2024-02-25,Overheating during use,In Progress,12
WC003580,CUST029371,P0330,ST0015,2023-07-12,2024-02-25,Camera not focusing,Rejected - Out of Warranty,12
WC004765,CUST040170,P0033,ST0004,2024-01-05,2024-02-25,Battery draining fast,Resolved,12
WC005462,CUST005287,P0583,ST0058,2023-06-30,2024-02-25,Battery draining fast,Rejected - Out of Warranty,12
WC005778,CUST044033,P0474,ST0026,2024-01-15,2024-02-25,Physical damage - screen crack,Resolved,12
WC001793,CUST045705,P0260,ST0017,2023-12-13,2024-02-26,Overheating during use,Resolved,12
WC002043,CUST035883,P0326,ST0005,2023-05-30,2024-02-26,Software update issue,Pending Pickup,12
WC002353,CUST041013,P0112,ST0038,2023-07-31,2024-02-26,Speaker/mic not working,Resolved,12
WC003115,CUST044303,P0185,ST0057,2024-01-29,2024-02-26,Screen flickering,Rejected - Out of Warranty,12
WC003732,CUST029486,P0420,ST0058,2024-02-15,2024-02-26,Charging port not working,Rejected - Out of Warranty,12
WC003980,CUST021187,P0269,ST0021,2023-04-26,2024-02-26,Network/SIM issue,Resolved,12
WC005059,CUST003427,P0377,ST0042,2023-11-25,2024-02-26,Camera not focusing,In Progress,12
WC001826,CUST036371,P0524,ST0015,2023-05-21,2024-02-27,Screen flickering,Resolved,12
WC002510,CUST036461,P0154,ST0050,2023-08-07,2024-02-27,Charging port not working,Resolved,12
WC000708,CUST029732,P0057,ST0013,2024-01-25,2024-02-28,Network/SIM issue,Resolved,12
WC001518,CUST000346,P0214,ST0007,2023-06-24,2024-02-28,Overheating during use,Rejected - Out of Warranty,12
WC002331,CUST006546,P0174,ST0023,2024-02-23,2024-02-28,Battery draining fast,Pending Pickup,12
WC000060,CUST025891,P0354,ST0058,2023-09-28,2024-02-29,Battery draining fast,Resolved,12
WC000926,CUST033558,P0142,ST0010,2023-04-19,2024-02-29,Overheating during use,Pending Pickup,12
WC001273,CUST044915,P0389,ST0020,2022-08-05,2024-02-29,Network/SIM issue,Resolved,24
WC002492,CUST047321,P0221,ST0048,2023-10-14,2024-02-29,Speaker/mic not working,Resolved,12
WC003457,CUST029959,P0081,ST0005,2023-12-30,2024-02-29,Camera not focusing,Pending Pickup,24
WC005379,CUST003112,P0467,ST0002,2023-09-26,2024-02-29,Network/SIM issue,Resolved,12
WC005768,CUST016059,P0001,ST0037,2023-12-14,2024-02-29,Battery draining fast,Pending Pickup,12
WC000819,CUST025618,P0324,ST0058,2023-09-08,2024-03-01,Speaker/mic not working,Replaced,12
WC001049,CUST006408,P0554,ST0040,2023-04-08,2024-03-01,Water damage,Resolved,12
WC002041,CUST040011,P0346,ST0047,2023-11-22,2024-03-01,Charging port not working,Resolved,12
WC002463,CUST008266,P0411,ST0011,2024-02-11,2024-03-01,Screen flickering,Resolved,12
WC002618,CUST040266,P0435,ST0059,2023-04-04,2024-03-01,Screen flickering,In Progress,12
WC002628,CUST039825,P0178,ST0043,2022-05-03,2024-03-01,Network/SIM issue,Resolved,24
WC002716,CUST022402,P0580,ST0011,2023-04-09,2024-03-01,Network/SIM issue,Resolved,12
WC003769,CUST045660,P0332,ST0042,2023-07-09,2024-03-01,Battery draining fast,Resolved,12
WC004615,CUST042853,P0024,ST0047,2023-11-12,2024-03-01,Network/SIM issue,Rejected - Out of Warranty,12
WC005045,CUST022499,P0307,ST0035,2024-02-08,2024-03-01,Charging port not working,In Progress,12
WC000249,CUST010351,P0066,ST0056,2023-05-11,2024-03-02,Camera not focusing,In Progress,12
WC001091,CUST017527,P0435,ST0006,2023-09-16,2024-03-02,Speaker/mic not working,Pending Pickup,12
WC001989,CUST003739,P0064,ST0040,2023-03-19,2024-03-02,Screen flickering,Resolved,12
WC002786,CUST027953,P0150,ST0043,2023-04-16,2024-03-02,Camera not focusing,Replaced,12
WC003153,CUST039699,P0315,ST0023,2023-06-27,2024-03-02,Screen flickering,Rejected - Out of Warranty,12
WC004788,CUST048106,P0364,ST0026,2022-11-19,2024-03-02,Speaker/mic not working,Pending Pickup,24
WC005218,CUST046559,P0411,ST0007,2023-05-25,2024-03-02,Software update issue,Replaced,12
WC001098,CUST040205,P0438,ST0048,2023-09-20,2024-03-03,Screen flickering,Resolved,12
WC003375,CUST006245,P0373,ST0030,2024-02-01,2024-03-03,Screen flickering,Resolved,12
WC004393,CUST006657,P0036,ST0008,2023-05-16,2024-03-03,Camera not focusing,Pending Pickup,12
WC005222,CUST024745,P0007,ST0036,2023-06-20,2024-03-03,Overheating during use,Resolved,12
WC005623,CUST009416,P0063,ST0044,2023-09-12,2024-03-03,Camera not focusing,Rejected - Out of Warranty,12
WC005899,CUST010891,P0499,ST0036,2023-12-14,2024-03-03,Physical damage - screen crack,In Progress,12
WC005970,CUST020397,P0486,ST0024,2023-04-22,2024-03-03,Software update issue,Replaced,24
WC001148,CUST039023,P0166,ST0060,2023-10-23,2024-03-04,Overheating during use,Resolved,12
WC001957,CUST036144,P0521,ST0004,2023-05-02,2024-03-04,Speaker/mic not working,Resolved,12
WC003963,CUST020926,P0505,ST0047,2023-12-01,2024-03-04,Speaker/mic not working,Resolved,12
WC005115,CUST046591,P0446,ST0005,2023-09-14,2024-03-04,Overheating during use,Resolved,12
WC005192,CUST040409,P0423,ST0059,2023-05-04,2024-03-04,Physical damage - screen crack,Replaced,12
WC005519,CUST021346,P0467,ST0040,2024-01-14,2024-03-04,Camera not focusing,Replaced,12
WC000902,CUST014398,P0579,ST0058,2023-06-25,2024-03-05,Overheating during use,Resolved,12
WC001425,CUST049304,P0521,ST0023,2023-05-14,2024-03-05,Physical damage - screen crack,In Progress,12
WC001563,CUST045958,P0276,ST0032,2023-08-04,2024-03-05,Screen flickering,In Progress,24
WC005406,CUST005353,P0175,ST0046,2023-09-25,2024-03-05,Physical damage - screen crack,In Progress,12
WC005977,CUST007250,P0379,ST0007,2023-06-06,2024-03-05,Water damage,Pending Pickup,12
WC003117,CUST021053,P0140,ST0051,2024-01-30,2024-03-06,Overheating during use,Replaced,12
WC004403,CUST009108,P0012,ST0009,2023-07-22,2024-03-06,Physical damage - screen crack,Resolved,12
WC002415,CUST028801,P0362,ST0051,2023-05-20,2024-03-07,Screen flickering,Replaced,12
WC002579,CUST030060,P0376,ST0056,2023-08-27,2024-03-07,Overheating during use,Resolved,12
WC004206,CUST012111,P0354,ST0033,2023-04-24,2024-03-07,Water damage,In Progress,12
WC005461,CUST025014,P0425,ST0022,2024-02-19,2024-03-07,Software update issue,Replaced,12
WC002361,CUST023279,P0558,ST0055,2023-12-29,2024-03-08,Screen flickering,Rejected - Out of Warranty,12
WC002949,CUST040913,P0168,ST0006,2023-12-25,2024-03-08,Software update issue,Resolved,12
WC003008,CUST017722,P0316,ST0038,2024-02-08,2024-03-08,Water damage,Resolved,12
WC003799,CUST017899,P0063,ST0032,2024-01-28,2024-03-08,Speaker/mic not working,Resolved,12
WC000324,CUST028836,P0466,ST0040,2024-02-10,2024-03-09,Physical damage - screen crack,Resolved,12
WC001837,CUST032552,P0519,ST0044,2023-11-27,2024-03-09,Screen flickering,In Progress,12
WC003017,CUST021491,P0543,ST0043,2022-06-20,2024-03-09,Speaker/mic not working,In Progress,24
WC003141,CUST010683,P0096,ST0057,2023-11-01,2024-03-09,Camera not focusing,Resolved,12
WC003811,CUST001528,P0556,ST0001,2023-06-27,2024-03-09,Screen flickering,Resolved,12
WC004143,CUST038583,P0167,ST0008,2022-09-17,2024-03-09,Water damage,Resolved,24
WC004419,CUST045617,P0323,ST0025,2023-07-13,2024-03-09,Screen flickering,Resolved,12
WC002127,CUST046485,P0219,ST0018,2023-08-24,2024-03-10,Screen flickering,Pending Pickup,12
WC002394,CUST011306,P0163,ST0026,2022-12-23,2024-03-10,Network/SIM issue,Resolved,24
WC003215,CUST046038,P0572,ST0014,2023-06-04,2024-03-10,Overheating during use,In Progress,24
WC003363,CUST022938,P0456,ST0045,2023-08-09,2024-03-10,Network/SIM issue,Resolved,12
WC003503,CUST025897,P0043,ST0023,2023-10-09,2024-03-10,Speaker/mic not working,Resolved,12
WC003757,CUST010009,P0521,ST0027,2024-02-22,2024-03-10,Speaker/mic not working,Replaced,12
WC003808,CUST047100,P0406,ST0011,2023-11-16,2024-03-10,Network/SIM issue,In Progress,12
WC000888,CUST000869,P0327,ST0008,2023-06-11,2024-03-11,Camera not focusing,In Progress,12
WC001329,CUST005037,P0482,ST0016,2023-06-14,2024-03-11,Water damage,Pending Pickup,24
WC001430,CUST035674,P0315,ST0025,2023-04-28,2024-03-11,Camera not focusing,In Progress,12
WC003554,CUST018097,P0222,ST0022,2023-07-29,2024-03-11,Software update issue,Replaced,12
WC005041,CUST001317,P0043,ST0056,2023-06-26,2024-03-11,Battery draining fast,Resolved,12
WC000515,CUST000892,P0522,ST0015,2024-02-05,2024-03-12,Speaker/mic not working,Resolved,12
WC000803,CUST030477,P0596,ST0058,2023-10-29,2024-03-12,Network/SIM issue,Resolved,12
WC001664,CUST010458,P0449,ST0024,2023-11-16,2024-03-12,Charging port not working,Resolved,12
WC001946,CUST049606,P0530,ST0030,2024-02-16,2024-03-12,Software update issue,Resolved,12
WC003002,CUST008217,P0391,ST0006,2023-07-17,2024-03-12,Physical damage - screen crack,Resolved,12
WC004461,CUST002523,P0308,ST0005,2024-01-23,2024-03-12,Charging port not working,Pending Pickup,12
WC005042,CUST029447,P0183,ST0045,2023-08-27,2024-03-12,Overheating during use,Resolved,12
WC001368,CUST030578,P0106,ST0058,2024-02-21,2024-03-13,Charging port not working,Rejected - Out of Warranty,12
WC001790,CUST011955,P0282,ST0008,2023-04-21,2024-03-13,Screen flickering,In Progress,12
WC001879,CUST040412,P0336,ST0022,2023-04-11,2024-03-13,Physical damage - screen crack,Resolved,12
WC002662,CUST005317,P0260,ST0024,2023-08-23,2024-03-13,Physical damage - screen crack,Resolved,12
WC003962,CUST005112,P0469,ST0020,2023-04-09,2024-03-13,Speaker/mic not working,Resolved,12
WC004089,CUST014533,P0134,ST0033,2024-02-13,2024-03-13,Camera not focusing,Replaced,12
WC004546,CUST024245,P0254,ST0032,2023-09-25,2024-03-13,Network/SIM issue,Resolved,12
WC005540,CUST019686,P0154,ST0037,2023-06-16,2024-03-13,Network/SIM issue,Rejected - Out of Warranty,12
WC005845,CUST034487,P0459,ST0050,2023-11-30,2024-03-13,Battery draining fast,Resolved,12
WC000395,CUST007055,P0489,ST0055,2023-10-14,2024-03-14,Physical damage - screen crack,Resolved,24
WC000728,CUST030847,P0279,ST0002,2023-04-09,2024-03-14,Water damage,Rejected - Out of Warranty,12
WC003825,CUST040029,P0516,ST0011,2023-08-23,2024-03-14,Battery draining fast,Resolved,12
WC005284,CUST019375,P0226,ST0034,2024-02-01,2024-03-14,Screen flickering,Resolved,12
WC005620,CUST032958,P0446,ST0001,2024-01-03,2024-03-14,Physical damage - screen crack,Resolved,12
WC001782,CUST029737,P0589,ST0055,2023-06-22,2024-03-15,Speaker/mic not working,Resolved,12
WC003314,CUST004593,P0002,ST0021,2024-01-06,2024-03-15,Speaker/mic not working,Resolved,12
WC004163,CUST042171,P0198,ST0019,2023-04-28,2024-03-15,Camera not focusing,Rejected - Out of Warranty,12
WC004610,CUST047768,P0420,ST0048,2023-07-15,2024-03-15,Screen flickering,Resolved,12
WC003044,CUST018869,P0365,ST0016,2024-03-03,2024-03-16,Network/SIM issue,Pending Pickup,12
WC003973,CUST049677,P0102,ST0010,2023-08-21,2024-03-16,Water damage,Resolved,12
WC004596,CUST007902,P0465,ST0023,2023-09-17,2024-03-16,Screen flickering,Replaced,12
WC004974,CUST040892,P0429,ST0025,2023-10-17,2024-03-16,Camera not focusing,Resolved,12
WC000245,CUST033302,P0353,ST0056,2024-02-16,2024-03-17,Water damage,Resolved,12
WC001955,CUST020042,P0085,ST0026,2024-03-07,2024-03-17,Battery draining fast,Rejected - Out of Warranty,12
WC002544,CUST015649,P0028,ST0050,2023-12-05,2024-03-17,Network/SIM issue,Replaced,12
WC003601,CUST031457,P0151,ST0021,2023-09-02,2024-03-17,Battery draining fast,Replaced,12
WC004464,CUST007537,P0013,ST0048,2023-09-04,2024-03-17,Network/SIM issue,Replaced,12
WC000219,CUST031668,P0071,ST0025,2023-10-09,2024-03-18,Screen flickering,Resolved,12
WC003274,CUST031541,P0552,ST0032,2023-07-19,2024-03-18,Camera not focusing,Replaced,12
WC003354,CUST010244,P0526,ST0002,2024-01-30,2024-03-18,Speaker/mic not working,Resolved,12
WC004014,CUST042431,P0022,ST0009,2023-07-17,2024-03-18,Battery draining fast,Resolved,12
WC005298,CUST046846,P0206,ST0018,2023-11-06,2024-03-18,Software update issue,Resolved,12
WC001922,CUST028535,P0512,ST0041,2024-01-06,2024-03-19,Speaker/mic not working,Resolved,12
WC003054,CUST017166,P0108,ST0040,2023-08-13,2024-03-19,Network/SIM issue,Pending Pickup,12
WC003902,CUST038082,P0046,ST0028,2023-04-18,2024-03-19,Charging port not working,Resolved,12
WC004004,CUST037746,P0501,ST0030,2023-10-11,2024-03-19,Screen flickering,Pending Pickup,12
WC004755,CUST006181,P0252,ST0034,2023-11-30,2024-03-19,Software update issue,Replaced,12
WC005644,CUST049264,P0208,ST0043,2023-09-25,2024-03-19,Charging port not working,In Progress,12
WC000222,CUST049305,P0192,ST0026,2023-04-11,2024-03-20,Camera not focusing,Resolved,12
WC001052,CUST014539,P0439,ST0032,2023-10-17,2024-03-20,Water damage,In Progress,12
WC001759,CUST026655,P0319,ST0018,2023-06-24,2024-03-20,Screen flickering,Pending Pickup,12
WC002298,CUST030119,P0041,ST0018,2023-10-20,2024-03-20,Water damage,Resolved,12
WC004405,CUST047708,P0201,ST0027,2023-07-02,2024-03-20,Charging port not working,In Progress,12
WC004762,CUST011316,P0433,ST0048,2023-07-14,2024-03-20,Physical damage - screen crack,Resolved,12
WC005628,CUST035351,P0228,ST0053,2023-07-13,2024-03-20,Water damage,Pending Pickup,12
WC000812,CUST045877,P0146,ST0031,2024-02-21,2024-03-21,Camera not focusing,Replaced,12
WC002421,CUST049766,P0093,ST0035,2023-07-21,2024-03-21,Screen flickering,Resolved,12
WC005475,CUST003329,P0166,ST0045,2023-11-17,2024-03-21,Water damage,Resolved,12
WC005751,CUST012473,P0067,ST0002,2023-07-01,2024-03-21,Speaker/mic not working,Resolved,12
WC000547,CUST020248,P0503,ST0012,2023-08-10,2024-03-22,Software update issue,Resolved,12
WC000699,CUST009928,P0578,ST0042,2023-10-09,2024-03-22,Water damage,Rejected - Out of Warranty,12
WC002225,CUST008195,P0498,ST0008,2023-07-21,2024-03-22,Network/SIM issue,In Progress,12
WC002409,CUST008782,P0292,ST0023,2023-12-16,2024-03-22,Charging port not working,Resolved,12
WC004391,CUST012283,P0325,ST0043,2023-12-29,2024-03-22,Network/SIM issue,Replaced,24
WC000297,CUST032329,P0390,ST0003,2023-12-21,2024-03-23,Network/SIM issue,Resolved,12
WC001029,CUST046653,P0236,ST0018,2024-03-19,2024-03-23,Battery draining fast,Resolved,12
WC001769,CUST017202,P0488,ST0008,2023-11-25,2024-03-23,Software update issue,Pending Pickup,12
WC001920,CUST023012,P0402,ST0002,2023-12-23,2024-03-23,Overheating during use,In Progress,12
WC002543,CUST023888,P0546,ST0043,2023-08-21,2024-03-23,Screen flickering,Resolved,12
WC002764,CUST006081,P0015,ST0021,2023-05-05,2024-03-23,Screen flickering,Resolved,12
WC002872,CUST010661,P0534,ST0058,2022-06-30,2024-03-23,Water damage,Resolved,24
WC003232,CUST024540,P0154,ST0040,2023-10-27,2024-03-23,Overheating during use,Resolved,12
WC004465,CUST008190,P0275,ST0022,2023-11-14,2024-03-23,Overheating during use,Resolved,12
WC002554,CUST045970,P0235,ST0015,2023-11-23,2024-03-24,Water damage,Resolved,12
WC002734,CUST012288,P0533,ST0003,2023-08-23,2024-03-24,Screen flickering,Resolved,12
WC003402,CUST013443,P0053,ST0047,2024-01-09,2024-03-24,Battery draining fast,Resolved,24
WC004048,CUST024886,P0009,ST0023,2023-11-19,2024-03-24,Battery draining fast,Pending Pickup,12
WC004232,CUST014709,P0122,ST0026,2024-02-15,2024-03-24,Camera not focusing,Pending Pickup,12
WC005368,CUST027679,P0385,ST0050,2023-12-15,2024-03-24,Camera not focusing,Resolved,12
WC000474,CUST029669,P0561,ST0059,2024-02-08,2024-03-25,Physical damage - screen crack,Pending Pickup,12
WC002760,CUST012164,P0456,ST0031,2023-07-23,2024-03-25,Charging port not working,Resolved,12
WC003998,CUST025543,P0563,ST0039,2023-12-12,2024-03-25,Software update issue,Resolved,24
WC004015,CUST021980,P0263,ST0040,2022-11-21,2024-03-25,Screen flickering,Replaced,24
WC004381,CUST044059,P0001,ST0013,2024-02-19,2024-03-25,Speaker/mic not working,Pending Pickup,12
WC004560,CUST049475,P0336,ST0013,2023-05-25,2024-03-25,Overheating during use,Resolved,12
WC004623,CUST045299,P0032,ST0026,2023-11-11,2024-03-25,Network/SIM issue,Resolved,12
WC005564,CUST026554,P0187,ST0019,2023-04-28,2024-03-25,Speaker/mic not working,Replaced,12
WC005991,CUST020624,P0571,ST0035,2023-06-03,2024-03-25,Screen flickering,Pending Pickup,12
WC000240,CUST005691,P0207,ST0059,2023-10-26,2024-03-26,Charging port not working,Resolved,12
WC000458,CUST003783,P0159,ST0046,2023-08-31,2024-03-26,Overheating during use,Resolved,12
WC000525,CUST006768,P0107,ST0014,2023-08-01,2024-03-26,Network/SIM issue,Replaced,12
WC000834,CUST001595,P0537,ST0007,2024-01-17,2024-03-26,Speaker/mic not working,Resolved,12
WC001540,CUST049657,P0259,ST0044,2022-04-13,2024-03-26,Speaker/mic not working,Resolved,24
WC001763,CUST023530,P0302,ST0046,2023-08-08,2024-03-26,Battery draining fast,Replaced,12
WC003122,CUST008220,P0119,ST0010,2024-01-22,2024-03-26,Network/SIM issue,Resolved,12
WC004271,CUST007829,P0261,ST0050,2023-07-04,2024-03-26,Speaker/mic not working,Resolved,12
WC004701,CUST007503,P0411,ST0051,2024-03-03,2024-03-26,Physical damage - screen crack,Replaced,12
WC004948,CUST021577,P0256,ST0029,2024-03-25,2024-03-26,Network/SIM issue,Rejected - Out of Warranty,12
WC005398,CUST011055,P0126,ST0042,2024-03-15,2024-03-26,Camera not focusing,Replaced,24
WC005413,CUST013937,P0156,ST0036,2024-01-29,2024-03-26,Camera not focusing,In Progress,12
WC005811,CUST002631,P0028,ST0036,2023-06-07,2024-03-26,Software update issue,Replaced,12
WC000590,CUST033332,P0059,ST0016,2023-10-30,2024-03-27,Network/SIM issue,Resolved,12
WC001632,CUST008838,P0105,ST0044,2023-09-25,2024-03-27,Screen flickering,In Progress,12
WC001666,CUST025402,P0207,ST0016,2023-12-07,2024-03-28,Software update issue,In Progress,12
WC004439,CUST028124,P0265,ST0054,2024-03-01,2024-03-28,Network/SIM issue,Pending Pickup,12
WC004877,CUST032108,P0579,ST0005,2023-11-23,2024-03-28,Charging port not working,Resolved,12
WC005787,CUST038207,P0340,ST0042,2023-09-16,2024-03-28,Camera not focusing,Pending Pickup,12
WC005910,CUST003466,P0434,ST0016,2024-02-22,2024-03-28,Software update issue,Rejected - Out of Warranty,12
WC001531,CUST033547,P0252,ST0004,2023-08-16,2024-03-29,Charging port not working,Resolved,12
WC001711,CUST038278,P0102,ST0042,2023-07-25,2024-03-29,Physical damage - screen crack,Resolved,12
WC002480,CUST008329,P0484,ST0009,2024-01-31,2024-03-29,Speaker/mic not working,Replaced,12
WC003220,CUST042907,P0341,ST0026,2023-04-10,2024-03-29,Screen flickering,In Progress,12
WC003400,CUST043065,P0184,ST0050,2023-04-28,2024-03-29,Speaker/mic not working,In Progress,12
WC003721,CUST007721,P0057,ST0045,2023-07-24,2024-03-29,Network/SIM issue,Replaced,12
WC003839,CUST031324,P0398,ST0033,2023-05-25,2024-03-30,Screen flickering,Replaced,12
WC004744,CUST028860,P0153,ST0004,2023-07-31,2024-03-30,Network/SIM issue,Replaced,12
WC005333,CUST016428,P0005,ST0028,2023-03-13,2024-03-30,Speaker/mic not working,Resolved,24
WC000684,CUST020660,P0100,ST0052,2023-10-10,2024-03-31,Physical damage - screen crack,Pending Pickup,12
WC001396,CUST046828,P0230,ST0059,2023-04-16,2024-03-31,Software update issue,Resolved,12
WC002046,CUST026855,P0334,ST0046,2024-02-19,2024-03-31,Software update issue,In Progress,12
WC003199,CUST032391,P0364,ST0050,2023-10-21,2024-03-31,Screen flickering,Pending Pickup,24
WC003521,CUST013529,P0580,ST0053,2023-12-27,2024-03-31,Overheating during use,Pending Pickup,12
WC003937,CUST011416,P0112,ST0037,2023-12-19,2024-03-31,Speaker/mic not working,Resolved,12
WC004732,CUST009830,P0420,ST0035,2023-07-21,2024-03-31,Overheating during use,Resolved,12
WC005089,CUST033097,P0331,ST0033,2023-05-27,2024-03-31,Charging port not working,Rejected - Out of Warranty,12
WC000149,CUST027499,P0023,ST0021,2024-01-04,2024-04-01,Screen flickering,Resolved,12
WC002699,CUST044560,P0061,ST0028,2023-11-02,2024-04-01,Speaker/mic not working,Rejected - Out of Warranty,12
WC003238,CUST045562,P0328,ST0027,2023-09-29,2024-04-01,Water damage,Resolved,12
WC004749,CUST036592,P0099,ST0052,2022-11-14,2024-04-01,Camera not focusing,Resolved,24
WC005809,CUST047787,P0486,ST0051,2023-09-26,2024-04-01,Physical damage - screen crack,In Progress,24
WC001082,CUST009790,P0021,ST0006,2023-08-13,2024-04-02,Speaker/mic not working,Resolved,12
WC001810,CUST008639,P0135,ST0030,2024-03-30,2024-04-02,Physical damage - screen crack,Resolved,12
WC002207,CUST042744,P0179,ST0055,2024-01-12,2024-04-02,Camera not focusing,Pending Pickup,12
WC003281,CUST027524,P0108,ST0053,2023-12-08,2024-04-02,Camera not focusing,Replaced,12
WC004528,CUST014023,P0091,ST0010,2024-01-11,2024-04-02,Charging port not working,Resolved,12
WC004584,CUST035270,P0035,ST0039,2023-08-17,2024-04-02,Physical damage - screen crack,Resolved,12
WC005721,CUST029543,P0202,ST0014,2023-05-05,2024-04-02,Water damage,Resolved,12
WC005998,CUST041629,P0303,ST0036,2023-09-26,2024-04-02,Software update issue,Replaced,12
WC000271,CUST015920,P0193,ST0044,2023-09-14,2024-04-03,Camera not focusing,Pending Pickup,12
WC002902,CUST018717,P0227,ST0023,2022-06-25,2024-04-03,Camera not focusing,Replaced,24
WC004388,CUST045546,P0302,ST0049,2023-12-24,2024-04-03,Charging port not working,Rejected - Out of Warranty,12
WC000731,CUST024584,P0111,ST0024,2024-02-15,2024-04-04,Speaker/mic not working,In Progress,12
WC001598,CUST008644,P0179,ST0058,2023-10-27,2024-04-04,Battery draining fast,In Progress,12
WC004901,CUST031381,P0066,ST0053,2024-03-22,2024-04-04,Screen flickering,Replaced,12
WC003133,CUST036731,P0122,ST0006,2023-07-16,2024-04-05,Speaker/mic not working,In Progress,12
WC003353,CUST004023,P0326,ST0020,2024-02-09,2024-04-05,Network/SIM issue,Resolved,12
WC004568,CUST034729,P0076,ST0019,2023-07-16,2024-04-05,Water damage,Resolved,12
WC005657,CUST039108,P0357,ST0001,2023-05-17,2024-04-05,Network/SIM issue,Resolved,24
WC000560,CUST009514,P0563,ST0053,2022-11-12,2024-04-06,Physical damage - screen crack,In Progress,24
WC000746,CUST039334,P0230,ST0059,2023-04-23,2024-04-06,Physical damage - screen crack,Resolved,12
WC002947,CUST031417,P0084,ST0049,2024-03-14,2024-04-06,Camera not focusing,Pending Pickup,12
WC005102,CUST006786,P0194,ST0012,2023-10-19,2024-04-06,Screen flickering,Replaced,12
WC000078,CUST017806,P0303,ST0036,2024-02-06,2024-04-07,Overheating during use,Pending Pickup,12
WC000568,CUST005371,P0080,ST0045,2023-06-07,2024-04-07,Charging port not working,Resolved,12
WC000826,CUST040889,P0444,ST0024,2024-01-10,2024-04-07,Charging port not working,Resolved,12
WC001067,CUST002942,P0352,ST0002,2023-11-17,2024-04-07,Speaker/mic not working,Replaced,12
WC001203,CUST048819,P0445,ST0013,2023-06-15,2024-04-07,Screen flickering,Resolved,12
WC002284,CUST039384,P0092,ST0031,2023-07-11,2024-04-07,Software update issue,Rejected - Out of Warranty,12
WC002462,CUST038635,P0250,ST0001,2023-12-24,2024-04-07,Battery draining fast,Rejected - Out of Warranty,12
WC002655,CUST041634,P0403,ST0054,2023-09-14,2024-04-07,Charging port not working,In Progress,12
WC003815,CUST005142,P0474,ST0060,2023-11-25,2024-04-07,Charging port not working,Replaced,12
WC004288,CUST029706,P0007,ST0060,2023-09-22,2024-04-07,Charging port not working,In Progress,12
WC005155,CUST033161,P0267,ST0039,2024-01-18,2024-04-07,Screen flickering,In Progress,12
WC005595,CUST049286,P0053,ST0012,2023-09-30,2024-04-07,Water damage,Pending Pickup,24
WC001178,CUST011194,P0569,ST0010,2024-04-04,2024-04-08,Water damage,Resolved,12
WC002119,CUST012405,P0150,ST0015,2024-02-25,2024-04-08,Overheating during use,In Progress,12
WC002985,CUST041203,P0035,ST0047,2023-12-27,2024-04-08,Battery draining fast,Resolved,12
WC003993,CUST003765,P0146,ST0040,2023-11-17,2024-04-08,Water damage,Replaced,12
WC004281,CUST035546,P0017,ST0013,2023-07-16,2024-04-08,Software update issue,Pending Pickup,12
WC000901,CUST035847,P0054,ST0007,2024-01-22,2024-04-09,Water damage,In Progress,12
WC001551,CUST035543,P0341,ST0030,2023-12-26,2024-04-09,Water damage,In Progress,12
WC003873,CUST022196,P0188,ST0028,2022-11-13,2024-04-09,Network/SIM issue,Pending Pickup,24
WC004435,CUST014717,P0372,ST0049,2024-03-06,2024-04-09,Network/SIM issue,Resolved,12
WC000258,CUST038132,P0470,ST0005,2024-03-19,2024-04-10,Software update issue,Resolved,12
WC001075,CUST045013,P0044,ST0041,2024-03-30,2024-04-10,Screen flickering,Resolved,12
WC001113,CUST027273,P0342,ST0057,2023-11-13,2024-04-10,Network/SIM issue,Resolved,12
WC001760,CUST017144,P0420,ST0028,2024-04-01,2024-04-10,Overheating during use,Resolved,12
WC003593,CUST035165,P0093,ST0010,2023-12-06,2024-04-10,Physical damage - screen crack,Resolved,12
WC003855,CUST000485,P0006,ST0057,2024-01-13,2024-04-10,Network/SIM issue,Resolved,24
WC004352,CUST034667,P0561,ST0002,2023-09-06,2024-04-10,Overheating during use,Resolved,12
WC005603,CUST030262,P0055,ST0055,2024-02-09,2024-04-10,Speaker/mic not working,In Progress,12
WC000286,CUST001490,P0351,ST0034,2023-05-24,2024-04-11,Charging port not working,Resolved,12
WC002389,CUST032135,P0049,ST0033,2024-03-05,2024-04-11,Screen flickering,Resolved,12
WC002668,CUST048798,P0394,ST0012,2023-06-12,2024-04-11,Screen flickering,Resolved,12
WC002710,CUST005379,P0417,ST0036,2023-11-04,2024-04-11,Charging port not working,Replaced,12
WC003382,CUST041229,P0306,ST0050,2023-05-09,2024-04-11,Overheating during use,In Progress,12
WC004678,CUST001036,P0153,ST0055,2023-08-13,2024-04-11,Camera not focusing,In Progress,12
WC005382,CUST013803,P0080,ST0052,2023-07-09,2024-04-11,Charging port not working,Resolved,12
WC000062,CUST029923,P0238,ST0006,2023-08-06,2024-04-12,Water damage,In Progress,12
WC000604,CUST025514,P0450,ST0043,2024-02-04,2024-04-12,Camera not focusing,Pending Pickup,12
WC002148,CUST039578,P0244,ST0036,2023-06-14,2024-04-12,Software update issue,Resolved,12
WC001611,CUST042411,P0560,ST0049,2023-05-29,2024-04-13,Charging port not working,Resolved,12
WC002990,CUST002380,P0075,ST0009,2023-12-10,2024-04-13,Network/SIM issue,Rejected - Out of Warranty,12
WC003028,CUST028045,P0522,ST0018,2023-10-19,2024-04-13,Physical damage - screen crack,Replaced,12
WC005105,CUST026813,P0177,ST0044,2024-04-07,2024-04-13,Camera not focusing,Resolved,24
WC005106,CUST006043,P0581,ST0017,2023-08-05,2024-04-13,Camera not focusing,Pending Pickup,12
WC005478,CUST020805,P0384,ST0029,2023-07-08,2024-04-13,Overheating during use,Rejected - Out of Warranty,12
WC005493,CUST047416,P0239,ST0012,2023-12-16,2024-04-13,Camera not focusing,Replaced,12
WC000013,CUST004618,P0497,ST0022,2023-05-12,2024-04-14,Software update issue,Resolved,12
WC000827,CUST010731,P0503,ST0049,2024-01-23,2024-04-14,Software update issue,Pending Pickup,12
WC002709,CUST008950,P0104,ST0001,2023-09-23,2024-04-14,Overheating during use,Rejected - Out of Warranty,12
WC002969,CUST024965,P0403,ST0049,2023-11-02,2024-04-14,Speaker/mic not working,Pending Pickup,12
WC003605,CUST024667,P0490,ST0057,2023-05-24,2024-04-14,Physical damage - screen crack,Rejected - Out of Warranty,12
WC005491,CUST006468,P0053,ST0006,2023-08-15,2024-04-14,Physical damage - screen crack,Resolved,24
WC001120,CUST008133,P0247,ST0052,2023-11-01,2024-04-15,Screen flickering,Pending Pickup,12
WC001140,CUST007940,P0262,ST0015,2022-10-20,2024-04-15,Physical damage - screen crack,Replaced,24
WC001499,CUST029070,P0517,ST0017,2024-01-12,2024-04-15,Water damage,Resolved,12
WC003072,CUST025003,P0553,ST0045,2023-08-30,2024-04-15,Charging port not working,Resolved,12
WC005258,CUST047521,P0231,ST0057,2023-07-14,2024-04-15,Overheating during use,Resolved,12
WC001217,CUST044554,P0116,ST0044,2023-11-20,2024-04-16,Physical damage - screen crack,Resolved,12
WC002132,CUST040330,P0499,ST0018,2023-08-08,2024-04-16,Water damage,Resolved,12
WC002430,CUST025606,P0297,ST0009,2023-02-24,2024-04-16,Network/SIM issue,Pending Pickup,24
WC003270,CUST028967,P0599,ST0023,2023-09-12,2024-04-16,Physical damage - screen crack,Rejected - Out of Warranty,12
WC004474,CUST005004,P0588,ST0008,2023-06-12,2024-04-16,Camera not focusing,Replaced,12
WC004742,CUST009877,P0560,ST0055,2023-08-03,2024-04-16,Speaker/mic not working,Rejected - Out of Warranty,12
WC005802,CUST027152,P0342,ST0021,2023-09-09,2024-04-16,Physical damage - screen crack,Rejected - Out of Warranty,12
WC001501,CUST007215,P0027,ST0054,2023-07-10,2024-04-17,Charging port not working,In Progress,12
WC002334,CUST014138,P0009,ST0051,2023-10-30,2024-04-17,Battery draining fast,Resolved,12
WC002691,CUST002249,P0318,ST0022,2024-01-12,2024-04-17,Screen flickering,Resolved,12
WC002366,CUST025437,P0288,ST0048,2023-05-25,2024-04-18,Battery draining fast,In Progress,12
WC003648,CUST013561,P0454,ST0051,2024-03-11,2024-04-18,Overheating during use,Pending Pickup,12
WC004594,CUST047068,P0305,ST0010,2024-01-30,2024-04-18,Overheating during use,Resolved,12
WC005188,CUST008181,P0473,ST0016,2024-04-16,2024-04-18,Physical damage - screen crack,Resolved,12
WC005232,CUST032076,P0171,ST0007,2023-06-07,2024-04-18,Software update issue,Pending Pickup,12
WC001220,CUST033381,P0189,ST0040,2024-02-16,2024-04-19,Screen flickering,In Progress,12
WC002517,CUST021306,P0254,ST0014,2023-11-17,2024-04-19,Overheating during use,Pending Pickup,12
WC002770,CUST001498,P0137,ST0056,2024-02-04,2024-04-19,Overheating during use,Replaced,12
WC003408,CUST038324,P0557,ST0023,2023-11-13,2024-04-19,Screen flickering,Resolved,12
WC004261,CUST019507,P0186,ST0049,2024-01-11,2024-04-19,Screen flickering,Resolved,12
WC004847,CUST042250,P0290,ST0020,2023-04-15,2024-04-19,Water damage,Resolved,24
WC000322,CUST022260,P0180,ST0025,2023-08-10,2024-04-20,Screen flickering,Replaced,12
WC000997,CUST042314,P0401,ST0043,2024-02-19,2024-04-20,Water damage,Resolved,12
WC002004,CUST014507,P0171,ST0051,2023-07-31,2024-04-20,Screen flickering,Replaced,12
WC002149,CUST005354,P0397,ST0001,2024-01-16,2024-04-20,Speaker/mic not working,Resolved,12
WC004165,CUST033305,P0394,ST0016,2023-11-09,2024-04-20,Water damage,In Progress,12
WC004704,CUST039436,P0285,ST0033,2023-09-22,2024-04-20,Overheating during use,In Progress,12
WC001530,CUST001699,P0003,ST0022,2023-12-17,2024-04-21,Camera not focusing,Resolved,12
WC002819,CUST011555,P0516,ST0014,2023-10-11,2024-04-21,Software update issue,Replaced,12
WC003093,CUST012454,P0254,ST0026,2024-01-28,2024-04-21,Software update issue,Rejected - Out of Warranty,12
WC003419,CUST020625,P0600,ST0019,2024-03-15,2024-04-21,Overheating during use,Resolved,12
WC004266,CUST011205,P0091,ST0055,2024-01-11,2024-04-21,Overheating during use,Resolved,12
WC004916,CUST002849,P0007,ST0039,2023-08-28,2024-04-21,Software update issue,Pending Pickup,12
WC005321,CUST014512,P0358,ST0028,2023-09-21,2024-04-21,Camera not focusing,Replaced,24
WC005501,CUST022386,P0569,ST0010,2023-05-30,2024-04-21,Speaker/mic not working,In Progress,12
WC002006,CUST046975,P0596,ST0021,2023-06-03,2024-04-22,Speaker/mic not working,Resolved,12
WC003656,CUST008817,P0258,ST0027,2023-05-11,2024-04-22,Battery draining fast,Replaced,12
WC005328,CUST001697,P0059,ST0044,2023-08-26,2024-04-22,Water damage,Resolved,12
WC001334,CUST030981,P0274,ST0033,2024-03-04,2024-04-23,Water damage,Resolved,12
WC001365,CUST044683,P0449,ST0049,2024-01-07,2024-04-23,Battery draining fast,Resolved,12
WC002098,CUST005518,P0326,ST0048,2023-05-16,2024-04-23,Software update issue,In Progress,12
WC003710,CUST018304,P0218,ST0052,2023-09-10,2024-04-23,Physical damage - screen crack,Replaced,12
WC004417,CUST002889,P0502,ST0033,2023-08-01,2024-04-23,Software update issue,Resolved,12
WC005545,CUST044183,P0596,ST0022,2024-02-18,2024-04-23,Overheating during use,Resolved,12
WC001986,CUST009537,P0336,ST0014,2023-11-17,2024-04-24,Software update issue,Rejected - Out of Warranty,12
WC004201,CUST034329,P0047,ST0054,2023-07-07,2024-04-24,Speaker/mic not working,In Progress,12
WC004787,CUST031190,P0106,ST0011,2024-02-19,2024-04-24,Battery draining fast,Pending Pickup,12
WC001854,CUST016489,P0079,ST0009,2023-02-01,2024-04-25,Screen flickering,In Progress,24
WC004083,CUST021615,P0442,ST0037,2023-10-24,2024-04-25,Overheating during use,Rejected - Out of Warranty,12
WC004098,CUST015813,P0325,ST0040,2023-02-10,2024-04-25,Charging port not working,Rejected - Out of Warranty,24
WC000430,CUST015598,P0497,ST0054,2024-04-10,2024-04-26,Speaker/mic not working,Resolved,12
WC004233,CUST014256,P0023,ST0031,2024-01-11,2024-04-26,Water damage,Pending Pickup,12
WC004275,CUST049372,P0448,ST0036,2024-02-29,2024-04-26,Screen flickering,Resolved,24
WC002619,CUST033651,P0160,ST0054,2023-09-29,2024-04-27,Battery draining fast,Pending Pickup,12
WC004785,CUST013786,P0335,ST0033,2023-12-29,2024-04-27,Speaker/mic not working,In Progress,12
WC005674,CUST048953,P0371,ST0016,2024-03-29,2024-04-27,Screen flickering,Pending Pickup,12
WC000965,CUST029120,P0474,ST0029,2023-05-11,2024-04-28,Camera not focusing,Replaced,12
WC003060,CUST025324,P0568,ST0033,2023-11-14,2024-04-28,Battery draining fast,In Progress,12
WC003848,CUST048196,P0277,ST0017,2023-11-14,2024-04-28,Overheating during use,Pending Pickup,12
WC004132,CUST041321,P0410,ST0046,2024-01-04,2024-04-28,Water damage,Rejected - Out of Warranty,12
WC004940,CUST035222,P0019,ST0049,2023-08-07,2024-04-28,Network/SIM issue,Resolved,12
WC005680,CUST007585,P0481,ST0041,2024-01-11,2024-04-28,Screen flickering,Resolved,12
WC000273,CUST031823,P0459,ST0047,2023-06-22,2024-04-29,Screen flickering,Resolved,12
WC000489,CUST046410,P0544,ST0042,2024-03-02,2024-04-29,Water damage,Pending Pickup,12
WC000878,CUST032316,P0118,ST0016,2023-06-10,2024-04-29,Network/SIM issue,Rejected - Out of Warranty,12
WC001897,CUST038713,P0034,ST0028,2024-04-23,2024-04-29,Camera not focusing,Resolved,12
WC002673,CUST013805,P0573,ST0023,2023-06-26,2024-04-29,Software update issue,Resolved,12
WC003128,CUST027884,P0310,ST0013,2023-07-22,2024-04-29,Battery draining fast,Pending Pickup,12
WC004565,CUST001906,P0033,ST0026,2023-11-20,2024-04-29,Speaker/mic not working,Resolved,12
WC005460,CUST039438,P0274,ST0014,2023-08-29,2024-04-29,Charging port not working,In Progress,12
WC005495,CUST013303,P0112,ST0016,2023-11-10,2024-04-29,Screen flickering,Resolved,12
WC000646,CUST045253,P0138,ST0006,2023-07-25,2024-04-30,Battery draining fast,Resolved,12
WC001136,CUST027264,P0170,ST0014,2023-08-30,2024-04-30,Battery draining fast,Pending Pickup,12
WC001966,CUST007492,P0082,ST0016,2024-04-29,2024-04-30,Camera not focusing,In Progress,12
WC002277,CUST002752,P0298,ST0027,2023-07-09,2024-04-30,Software update issue,Resolved,12
WC003787,CUST018598,P0502,ST0054,2024-04-03,2024-04-30,Battery draining fast,Rejected - Out of Warranty,12
WC004159,CUST003064,P0208,ST0018,2023-06-12,2024-04-30,Screen flickering,Replaced,12
WC004715,CUST005685,P0104,ST0055,2023-07-09,2024-04-30,Overheating during use,Resolved,12
WC005397,CUST025058,P0565,ST0041,2024-04-02,2024-04-30,Speaker/mic not working,Pending Pickup,12
WC005820,CUST033680,P0161,ST0004,2023-07-05,2024-04-30,Speaker/mic not working,Resolved,12
WC001549,CUST027935,P0180,ST0047,2023-05-20,2024-05-01,Software update issue,Resolved,12
WC001859,CUST007416,P0537,ST0004,2024-04-04,2024-05-01,Screen flickering,Resolved,12
WC002392,CUST025790,P0137,ST0020,2024-02-27,2024-05-01,Speaker/mic not working,In Progress,12
WC003733,CUST019854,P0360,ST0038,2023-11-13,2024-05-01,Battery draining fast,Resolved,12
WC003858,CUST031669,P0573,ST0052,2024-03-16,2024-05-01,Camera not focusing,Rejected - Out of Warranty,12
WC004106,CUST044211,P0072,ST0050,2024-02-14,2024-05-01,Water damage,Replaced,12
WC005855,CUST026137,P0282,ST0053,2023-09-10,2024-05-01,Water damage,Pending Pickup,12
WC000045,CUST004574,P0052,ST0024,2023-10-25,2024-05-02,Physical damage - screen crack,Replaced,12
WC000994,CUST012040,P0140,ST0031,2023-11-15,2024-05-02,Camera not focusing,Pending Pickup,12
WC001876,CUST021261,P0093,ST0005,2024-01-04,2024-05-02,Network/SIM issue,In Progress,12
WC004350,CUST047192,P0130,ST0023,2024-01-29,2024-05-02,Physical damage - screen crack,Resolved,12
WC000524,CUST020242,P0310,ST0030,2023-09-30,2024-05-03,Water damage,In Progress,12
WC000597,CUST040057,P0336,ST0029,2024-03-08,2024-05-03,Screen flickering,Resolved,12
WC001838,CUST010772,P0133,ST0037,2023-06-07,2024-05-03,Camera not focusing,Resolved,12
WC002583,CUST042414,P0388,ST0025,2022-06-05,2024-05-03,Physical damage - screen crack,In Progress,24
WC004095,CUST048995,P0122,ST0058,2023-10-10,2024-05-03,Charging port not working,In Progress,12
WC002150,CUST018918,P0472,ST0026,2022-09-01,2024-05-04,Speaker/mic not working,Resolved,24
WC002563,CUST044072,P0331,ST0057,2023-12-24,2024-05-04,Network/SIM issue,In Progress,12
WC002829,CUST037799,P0509,ST0049,2023-01-08,2024-05-04,Screen flickering,Rejected - Out of Warranty,24
WC002909,CUST005323,P0367,ST0004,2023-08-07,2024-05-04,Network/SIM issue,Resolved,12
WC004160,CUST036235,P0304,ST0056,2023-09-23,2024-05-04,Speaker/mic not working,Resolved,12
WC005189,CUST043918,P0257,ST0058,2023-06-28,2024-05-04,Charging port not working,Resolved,12
WC000681,CUST028588,P0209,ST0058,2023-09-15,2024-05-05,Network/SIM issue,Resolved,12
WC005546,CUST012869,P0588,ST0053,2023-10-29,2024-05-05,Camera not focusing,In Progress,12
WC000299,CUST037340,P0533,ST0059,2023-08-31,2024-05-06,Water damage,Pending Pickup,12
WC001048,CUST030380,P0534,ST0054,2023-04-08,2024-05-06,Screen flickering,Pending Pickup,24
WC003413,CUST001073,P0250,ST0024,2023-06-20,2024-05-06,Speaker/mic not working,Resolved,12
WC004280,CUST011028,P0523,ST0004,2023-11-15,2024-05-06,Overheating during use,In Progress,12
WC004743,CUST001728,P0110,ST0036,2024-05-03,2024-05-06,Battery draining fast,Resolved,12
WC000658,CUST019916,P0005,ST0043,2023-07-21,2024-05-07,Speaker/mic not working,Pending Pickup,24
WC002438,CUST035084,P0255,ST0046,2023-05-15,2024-05-07,Camera not focusing,Resolved,12
WC003362,CUST015022,P0010,ST0034,2023-06-18,2024-05-07,Charging port not working,In Progress,12
WC004075,CUST002389,P0111,ST0059,2023-08-25,2024-05-07,Network/SIM issue,Pending Pickup,12
WC004471,CUST009247,P0233,ST0032,2024-04-09,2024-05-07,Speaker/mic not working,Replaced,12
WC001109,CUST028883,P0333,ST0027,2024-02-04,2024-05-08,Water damage,Resolved,12
WC001595,CUST045620,P0522,ST0006,2023-06-07,2024-05-08,Screen flickering,Resolved,12
WC002130,CUST007782,P0067,ST0028,2023-11-22,2024-05-08,Overheating during use,Resolved,12
WC002379,CUST039855,P0124,ST0006,2024-03-01,2024-05-08,Overheating during use,Replaced,24
WC003210,CUST031018,P0539,ST0009,2023-08-18,2024-05-08,Speaker/mic not working,Resolved,12
WC003226,CUST004576,P0071,ST0037,2023-07-21,2024-05-08,Battery draining fast,Pending Pickup,12
WC003428,CUST037527,P0407,ST0033,2023-11-13,2024-05-08,Speaker/mic not working,Rejected - Out of Warranty,12
WC003520,CUST035168,P0102,ST0054,2023-12-27,2024-05-08,Speaker/mic not working,Resolved,12
WC001722,CUST037729,P0486,ST0040,2023-05-06,2024-05-09,Overheating during use,Rejected - Out of Warranty,24
WC002056,CUST007405,P0518,ST0015,2023-09-02,2024-05-09,Battery draining fast,Resolved,12
WC002605,CUST008680,P0174,ST0004,2023-05-23,2024-05-09,Physical damage - screen crack,Resolved,12
WC005482,CUST037405,P0010,ST0032,2023-10-17,2024-05-09,Network/SIM issue,Rejected - Out of Warranty,12
WC005684,CUST035034,P0186,ST0056,2024-02-22,2024-05-09,Battery draining fast,Pending Pickup,12
WC000188,CUST005806,P0394,ST0045,2023-09-14,2024-05-10,Charging port not working,Replaced,12
WC000634,CUST018459,P0062,ST0051,2023-09-22,2024-05-10,Charging port not working,Replaced,12
WC000971,CUST020514,P0113,ST0046,2023-11-09,2024-05-10,Physical damage - screen crack,Resolved,12
WC001212,CUST040750,P0356,ST0041,2024-02-20,2024-05-10,Overheating during use,Resolved,12
WC002423,CUST040754,P0545,ST0039,2023-06-20,2024-05-10,Speaker/mic not working,Resolved,12
WC003027,CUST008271,P0455,ST0037,2023-11-22,2024-05-10,Overheating during use,Resolved,12
WC003271,CUST039788,P0091,ST0040,2024-05-03,2024-05-10,Physical damage - screen crack,Pending Pickup,12
WC002315,CUST046272,P0427,ST0004,2024-01-16,2024-05-11,Software update issue,Replaced,12
WC003140,CUST009890,P0055,ST0043,2023-06-30,2024-05-11,Screen flickering,Resolved,12
WC003559,CUST036191,P0598,ST0040,2024-03-26,2024-05-11,Speaker/mic not working,Rejected - Out of Warranty,12
WC000911,CUST012542,P0210,ST0026,2024-04-09,2024-05-12,Speaker/mic not working,Pending Pickup,12
WC002373,CUST030430,P0057,ST0011,2024-04-27,2024-05-12,Speaker/mic not working,Resolved,12
WC004203,CUST047608,P0286,ST0033,2023-10-21,2024-05-12,Software update issue,Resolved,12
WC005005,CUST011691,P0181,ST0034,2023-06-27,2024-05-12,Battery draining fast,Pending Pickup,12
WC005090,CUST047068,P0506,ST0043,2023-12-31,2024-05-12,Charging port not working,Resolved,12
WC005191,CUST028384,P0581,ST0053,2024-01-27,2024-05-12,Speaker/mic not working,In Progress,12
WC005407,CUST040023,P0367,ST0039,2023-06-19,2024-05-12,Speaker/mic not working,Rejected - Out of Warranty,12
WC005891,CUST013337,P0159,ST0024,2024-01-10,2024-05-12,Water damage,Resolved,12
WC001173,CUST013988,P0406,ST0019,2024-01-26,2024-05-13,Camera not focusing,In Progress,12
WC002683,CUST042157,P0064,ST0030,2023-11-08,2024-05-13,Speaker/mic not working,Pending Pickup,12
WC003522,CUST024823,P0277,ST0045,2024-01-28,2024-05-13,Water damage,Replaced,12
WC003663,CUST026058,P0503,ST0032,2024-03-23,2024-05-13,Software update issue,Resolved,12
WC004606,CUST010751,P0164,ST0049,2023-12-23,2024-05-13,Camera not focusing,Resolved,12
WC004815,CUST027182,P0234,ST0009,2024-04-04,2024-05-13,Overheating during use,Replaced,12
WC004844,CUST008923,P0034,ST0053,2024-04-22,2024-05-13,Water damage,Replaced,12
WC003687,CUST022017,P0110,ST0029,2024-03-24,2024-05-14,Software update issue,Resolved,12
WC003880,CUST025125,P0238,ST0028,2023-09-23,2024-05-14,Screen flickering,Rejected - Out of Warranty,12
WC004330,CUST010672,P0500,ST0053,2023-08-27,2024-05-14,Camera not focusing,Resolved,12
WC004355,CUST044166,P0119,ST0031,2023-06-14,2024-05-14,Charging port not working,Resolved,12
WC000513,CUST028473,P0315,ST0040,2023-06-28,2024-05-15,Charging port not working,Pending Pickup,12
WC001665,CUST002514,P0077,ST0016,2023-11-30,2024-05-15,Water damage,Rejected - Out of Warranty,12
WC002851,CUST038806,P0185,ST0017,2023-10-30,2024-05-15,Speaker/mic not working,Pending Pickup,12
WC003778,CUST022931,P0480,ST0023,2024-03-17,2024-05-15,Software update issue,Resolved,12
WC004394,CUST016324,P0391,ST0032,2023-07-16,2024-05-15,Speaker/mic not working,Rejected - Out of Warranty,12
WC005290,CUST030617,P0079,ST0024,2022-12-06,2024-05-15,Water damage,Replaced,24
WC005529,CUST042487,P0047,ST0024,2023-12-14,2024-05-15,Battery draining fast,Rejected - Out of Warranty,12
WC000130,CUST011287,P0470,ST0057,2023-05-26,2024-05-16,Water damage,In Progress,12
WC000530,CUST018808,P0520,ST0026,2024-01-11,2024-05-16,Camera not focusing,Resolved,12
WC002317,CUST010742,P0521,ST0006,2023-05-29,2024-05-16,Battery draining fast,Pending Pickup,12
WC002431,CUST029564,P0083,ST0036,2023-10-16,2024-05-16,Network/SIM issue,Pending Pickup,24
WC003889,CUST001006,P0074,ST0007,2024-01-15,2024-05-16,Camera not focusing,Resolved,24
WC005444,CUST030365,P0061,ST0031,2023-07-01,2024-05-16,Software update issue,Resolved,12
WC000574,CUST045679,P0368,ST0023,2023-10-14,2024-05-17,Screen flickering,Resolved,12
WC000876,CUST048183,P0086,ST0001,2023-10-16,2024-05-17,Screen flickering,Resolved,12
WC001145,CUST010539,P0538,ST0019,2023-10-10,2024-05-17,Battery draining fast,Resolved,12
WC005641,CUST018522,P0013,ST0010,2023-11-26,2024-05-17,Charging port not working,Resolved,12
WC000813,CUST038685,P0558,ST0007,2023-09-23,2024-05-18,Speaker/mic not working,Resolved,12
WC001727,CUST048480,P0004,ST0013,2023-04-10,2024-05-18,Water damage,Resolved,24
WC002031,CUST008658,P0350,ST0025,2024-05-16,2024-05-18,Charging port not working,Rejected - Out of Warranty,12
WC002165,CUST015655,P0460,ST0047,2024-04-08,2024-05-18,Charging port not working,Replaced,12
WC002384,CUST042012,P0590,ST0043,2023-11-22,2024-05-18,Screen flickering,Rejected - Out of Warranty,12
WC003568,CUST031293,P0219,ST0054,2023-06-17,2024-05-18,Physical damage - screen crack,Resolved,12
WC004348,CUST029578,P0517,ST0017,2024-03-29,2024-05-18,Screen flickering,Resolved,12
WC004655,CUST019814,P0533,ST0034,2023-06-23,2024-05-18,Water damage,Pending Pickup,12
WC004767,CUST014372,P0363,ST0015,2023-06-19,2024-05-18,Battery draining fast,Replaced,12
WC005237,CUST012509,P0572,ST0014,2023-08-07,2024-05-18,Physical damage - screen crack,Replaced,24
WC000519,CUST009528,P0146,ST0024,2023-11-13,2024-05-19,Camera not focusing,Rejected - Out of Warranty,12
WC001344,CUST002935,P0107,ST0002,2023-06-29,2024-05-19,Overheating during use,In Progress,12
WC001714,CUST049799,P0290,ST0009,2022-12-21,2024-05-19,Software update issue,Resolved,24
WC002037,CUST028739,P0051,ST0044,2023-10-25,2024-05-19,Speaker/mic not working,In Progress,12
WC002545,CUST043433,P0221,ST0001,2023-06-19,2024-05-19,Software update issue,Resolved,12
WC000065,CUST034734,P0134,ST0054,2023-11-16,2024-05-20,Camera not focusing,Resolved,12
WC001376,CUST025706,P0110,ST0001,2023-07-04,2024-05-20,Screen flickering,Rejected - Out of Warranty,12
WC001675,CUST011033,P0241,ST0056,2024-01-15,2024-05-20,Water damage,Resolved,12
WC001952,CUST027064,P0584,ST0010,2024-02-24,2024-05-20,Screen flickering,Resolved,12
WC002573,CUST011652,P0434,ST0039,2023-06-14,2024-05-20,Charging port not working,Replaced,12
WC004978,CUST043868,P0487,ST0019,2023-07-06,2024-05-20,Overheating during use,Resolved,12
WC000016,CUST049684,P0007,ST0049,2024-01-19,2024-05-21,Screen flickering,Replaced,12
WC000774,CUST030389,P0496,ST0002,2024-02-04,2024-05-21,Charging port not working,Resolved,12
WC002126,CUST022883,P0437,ST0038,2023-07-14,2024-05-21,Physical damage - screen crack,Resolved,12
WC002706,CUST027962,P0361,ST0013,2023-12-03,2024-05-21,Water damage,Replaced,12
WC003686,CUST029343,P0483,ST0006,2023-10-24,2024-05-21,Battery draining fast,Resolved,24
WC004876,CUST038708,P0495,ST0038,2023-10-24,2024-05-21,Camera not focusing,Replaced,12
WC001331,CUST041860,P0502,ST0059,2023-06-26,2024-05-22,Physical damage - screen crack,Resolved,12
WC004341,CUST020489,P0256,ST0056,2023-10-28,2024-05-22,Charging port not working,Pending Pickup,12
WC004515,CUST017194,P0444,ST0022,2023-11-05,2024-05-22,Overheating during use,In Progress,12
WC001359,CUST023351,P0375,ST0006,2024-04-26,2024-05-23,Overheating during use,Pending Pickup,24
WC001994,CUST008502,P0077,ST0001,2023-07-27,2024-05-23,Network/SIM issue,Resolved,12
WC002042,CUST023692,P0214,ST0046,2023-11-17,2024-05-23,Software update issue,Rejected - Out of Warranty,12
WC002202,CUST013978,P0093,ST0040,2024-03-29,2024-05-23,Battery draining fast,Resolved,12
WC003500,CUST047565,P0133,ST0007,2024-05-19,2024-05-23,Battery draining fast,In Progress,12
WC003708,CUST003078,P0265,ST0027,2024-03-09,2024-05-23,Screen flickering,Resolved,12
WC004194,CUST006122,P0094,ST0035,2023-06-27,2024-05-23,Physical damage - screen crack,Resolved,12
WC001944,CUST026803,P0353,ST0019,2023-08-10,2024-05-24,Software update issue,In Progress,12
WC003052,CUST040387,P0202,ST0054,2023-11-11,2024-05-24,Overheating during use,Resolved,12
WC000671,CUST045608,P0298,ST0037,2024-04-18,2024-05-25,Charging port not working,Replaced,12
WC002116,CUST006065,P0030,ST0049,2023-02-05,2024-05-25,Software update issue,Replaced,24
WC001190,CUST043010,P0567,ST0014,2023-11-25,2024-05-26,Camera not focusing,Resolved,12
WC002073,CUST039718,P0248,ST0019,2024-02-21,2024-05-26,Water damage,Pending Pickup,12
WC002369,CUST049100,P0406,ST0007,2024-04-29,2024-05-26,Battery draining fast,Resolved,12
WC002733,CUST008786,P0396,ST0017,2023-08-05,2024-05-26,Screen flickering,Pending Pickup,12
WC000356,CUST039968,P0261,ST0018,2024-03-25,2024-05-27,Screen flickering,Pending Pickup,12
WC001297,CUST016248,P0313,ST0038,2023-12-14,2024-05-27,Physical damage - screen crack,In Progress,12
WC004861,CUST033445,P0383,ST0046,2023-09-05,2024-05-27,Battery draining fast,Rejected - Out of Warranty,24
WC000556,CUST040598,P0021,ST0028,2023-08-24,2024-05-28,Speaker/mic not working,In Progress,12
WC001059,CUST014961,P0366,ST0044,2023-10-19,2024-05-28,Battery draining fast,Resolved,12
WC001318,CUST012584,P0293,ST0041,2023-04-13,2024-05-28,Overheating during use,Replaced,24
WC002279,CUST016687,P0594,ST0013,2023-09-08,2024-05-28,Camera not focusing,Pending Pickup,12
WC002831,CUST011227,P0056,ST0039,2022-09-03,2024-05-28,Battery draining fast,Pending Pickup,24
WC003416,CUST034709,P0474,ST0014,2024-01-22,2024-05-28,Speaker/mic not working,Pending Pickup,12
WC005785,CUST016368,P0521,ST0047,2024-02-29,2024-05-28,Screen flickering,Resolved,12
WC000382,CUST000107,P0543,ST0019,2023-05-20,2024-05-29,Speaker/mic not working,Replaced,24
WC001752,CUST037894,P0596,ST0012,2024-05-19,2024-05-29,Software update issue,Pending Pickup,12
WC003129,CUST017906,P0422,ST0054,2023-07-07,2024-05-29,Camera not focusing,Rejected - Out of Warranty,12
WC003436,CUST049337,P0588,ST0017,2023-10-22,2024-05-29,Water damage,Pending Pickup,12
WC004696,CUST039699,P0355,ST0025,2023-08-11,2024-05-29,Software update issue,Pending Pickup,12
WC005108,CUST012242,P0148,ST0023,2023-11-03,2024-05-29,Camera not focusing,Resolved,12
WC001143,CUST029157,P0598,ST0006,2024-03-07,2024-05-30,Speaker/mic not working,Resolved,12
WC002401,CUST035334,P0458,ST0005,2023-08-19,2024-05-30,Network/SIM issue,Replaced,12
WC004362,CUST011273,P0026,ST0041,2023-08-22,2024-05-30,Charging port not working,Rejected - Out of Warranty,12
WC001025,CUST000927,P0069,ST0038,2023-09-27,2024-05-31,Speaker/mic not working,Replaced,12
WC001500,CUST031369,P0531,ST0035,2023-08-09,2024-05-31,Battery draining fast,Pending Pickup,12
WC004909,CUST023938,P0347,ST0010,2024-03-10,2024-05-31,Battery draining fast,In Progress,12
WC000683,CUST023969,P0010,ST0053,2024-02-16,2024-06-01,Software update issue,Pending Pickup,12
WC000686,CUST021575,P0025,ST0047,2023-06-13,2024-06-01,Physical damage - screen crack,Resolved,24
WC001134,CUST022480,P0486,ST0031,2024-01-02,2024-06-01,Physical damage - screen crack,Resolved,24
WC002631,CUST028437,P0138,ST0024,2024-05-05,2024-06-01,Network/SIM issue,Rejected - Out of Warranty,12
WC002930,CUST043316,P0041,ST0038,2024-05-28,2024-06-01,Network/SIM issue,Replaced,12
WC004102,CUST017025,P0428,ST0039,2023-07-16,2024-06-01,Software update issue,Resolved,12
WC004183,CUST036572,P0252,ST0026,2023-09-08,2024-06-01,Speaker/mic not working,Resolved,12
WC004794,CUST041879,P0140,ST0006,2023-06-23,2024-06-01,Camera not focusing,Replaced,12
WC005117,CUST014604,P0204,ST0039,2024-01-31,2024-06-01,Physical damage - screen crack,Rejected - Out of Warranty,12
WC005714,CUST001086,P0589,ST0043,2023-07-19,2024-06-01,Screen flickering,In Progress,12
WC000118,CUST004677,P0406,ST0053,2024-02-10,2024-06-02,Battery draining fast,Resolved,12
WC000259,CUST025036,P0578,ST0049,2023-07-31,2024-06-02,Screen flickering,In Progress,12
WC002835,CUST006981,P0411,ST0019,2023-09-27,2024-06-02,Water damage,In Progress,12
WC003739,CUST025192,P0144,ST0038,2024-03-05,2024-06-02,Network/SIM issue,Pending Pickup,12
WC000155,CUST025217,P0215,ST0028,2023-09-09,2024-06-03,Physical damage - screen crack,Replaced,12
WC001039,CUST046609,P0432,ST0028,2023-07-23,2024-06-03,Overheating during use,Resolved,12
WC003305,CUST046739,P0404,ST0032,2023-10-26,2024-06-03,Network/SIM issue,Pending Pickup,12
WC003410,CUST028319,P0019,ST0028,2024-02-21,2024-06-03,Overheating during use,Pending Pickup,12
WC003802,CUST007005,P0387,ST0050,2023-07-09,2024-06-03,Physical damage - screen crack,Resolved,12
WC004705,CUST020263,P0215,ST0053,2023-10-11,2024-06-03,Overheating during use,In Progress,12
WC000920,CUST027416,P0442,ST0037,2023-07-19,2024-06-04,Screen flickering,In Progress,12
WC001427,CUST019477,P0310,ST0050,2023-09-20,2024-06-04,Physical damage - screen crack,Rejected - Out of Warranty,12
WC002291,CUST005589,P0114,ST0002,2023-11-15,2024-06-04,Camera not focusing,Rejected - Out of Warranty,12
WC003223,CUST030293,P0223,ST0046,2023-06-20,2024-06-04,Speaker/mic not working,Replaced,12
WC005503,CUST017202,P0596,ST0045,2023-12-27,2024-06-04,Water damage,Resolved,12
WC001183,CUST024083,P0294,ST0049,2024-05-22,2024-06-05,Battery draining fast,In Progress,12
WC001192,CUST034534,P0546,ST0011,2023-07-30,2024-06-05,Physical damage - screen crack,Resolved,12
WC001322,CUST028396,P0414,ST0007,2023-09-12,2024-06-05,Physical damage - screen crack,Pending Pickup,12
WC005661,CUST017956,P0318,ST0054,2023-08-13,2024-06-05,Physical damage - screen crack,Rejected - Out of Warranty,12
WC000135,CUST012494,P0180,ST0045,2023-12-18,2024-06-06,Overheating during use,Rejected - Out of Warranty,12
WC001389,CUST031674,P0240,ST0001,2024-03-20,2024-06-06,Charging port not working,In Progress,12
WC002301,CUST026424,P0047,ST0040,2023-06-27,2024-06-06,Network/SIM issue,In Progress,12
WC002309,CUST002157,P0223,ST0049,2023-12-03,2024-06-06,Camera not focusing,Resolved,12
WC002478,CUST023295,P0262,ST0002,2024-03-03,2024-06-06,Water damage,Replaced,24
WC003697,CUST026179,P0195,ST0045,2023-09-09,2024-06-06,Camera not focusing,In Progress,12
WC004096,CUST034030,P0176,ST0040,2023-07-22,2024-06-06,Software update issue,In Progress,12
WC004832,CUST041940,P0565,ST0021,2023-07-31,2024-06-06,Overheating during use,Pending Pickup,12
WC000119,CUST049387,P0431,ST0015,2024-02-14,2024-06-07,Network/SIM issue,Replaced,12
WC000729,CUST027021,P0244,ST0037,2024-05-06,2024-06-07,Physical damage - screen crack,Resolved,12
WC000937,CUST036591,P0007,ST0051,2024-05-17,2024-06-07,Software update issue,Pending Pickup,12
WC002435,CUST003264,P0096,ST0036,2024-05-30,2024-06-07,Charging port not working,In Progress,12
WC003188,CUST032924,P0587,ST0002,2023-11-19,2024-06-07,Overheating during use,In Progress,12
WC004481,CUST022035,P0262,ST0050,2022-12-09,2024-06-07,Screen flickering,Pending Pickup,24
WC003295,CUST037816,P0498,ST0045,2024-05-10,2024-06-08,Software update issue,Replaced,12
WC004145,CUST026896,P0432,ST0060,2024-04-14,2024-06-08,Network/SIM issue,Pending Pickup,12
WC005249,CUST039048,P0315,ST0031,2023-10-14,2024-06-08,Battery draining fast,Resolved,12
WC000448,CUST010699,P0096,ST0043,2023-06-18,2024-06-09,Charging port not working,Resolved,12
WC001371,CUST004766,P0013,ST0040,2023-12-22,2024-06-09,Camera not focusing,Resolved,12
WC001390,CUST030824,P0251,ST0047,2023-11-14,2024-06-09,Water damage,Replaced,12
WC002479,CUST041734,P0260,ST0045,2023-10-25,2024-06-09,Water damage,In Progress,12
WC002504,CUST032251,P0222,ST0016,2023-11-15,2024-06-09,Physical damage - screen crack,Resolved,12
WC002886,CUST021270,P0158,ST0004,2023-04-19,2024-06-09,Software update issue,Resolved,24
WC000285,CUST000945,P0347,ST0019,2024-01-14,2024-06-10,Screen flickering,Pending Pickup,12
WC001875,CUST041258,P0516,ST0059,2024-03-05,2024-06-10,Water damage,Resolved,12
WC002948,CUST020700,P0432,ST0016,2023-06-24,2024-06-10,Water damage,Resolved,12
WC000454,CUST035373,P0407,ST0002,2023-07-24,2024-06-11,Screen flickering,Pending Pickup,12
WC000484,CUST022113,P0201,ST0042,2023-09-18,2024-06-11,Software update issue,Resolved,12
WC001539,CUST008059,P0259,ST0045,2022-12-12,2024-06-11,Network/SIM issue,Resolved,24
WC004917,CUST000355,P0265,ST0042,2023-06-27,2024-06-11,Physical damage - screen crack,In Progress,12
WC005146,CUST027658,P0160,ST0018,2023-06-23,2024-06-11,Overheating during use,Rejected - Out of Warranty,12
WC001164,CUST037602,P0151,ST0004,2023-12-05,2024-06-12,Overheating during use,Replaced,12
WC001608,CUST040808,P0416,ST0058,2023-06-21,2024-06-12,Camera not focusing,Replaced,12
WC003901,CUST033398,P0120,ST0012,2023-12-20,2024-06-12,Speaker/mic not working,Replaced,12
WC004360,CUST042454,P0546,ST0015,2024-03-01,2024-06-12,Water damage,Resolved,12
WC005095,CUST027844,P0444,ST0050,2023-06-23,2024-06-12,Overheating during use,In Progress,12
WC000087,CUST025888,P0044,ST0025,2024-04-22,2024-06-13,Network/SIM issue,Replaced,12
WC000563,CUST033491,P0332,ST0038,2024-03-09,2024-06-13,Screen flickering,Resolved,12
WC001408,CUST008812,P0493,ST0001,2024-03-31,2024-06-13,Battery draining fast,Resolved,12
WC001505,CUST016941,P0167,ST0035,2024-04-28,2024-06-13,Software update issue,Replaced,24
WC001725,CUST032804,P0564,ST0034,2023-11-16,2024-06-13,Software update issue,Resolved,12
WC002457,CUST005180,P0459,ST0035,2024-05-27,2024-06-13,Physical damage - screen crack,Resolved,12
WC003285,CUST020975,P0317,ST0033,2024-02-29,2024-06-13,Water damage,Resolved,12
WC005049,CUST026849,P0140,ST0016,2024-04-22,2024-06-13,Screen flickering,Resolved,12
WC005760,CUST049299,P0464,ST0058,2024-05-02,2024-06-13,Charging port not working,In Progress,12
WC000177,CUST048484,P0120,ST0008,2023-06-21,2024-06-14,Charging port not working,Replaced,12
WC001110,CUST035082,P0115,ST0007,2023-11-29,2024-06-14,Battery draining fast,In Progress,12
WC001260,CUST048964,P0046,ST0018,2023-08-27,2024-06-14,Software update issue,Pending Pickup,12
WC001773,CUST044508,P0218,ST0024,2023-09-29,2024-06-14,Physical damage - screen crack,Pending Pickup,12
WC002367,CUST005715,P0337,ST0044,2024-04-29,2024-06-14,Battery draining fast,Rejected - Out of Warranty,12
WC005244,CUST034389,P0286,ST0046,2023-07-21,2024-06-14,Charging port not working,Resolved,12
WC002338,CUST017878,P0330,ST0034,2024-02-22,2024-06-15,Overheating during use,Resolved,12
WC002932,CUST007463,P0124,ST0014,2023-05-09,2024-06-15,Overheating during use,Resolved,24
WC003268,CUST038413,P0071,ST0006,2024-06-05,2024-06-15,Network/SIM issue,Rejected - Out of Warranty,12
WC003818,CUST014592,P0596,ST0045,2023-10-20,2024-06-15,Water damage,Resolved,12
WC004542,CUST032408,P0530,ST0016,2023-09-23,2024-06-15,Speaker/mic not working,Pending Pickup,12
WC005269,CUST028190,P0179,ST0040,2023-11-02,2024-06-15,Software update issue,In Progress,12
WC001512,CUST034411,P0004,ST0047,2023-06-02,2024-06-16,Charging port not working,Replaced,24
WC002874,CUST031565,P0057,ST0050,2023-08-04,2024-06-16,Physical damage - screen crack,In Progress,12
WC003952,CUST006132,P0341,ST0018,2024-05-22,2024-06-16,Network/SIM issue,Resolved,12
WC005037,CUST018969,P0134,ST0038,2023-07-25,2024-06-16,Charging port not working,Resolved,12
WC000051,CUST039220,P0198,ST0055,2023-11-30,2024-06-17,Charging port not working,Resolved,12
WC000437,CUST025669,P0359,ST0058,2023-07-22,2024-06-17,Water damage,Pending Pickup,12
WC000687,CUST044739,P0449,ST0036,2024-04-18,2024-06-17,Water damage,In Progress,12
WC000952,CUST023855,P0476,ST0044,2023-05-28,2024-06-17,Charging port not working,Resolved,24
WC002664,CUST007379,P0346,ST0047,2024-02-01,2024-06-17,Physical damage - screen crack,Replaced,12
WC003077,CUST012069,P0210,ST0055,2023-12-17,2024-06-17,Water damage,Rejected - Out of Warranty,12
WC004082,CUST036543,P0023,ST0001,2024-02-17,2024-06-17,Screen flickering,Replaced,12
WC004661,CUST030028,P0433,ST0022,2023-08-11,2024-06-17,Network/SIM issue,Rejected - Out of Warranty,12
WC000756,CUST009971,P0348,ST0057,2023-07-05,2024-06-18,Physical damage - screen crack,Pending Pickup,12
WC001586,CUST000536,P0069,ST0015,2024-05-29,2024-06-18,Water damage,Pending Pickup,12
WC001652,CUST019192,P0075,ST0038,2023-10-23,2024-06-18,Water damage,Resolved,12
WC005386,CUST001176,P0199,ST0045,2024-03-15,2024-06-18,Software update issue,In Progress,12
WC001175,CUST037537,P0565,ST0004,2024-01-18,2024-06-19,Software update issue,Resolved,12
WC001577,CUST009291,P0574,ST0009,2023-08-07,2024-06-19,Physical damage - screen crack,In Progress,12
WC001967,CUST017058,P0397,ST0052,2024-01-14,2024-06-19,Physical damage - screen crack,Resolved,12
WC002444,CUST047329,P0331,ST0034,2023-07-14,2024-06-19,Screen flickering,Pending Pickup,12
WC000303,CUST018898,P0424,ST0030,2024-03-31,2024-06-20,Battery draining fast,Rejected - Out of Warranty,12
WC002397,CUST007358,P0535,ST0020,2023-11-01,2024-06-20,Camera not focusing,Replaced,12
WC003477,CUST048879,P0065,ST0017,2023-11-07,2024-06-20,Battery draining fast,Replaced,12
WC004024,CUST036990,P0242,ST0059,2024-01-01,2024-06-20,Overheating during use,Replaced,12
WC005635,CUST020457,P0531,ST0059,2023-08-24,2024-06-20,Network/SIM issue,Pending Pickup,12
WC005948,CUST011988,P0134,ST0057,2024-03-03,2024-06-20,Overheating during use,Resolved,12
WC002086,CUST018293,P0026,ST0004,2024-02-24,2024-06-21,Overheating during use,Resolved,12
WC002216,CUST038570,P0067,ST0031,2023-07-11,2024-06-21,Overheating during use,Rejected - Out of Warranty,12
WC004613,CUST042077,P0183,ST0039,2024-03-12,2024-06-21,Screen flickering,In Progress,12
WC005228,CUST040080,P0082,ST0006,2023-12-01,2024-06-21,Water damage,Pending Pickup,12
WC001300,CUST008587,P0188,ST0001,2023-12-07,2024-06-22,Speaker/mic not working,Resolved,24
WC004457,CUST034514,P0127,ST0026,2023-08-19,2024-06-22,Speaker/mic not working,In Progress,12
WC005935,CUST012219,P0170,ST0060,2023-07-13,2024-06-22,Network/SIM issue,Resolved,12
WC000232,CUST039268,P0173,ST0049,2024-03-21,2024-06-23,Camera not focusing,Pending Pickup,12
WC000343,CUST015315,P0040,ST0033,2023-10-15,2024-06-23,Software update issue,Resolved,12
WC000582,CUST002219,P0587,ST0012,2024-03-18,2024-06-23,Battery draining fast,Resolved,12
WC000654,CUST046206,P0546,ST0032,2023-09-15,2024-06-23,Physical damage - screen crack,In Progress,12
WC003844,CUST017529,P0495,ST0014,2024-03-27,2024-06-23,Screen flickering,Replaced,12
WC004123,CUST005734,P0014,ST0054,2023-08-26,2024-06-23,Charging port not working,Resolved,12
WC000032,CUST014420,P0012,ST0006,2023-08-25,2024-06-24,Speaker/mic not working,Resolved,12
WC000744,CUST015558,P0468,ST0005,2024-05-22,2024-06-24,Screen flickering,Pending Pickup,12
WC002427,CUST019016,P0067,ST0007,2024-03-26,2024-06-24,Screen flickering,Replaced,12
WC005523,CUST032032,P0425,ST0057,2024-01-18,2024-06-24,Network/SIM issue,Replaced,12
WC000695,CUST026474,P0047,ST0028,2024-03-16,2024-06-26,Network/SIM issue,Resolved,12
WC001167,CUST018054,P0171,ST0053,2024-01-05,2024-06-26,Network/SIM issue,In Progress,12
WC002522,CUST033375,P0219,ST0047,2023-09-24,2024-06-26,Speaker/mic not working,Pending Pickup,12
WC002624,CUST013535,P0110,ST0036,2023-09-10,2024-06-26,Screen flickering,Resolved,12
WC004313,CUST014198,P0570,ST0052,2024-04-16,2024-06-26,Software update issue,Resolved,12
WC005261,CUST009135,P0213,ST0032,2023-10-20,2024-06-26,Water damage,Rejected - Out of Warranty,12
WC005310,CUST048057,P0597,ST0005,2023-11-28,2024-06-26,Charging port not working,Resolved,12
WC005719,CUST007850,P0354,ST0058,2023-08-17,2024-06-26,Water damage,Resolved,12
WC005923,CUST035444,P0218,ST0010,2024-06-06,2024-06-26,Camera not focusing,Resolved,12
WC001791,CUST006089,P0143,ST0023,2023-10-09,2024-06-27,Screen flickering,Resolved,12
WC002048,CUST017654,P0063,ST0049,2023-07-18,2024-06-27,Battery draining fast,Resolved,12
WC003894,CUST029555,P0507,ST0005,2024-01-02,2024-06-27,Battery draining fast,Replaced,12
WC004255,CUST007561,P0088,ST0048,2023-07-19,2024-06-27,Software update issue,Resolved,12
WC004599,CUST047138,P0117,ST0020,2024-03-05,2024-06-27,Water damage,Resolved,12
WC004753,CUST043079,P0528,ST0015,2022-12-07,2024-06-27,Camera not focusing,Resolved,24
WC005514,CUST023191,P0500,ST0051,2023-09-17,2024-06-27,Software update issue,Replaced,12
WC000364,CUST016892,P0224,ST0040,2023-07-22,2024-06-28,Network/SIM issue,Resolved,12
WC000985,CUST022242,P0180,ST0001,2024-05-18,2024-06-28,Physical damage - screen crack,Replaced,12
WC002452,CUST015805,P0275,ST0053,2023-08-09,2024-06-28,Battery draining fast,Resolved,12
WC005732,CUST031462,P0414,ST0015,2023-09-27,2024-06-28,Camera not focusing,Resolved,12
WC001019,CUST009478,P0513,ST0022,2023-09-28,2024-06-29,Screen flickering,In Progress,12
WC001892,CUST030488,P0419,ST0008,2024-03-07,2024-06-29,Network/SIM issue,In Progress,12
WC002675,CUST021125,P0090,ST0027,2023-10-01,2024-06-29,Camera not focusing,Resolved,12
WC000491,CUST023081,P0253,ST0041,2024-03-31,2024-06-30,Charging port not working,Resolved,12
WC001340,CUST029845,P0507,ST0024,2024-06-26,2024-06-30,Battery draining fast,In Progress,12
WC003094,CUST016577,P0258,ST0038,2023-11-03,2024-06-30,Software update issue,Replaced,12
WC003789,CUST035043,P0028,ST0060,2023-09-23,2024-06-30,Speaker/mic not working,Replaced,12
WC004349,CUST006077,P0087,ST0004,2023-06-08,2024-06-30,Charging port not working,Replaced,24
WC001006,CUST042153,P0302,ST0059,2024-03-01,2024-07-01,Network/SIM issue,Replaced,12
WC002200,CUST015436,P0071,ST0051,2024-01-03,2024-07-01,Network/SIM issue,Resolved,12
WC004946,CUST018394,P0488,ST0053,2023-08-01,2024-07-01,Overheating during use,Resolved,12
WC005161,CUST033099,P0436,ST0013,2023-12-13,2024-07-01,Charging port not working,Resolved,12
WC000855,CUST027702,P0078,ST0019,2023-11-24,2024-07-02,Network/SIM issue,Resolved,12
WC001472,CUST019041,P0175,ST0025,2023-12-25,2024-07-02,Software update issue,Resolved,12
WC004191,CUST038522,P0566,ST0052,2023-10-01,2024-07-02,Battery draining fast,Pending Pickup,12
WC004837,CUST036056,P0140,ST0008,2024-06-28,2024-07-02,Speaker/mic not working,Resolved,12
WC005011,CUST006745,P0368,ST0037,2023-09-30,2024-07-02,Water damage,Resolved,12
WC005391,CUST016198,P0273,ST0013,2023-07-14,2024-07-02,Battery draining fast,In Progress,12
WC005974,CUST020085,P0221,ST0007,2024-03-18,2024-07-02,Screen flickering,In Progress,12
WC001481,CUST033602,P0303,ST0060,2023-07-24,2024-07-03,Charging port not working,Resolved,12
WC003169,CUST000751,P0562,ST0049,2023-09-07,2024-07-03,Battery draining fast,Resolved,12
WC003570,CUST000182,P0083,ST0044,2023-03-28,2024-07-03,Charging port not working,Resolved,24
WC000673,CUST022669,P0471,ST0049,2023-09-16,2024-07-04,Speaker/mic not working,Resolved,12
WC001398,CUST018939,P0023,ST0026,2024-01-08,2024-07-04,Network/SIM issue,In Progress,12
WC001636,CUST015836,P0495,ST0015,2024-03-02,2024-07-04,Screen flickering,In Progress,12
WC002045,CUST049343,P0428,ST0044,2024-06-12,2024-07-04,Software update issue,In Progress,12
WC002830,CUST039612,P0022,ST0010,2023-08-22,2024-07-04,Physical damage - screen crack,Pending Pickup,12
WC005015,CUST043346,P0199,ST0040,2023-08-04,2024-07-04,Screen flickering,Pending Pickup,12
WC005277,CUST028159,P0356,ST0059,2024-06-05,2024-07-04,Camera not focusing,Rejected - Out of Warranty,12
WC002695,CUST024173,P0264,ST0030,2024-02-18,2024-07-05,Battery draining fast,Resolved,12
WC000327,CUST047444,P0297,ST0048,2024-06-14,2024-07-06,Overheating during use,In Progress,24
WC000403,CUST026621,P0355,ST0037,2024-01-12,2024-07-06,Software update issue,Resolved,12
WC000818,CUST039596,P0330,ST0042,2024-05-04,2024-07-06,Battery draining fast,In Progress,12
WC004061,CUST011248,P0184,ST0057,2024-06-17,2024-07-06,Speaker/mic not working,Resolved,12
WC004582,CUST045878,P0258,ST0015,2024-06-24,2024-07-06,Charging port not working,Resolved,12
WC005204,CUST016755,P0343,ST0059,2023-03-27,2024-07-06,Software update issue,Replaced,24
WC005705,CUST033912,P0318,ST0039,2024-02-08,2024-07-06,Network/SIM issue,Rejected - Out of Warranty,12
WC005927,CUST023429,P0156,ST0025,2024-01-09,2024-07-06,Software update issue,Rejected - Out of Warranty,12
WC004282,CUST037505,P0576,ST0013,2024-01-28,2024-07-07,Software update issue,In Progress,12
WC005702,CUST021649,P0091,ST0005,2023-11-29,2024-07-07,Charging port not working,Resolved,12
WC000601,CUST036853,P0344,ST0024,2024-03-30,2024-07-08,Screen flickering,Resolved,12
WC001013,CUST023608,P0088,ST0026,2023-08-05,2024-07-08,Battery draining fast,Resolved,12
WC001626,CUST035612,P0430,ST0010,2024-05-27,2024-07-08,Physical damage - screen crack,Pending Pickup,12
WC003319,CUST036635,P0349,ST0037,2023-03-26,2024-07-08,Network/SIM issue,Rejected - Out of Warranty,24
WC003337,CUST031702,P0062,ST0051,2024-06-28,2024-07-08,Network/SIM issue,Resolved,12
WC003777,CUST014202,P0190,ST0027,2024-05-17,2024-07-08,Charging port not working,Rejected - Out of Warranty,12
WC005158,CUST021834,P0511,ST0009,2023-07-23,2024-07-08,Charging port not working,Resolved,12
WC002287,CUST049431,P0070,ST0009,2023-08-15,2024-07-09,Physical damage - screen crack,Rejected - Out of Warranty,12
WC003150,CUST045610,P0114,ST0017,2023-07-31,2024-07-09,Screen flickering,Resolved,12
WC003765,CUST018385,P0202,ST0039,2023-11-20,2024-07-09,Software update issue,Rejected - Out of Warranty,12
WC004032,CUST047418,P0199,ST0047,2024-05-23,2024-07-09,Overheating during use,Replaced,12
WC005372,CUST022600,P0162,ST0055,2023-11-25,2024-07-09,Network/SIM issue,Resolved,24
WC002518,CUST025409,P0252,ST0047,2024-05-14,2024-07-10,Physical damage - screen crack,Resolved,12
WC003908,CUST001669,P0322,ST0019,2022-12-29,2024-07-10,Water damage,Resolved,24
WC005124,CUST019124,P0543,ST0045,2023-07-07,2024-07-10,Battery draining fast,Resolved,24
WC000940,CUST020113,P0004,ST0033,2024-01-10,2024-07-11,Speaker/mic not working,Resolved,24
WC002425,CUST004526,P0092,ST0023,2024-02-24,2024-07-11,Camera not focusing,Resolved,12
WC003523,CUST031636,P0562,ST0009,2024-03-06,2024-07-11,Battery draining fast,Rejected - Out of Warranty,12
WC003607,CUST030426,P0595,ST0004,2023-10-28,2024-07-11,Screen flickering,Resolved,12
WC000362,CUST010000,P0021,ST0008,2023-09-23,2024-07-12,Charging port not working,Resolved,12
WC001486,CUST031968,P0559,ST0039,2023-10-23,2024-07-12,Overheating during use,Resolved,24
WC003549,CUST006943,P0035,ST0017,2023-08-29,2024-07-13,Overheating during use,Resolved,12
WC004820,CUST042632,P0312,ST0059,2023-08-11,2024-07-13,Software update issue,Resolved,12
WC005925,CUST026416,P0423,ST0014,2024-03-10,2024-07-13,Screen flickering,Resolved,12
WC000543,CUST028265,P0484,ST0010,2023-12-15,2024-07-14,Speaker/mic not working,In Progress,12
WC000721,CUST028001,P0212,ST0047,2023-12-15,2024-07-14,Physical damage - screen crack,Resolved,12
WC001734,CUST027160,P0476,ST0020,2024-02-18,2024-07-14,Software update issue,Replaced,24
WC004519,CUST046191,P0556,ST0036,2024-06-10,2024-07-14,Physical damage - screen crack,Resolved,12
WC005172,CUST016100,P0204,ST0003,2023-12-23,2024-07-14,Battery draining fast,Rejected - Out of Warranty,12
WC005285,CUST000847,P0500,ST0038,2023-08-13,2024-07-14,Software update issue,Resolved,12
WC000810,CUST027624,P0021,ST0018,2024-04-28,2024-07-15,Speaker/mic not working,Resolved,12
WC004115,CUST003149,P0492,ST0011,2023-08-31,2024-07-15,Network/SIM issue,Resolved,12
WC000319,CUST012022,P0527,ST0028,2023-10-28,2024-07-16,Charging port not working,Resolved,12
WC000717,CUST029933,P0210,ST0026,2024-04-26,2024-07-16,Software update issue,Resolved,12
WC003978,CUST011847,P0204,ST0013,2023-07-30,2024-07-16,Overheating during use,In Progress,12
WC004104,CUST005913,P0120,ST0001,2024-03-13,2024-07-16,Camera not focusing,Rejected - Out of Warranty,12
WC005390,CUST027835,P0119,ST0013,2024-07-10,2024-07-16,Physical damage - screen crack,Pending Pickup,12
WC001691,CUST047196,P0352,ST0003,2023-12-21,2024-07-17,Overheating during use,Pending Pickup,12
WC003310,CUST023810,P0531,ST0030,2023-12-05,2024-07-17,Screen flickering,Pending Pickup,12
WC004146,CUST020183,P0405,ST0011,2023-09-03,2024-07-17,Network/SIM issue,Pending Pickup,12
WC004697,CUST047467,P0398,ST0025,2024-01-04,2024-07-17,Charging port not working,Replaced,12
WC005007,CUST035917,P0171,ST0013,2023-08-16,2024-07-17,Camera not focusing,In Progress,12
WC005093,CUST006662,P0110,ST0044,2024-05-13,2024-07-17,Software update issue,Replaced,12
WC005410,CUST029011,P0504,ST0004,2023-07-28,2024-07-17,Camera not focusing,Resolved,12
WC005653,CUST006553,P0503,ST0029,2024-04-19,2024-07-17,Overheating during use,Resolved,12
WC000099,CUST049939,P0125,ST0044,2024-01-29,2024-07-19,Software update issue,Rejected - Out of Warranty,12
WC002501,CUST009683,P0300,ST0033,2023-07-27,2024-07-19,Overheating during use,Replaced,12
WC002642,CUST042621,P0015,ST0043,2024-01-14,2024-07-19,Network/SIM issue,Resolved,12
WC005806,CUST037794,P0251,ST0038,2024-03-21,2024-07-19,Overheating during use,Resolved,12
WC005893,CUST026119,P0205,ST0007,2024-06-27,2024-07-19,Speaker/mic not working,Resolved,12
WC000116,CUST030613,P0479,ST0044,2024-01-23,2024-07-20,Speaker/mic not working,Replaced,12
WC000223,CUST029726,P0358,ST0041,2023-02-21,2024-07-20,Overheating during use,In Progress,24
WC000520,CUST000018,P0349,ST0016,2023-11-04,2024-07-20,Overheating during use,Resolved,24
WC004566,CUST019354,P0364,ST0031,2024-01-15,2024-07-20,Physical damage - screen crack,Rejected - Out of Warranty,24
WC004770,CUST028249,P0300,ST0021,2024-04-18,2024-07-20,Charging port not working,Resolved,12
WC005313,CUST006923,P0425,ST0003,2023-08-15,2024-07-20,Screen flickering,Resolved,12
WC000603,CUST035189,P0145,ST0056,2024-01-26,2024-07-21,Water damage,Resolved,12
WC004170,CUST001295,P0173,ST0038,2024-06-26,2024-07-21,Camera not focusing,Replaced,12
WC001731,CUST007743,P0136,ST0025,2024-02-07,2024-07-22,Battery draining fast,Resolved,12
WC002649,CUST011525,P0093,ST0023,2024-05-31,2024-07-22,Camera not focusing,Replaced,12
WC002860,CUST028842,P0459,ST0029,2024-01-12,2024-07-22,Network/SIM issue,Rejected - Out of Warranty,12
WC004587,CUST036149,P0431,ST0030,2023-08-24,2024-07-22,Software update issue,Pending Pickup,12
WC000486,CUST002754,P0265,ST0050,2023-08-01,2024-07-23,Physical damage - screen crack,Replaced,12
WC002135,CUST005472,P0204,ST0020,2024-05-15,2024-07-23,Screen flickering,Resolved,12
WC000558,CUST002345,P0293,ST0039,2023-10-25,2024-07-24,Overheating during use,Resolved,24
WC003282,CUST013334,P0508,ST0059,2024-04-10,2024-07-24,Speaker/mic not working,Replaced,12
WC003846,CUST049176,P0085,ST0010,2024-03-02,2024-07-24,Charging port not working,In Progress,12
WC003900,CUST033778,P0151,ST0036,2024-02-12,2024-07-24,Physical damage - screen crack,Pending Pickup,12
WC000178,CUST019683,P0271,ST0056,2024-01-08,2024-07-25,Camera not focusing,Pending Pickup,12
WC001076,CUST029038,P0587,ST0029,2023-09-07,2024-07-25,Overheating during use,Rejected - Out of Warranty,12
WC002368,CUST037821,P0337,ST0040,2024-06-16,2024-07-25,Camera not focusing,Resolved,12
WC003332,CUST035526,P0512,ST0032,2024-02-16,2024-07-25,Overheating during use,Resolved,12
WC004447,CUST032761,P0398,ST0044,2023-11-24,2024-07-25,Camera not focusing,Rejected - Out of Warranty,12
WC000765,CUST013187,P0232,ST0042,2024-02-11,2024-07-26,Network/SIM issue,Resolved,12
WC001450,CUST024004,P0472,ST0054,2023-06-17,2024-07-26,Charging port not working,Replaced,24
WC001560,CUST045906,P0510,ST0057,2024-07-11,2024-07-26,Screen flickering,Resolved,12
WC002422,CUST022905,P0071,ST0041,2024-03-29,2024-07-26,Camera not focusing,In Progress,12
WC003553,CUST023455,P0203,ST0035,2024-04-26,2024-07-26,Water damage,Resolved,12
WC003565,CUST037057,P0434,ST0003,2023-09-23,2024-07-26,Network/SIM issue,Pending Pickup,12
WC004445,CUST043241,P0350,ST0019,2023-09-22,2024-07-26,Battery draining fast,Resolved,12
WC000807,CUST006132,P0224,ST0024,2024-01-02,2024-07-27,Charging port not working,Replaced,12
WC002009,CUST030619,P0083,ST0041,2023-08-10,2024-07-27,Battery draining fast,Resolved,24
WC002169,CUST012790,P0210,ST0009,2024-03-07,2024-07-27,Overheating during use,Replaced,12
WC002693,CUST023795,P0010,ST0046,2023-10-06,2024-07-27,Water damage,Resolved,12
WC003307,CUST004526,P0533,ST0005,2024-05-12,2024-07-27,Network/SIM issue,Resolved,12
WC004480,CUST008015,P0049,ST0007,2023-09-20,2024-07-27,Speaker/mic not working,Replaced,12
WC004532,CUST034290,P0399,ST0027,2024-03-03,2024-07-27,Network/SIM issue,Rejected - Out of Warranty,12
WC005400,CUST025243,P0493,ST0059,2023-11-09,2024-07-27,Camera not focusing,Resolved,12
WC000436,CUST025787,P0302,ST0025,2023-12-15,2024-07-28,Screen flickering,Resolved,12
WC000501,CUST028128,P0117,ST0028,2024-01-26,2024-07-28,Water damage,In Progress,12
WC001131,CUST009452,P0527,ST0009,2024-03-07,2024-07-28,Overheating during use,Rejected - Out of Warranty,12
WC002282,CUST006838,P0536,ST0022,2024-06-23,2024-07-28,Physical damage - screen crack,In Progress,12
WC002507,CUST000944,P0548,ST0039,2024-05-13,2024-07-28,Battery draining fast,Rejected - Out of Warranty,12
WC002839,CUST033130,P0562,ST0055,2024-05-26,2024-07-28,Camera not focusing,Replaced,12
WC003290,CUST035890,P0169,ST0011,2024-01-18,2024-07-28,Software update issue,Pending Pickup,12
WC004650,CUST007566,P0407,ST0056,2023-09-01,2024-07-28,Battery draining fast,In Progress,12
WC004680,CUST012518,P0306,ST0027,2024-06-05,2024-07-28,Screen flickering,Rejected - Out of Warranty,12
WC005497,CUST021931,P0592,ST0040,2023-02-14,2024-07-28,Water damage,In Progress,24
WC005884,CUST009550,P0003,ST0050,2024-04-14,2024-07-28,Network/SIM issue,Resolved,12
WC000526,CUST028678,P0328,ST0032,2023-10-27,2024-07-30,Charging port not working,Resolved,12
WC000782,CUST037286,P0297,ST0040,2024-04-03,2024-07-30,Physical damage - screen crack,Resolved,24
WC001092,CUST021942,P0026,ST0049,2024-03-14,2024-07-30,Speaker/mic not working,Rejected - Out of Warranty,12
WC001940,CUST045214,P0362,ST0053,2024-03-01,2024-07-30,Water damage,Resolved,12
WC003871,CUST041606,P0360,ST0029,2023-08-23,2024-07-30,Network/SIM issue,In Progress,12
WC005807,CUST018508,P0411,ST0051,2024-07-09,2024-07-30,Water damage,In Progress,12
WC005314,CUST046972,P0480,ST0004,2024-03-10,2024-07-31,Speaker/mic not working,Resolved,12
WC005586,CUST037631,P0417,ST0009,2024-07-06,2024-07-31,Overheating during use,Resolved,12
WC002187,CUST033789,P0506,ST0013,2024-06-09,2024-08-01,Battery draining fast,Resolved,12
WC003202,CUST047830,P0245,ST0028,2023-11-03,2024-08-01,Physical damage - screen crack,Pending Pickup,12
WC004240,CUST015516,P0442,ST0018,2023-11-02,2024-08-01,Overheating during use,In Progress,12
WC004834,CUST025151,P0272,ST0024,2024-01-09,2024-08-01,Software update issue,Resolved,12
WC000164,CUST020566,P0443,ST0011,2024-04-13,2024-08-02,Physical damage - screen crack,In Progress,12
WC000321,CUST001481,P0031,ST0027,2023-10-25,2024-08-02,Physical damage - screen crack,Resolved,12
WC001357,CUST038943,P0469,ST0059,2023-10-20,2024-08-02,Battery draining fast,Resolved,12
WC001852,CUST022487,P0345,ST0006,2023-08-25,2024-08-02,Camera not focusing,Resolved,12
WC001961,CUST002170,P0434,ST0060,2023-12-01,2024-08-02,Battery draining fast,Resolved,12
WC002731,CUST021116,P0127,ST0021,2023-09-25,2024-08-02,Software update issue,Pending Pickup,12
WC005112,CUST048050,P0005,ST0012,2022-09-13,2024-08-02,Battery draining fast,Rejected - Out of Warranty,24
WC000500,CUST040793,P0365,ST0019,2024-07-04,2024-08-03,Battery draining fast,In Progress,12
WC001325,CUST019363,P0011,ST0048,2023-12-19,2024-08-03,Overheating during use,Rejected - Out of Warranty,12
WC002179,CUST004734,P0512,ST0013,2024-06-16,2024-08-03,Physical damage - screen crack,In Progress,12
WC002817,CUST037456,P0355,ST0040,2023-10-27,2024-08-03,Battery draining fast,Resolved,12
WC004854,CUST025311,P0125,ST0020,2024-06-23,2024-08-03,Network/SIM issue,Pending Pickup,12
WC001036,CUST018006,P0007,ST0051,2024-04-13,2024-08-04,Overheating during use,Resolved,12
WC003239,CUST027288,P0179,ST0002,2023-08-27,2024-08-04,Charging port not working,Replaced,12
WC003480,CUST043034,P0231,ST0011,2024-03-13,2024-08-04,Charging port not working,Resolved,12
WC004080,CUST019354,P0582,ST0034,2023-08-27,2024-08-04,Overheating during use,Pending Pickup,24
WC004373,CUST020240,P0207,ST0012,2024-03-03,2024-08-04,Physical damage - screen crack,Pending Pickup,12
WC001372,CUST036725,P0132,ST0058,2023-08-16,2024-08-05,Physical damage - screen crack,Resolved,12
WC001807,CUST013845,P0529,ST0047,2024-06-27,2024-08-05,Battery draining fast,Replaced,12
WC003061,CUST048515,P0513,ST0020,2024-01-08,2024-08-05,Physical damage - screen crack,Resolved,12
WC003517,CUST007173,P0325,ST0002,2022-12-02,2024-08-05,Physical damage - screen crack,Resolved,24
WC003590,CUST013537,P0130,ST0007,2024-06-21,2024-08-05,Software update issue,Resolved,12
WC004257,CUST038775,P0084,ST0003,2023-11-29,2024-08-05,Battery draining fast,Resolved,12
WC004340,CUST033607,P0455,ST0032,2024-01-03,2024-08-05,Software update issue,Resolved,12
WC005094,CUST020991,P0209,ST0026,2023-12-29,2024-08-05,Water damage,Resolved,12
WC005411,CUST027642,P0301,ST0011,2024-03-12,2024-08-05,Screen flickering,Pending Pickup,12
WC000128,CUST036604,P0562,ST0055,2023-12-14,2024-08-06,Screen flickering,Rejected - Out of Warranty,12
WC000391,CUST035160,P0549,ST0001,2023-11-26,2024-08-06,Battery draining fast,Resolved,12
WC000506,CUST006265,P0250,ST0001,2024-01-26,2024-08-06,Screen flickering,Rejected - Out of Warranty,12
WC000895,CUST005169,P0528,ST0017,2023-03-14,2024-08-06,Software update issue,Resolved,24
WC001407,CUST043256,P0233,ST0029,2024-03-02,2024-08-06,Camera not focusing,Resolved,12
WC004013,CUST043773,P0518,ST0033,2024-05-26,2024-08-06,Physical damage - screen crack,Pending Pickup,12
WC004202,CUST005424,P0393,ST0017,2024-01-23,2024-08-06,Screen flickering,Resolved,12
WC004804,CUST023416,P0259,ST0014,2023-01-16,2024-08-06,Camera not focusing,Replaced,24
WC005131,CUST047449,P0313,ST0003,2024-04-23,2024-08-06,Charging port not working,Resolved,12
WC000205,CUST046109,P0461,ST0029,2023-04-23,2024-08-07,Charging port not working,Resolved,24
WC001069,CUST024618,P0500,ST0023,2023-11-26,2024-08-07,Overheating during use,Pending Pickup,12
WC004358,CUST005902,P0032,ST0024,2024-06-16,2024-08-07,Software update issue,Resolved,12
WC000471,CUST035829,P0233,ST0060,2023-09-28,2024-08-08,Camera not focusing,Replaced,12
WC000817,CUST015096,P0143,ST0033,2024-01-29,2024-08-08,Screen flickering,Resolved,12
WC001281,CUST003383,P0017,ST0023,2023-12-04,2024-08-08,Software update issue,Replaced,12
WC003412,CUST031761,P0332,ST0042,2023-09-08,2024-08-08,Overheating during use,In Progress,12
WC004522,CUST040418,P0131,ST0053,2024-04-26,2024-08-08,Water damage,Resolved,12
WC004619,CUST008371,P0084,ST0025,2024-07-05,2024-08-08,Water damage,Replaced,12
WC001582,CUST011058,P0543,ST0029,2022-12-14,2024-08-09,Speaker/mic not working,Resolved,24
WC002587,CUST047383,P0295,ST0009,2023-10-10,2024-08-09,Camera not focusing,Resolved,12
WC002671,CUST020748,P0123,ST0035,2023-11-28,2024-08-09,Screen flickering,Rejected - Out of Warranty,24
WC003550,CUST022739,P0201,ST0052,2024-07-28,2024-08-09,Camera not focusing,Pending Pickup,12
WC003701,CUST035520,P0443,ST0030,2023-10-06,2024-08-09,Overheating during use,Pending Pickup,12
WC004810,CUST002896,P0531,ST0021,2024-05-03,2024-08-09,Overheating during use,Resolved,12
WC000081,CUST036686,P0039,ST0004,2024-01-26,2024-08-10,Charging port not working,Replaced,12
WC002682,CUST041026,P0464,ST0019,2024-06-07,2024-08-10,Software update issue,Resolved,12
WC003940,CUST036389,P0056,ST0035,2024-05-28,2024-08-10,Network/SIM issue,Resolved,24
WC004710,CUST013449,P0369,ST0044,2024-05-02,2024-08-10,Network/SIM issue,Resolved,12
WC004786,CUST046976,P0581,ST0019,2024-05-21,2024-08-10,Physical damage - screen crack,Replaced,12
WC004991,CUST037849,P0207,ST0021,2024-07-04,2024-08-10,Overheating during use,Resolved,12
WC004996,CUST008744,P0551,ST0047,2024-01-04,2024-08-10,Camera not focusing,Resolved,12
WC005281,CUST028689,P0001,ST0029,2023-11-30,2024-08-10,Water damage,In Progress,12
WC001628,CUST013383,P0389,ST0026,2023-07-30,2024-08-11,Camera not focusing,Pending Pickup,24
WC002465,CUST021633,P0205,ST0049,2023-11-09,2024-08-11,Overheating during use,Resolved,12
WC003034,CUST029605,P0428,ST0014,2024-01-13,2024-08-11,Software update issue,Resolved,12
WC003435,CUST018319,P0141,ST0026,2024-01-08,2024-08-11,Software update issue,Resolved,12
WC005053,CUST006139,P0371,ST0049,2023-08-19,2024-08-11,Speaker/mic not working,Resolved,12
WC000640,CUST005037,P0486,ST0050,2024-01-30,2024-08-12,Overheating during use,Rejected - Out of Warranty,24
WC001929,CUST034816,P0306,ST0030,2023-11-06,2024-08-12,Network/SIM issue,Resolved,12
WC002519,CUST038029,P0432,ST0020,2024-02-27,2024-08-12,Software update issue,In Progress,12
WC005450,CUST047308,P0515,ST0003,2024-03-12,2024-08-12,Software update issue,Rejected - Out of Warranty,12
WC001264,CUST031799,P0083,ST0011,2022-12-24,2024-08-13,Physical damage - screen crack,Pending Pickup,24
WC003752,CUST001455,P0253,ST0024,2024-03-27,2024-08-13,Battery draining fast,Resolved,12
WC004807,CUST008851,P0237,ST0054,2024-03-05,2024-08-13,Charging port not working,Resolved,12
WC005308,CUST023654,P0280,ST0056,2022-11-15,2024-08-13,Physical damage - screen crack,Resolved,24
WC005963,CUST013012,P0472,ST0009,2024-06-13,2024-08-13,Battery draining fast,Resolved,24
WC001901,CUST027424,P0410,ST0021,2023-11-30,2024-08-14,Physical damage - screen crack,Replaced,12
WC002920,CUST032769,P0473,ST0036,2024-02-21,2024-08-14,Overheating during use,Resolved,12
WC003816,CUST041883,P0522,ST0002,2024-03-09,2024-08-14,Charging port not working,Rejected - Out of Warranty,12
WC004192,CUST026358,P0431,ST0022,2023-10-05,2024-08-14,Physical damage - screen crack,Resolved,12
WC000126,CUST021149,P0522,ST0054,2024-06-20,2024-08-15,Screen flickering,Rejected - Out of Warranty,12
WC000267,CUST031887,P0363,ST0028,2024-04-10,2024-08-15,Charging port not working,Rejected - Out of Warranty,12
WC000350,CUST020208,P0532,ST0048,2023-11-17,2024-08-15,Physical damage - screen crack,In Progress,12
WC000690,CUST007335,P0019,ST0051,2024-07-21,2024-08-16,Camera not focusing,Resolved,12
WC000735,CUST045337,P0414,ST0052,2024-04-03,2024-08-16,Water damage,Pending Pickup,12
WC004413,CUST011855,P0451,ST0036,2024-01-02,2024-08-16,Camera not focusing,Replaced,12
WC004799,CUST043874,P0476,ST0006,2024-02-19,2024-08-16,Charging port not working,Replaced,24
WC005036,CUST009469,P0409,ST0026,2024-08-02,2024-08-16,Speaker/mic not working,Resolved,12
WC001609,CUST045701,P0598,ST0019,2023-09-13,2024-08-17,Software update issue,Resolved,12
WC005454,CUST023540,P0569,ST0057,2023-12-30,2024-08-17,Speaker/mic not working,In Progress,12
WC000463,CUST022263,P0098,ST0030,2024-06-27,2024-08-18,Network/SIM issue,Resolved,12
WC001157,CUST045897,P0500,ST0006,2024-08-15,2024-08-18,Network/SIM issue,Replaced,12
WC002580,CUST007315,P0328,ST0005,2024-03-25,2024-08-18,Screen flickering,Resolved,12
WC002633,CUST001527,P0560,ST0022,2023-12-31,2024-08-18,Physical damage - screen crack,Resolved,12
WC003148,CUST021712,P0043,ST0049,2024-04-03,2024-08-18,Battery draining fast,Resolved,12
WC003528,CUST007217,P0284,ST0040,2024-05-19,2024-08-18,Network/SIM issue,In Progress,12
WC004295,CUST015040,P0501,ST0057,2024-06-30,2024-08-18,Screen flickering,Resolved,12
WC004430,CUST008969,P0352,ST0038,2023-10-01,2024-08-18,Water damage,Resolved,12
WC005079,CUST003977,P0176,ST0036,2023-10-17,2024-08-18,Software update issue,Replaced,12
WC000508,CUST014483,P0304,ST0033,2023-11-13,2024-08-19,Screen flickering,Resolved,12
WC001473,CUST037933,P0131,ST0042,2024-01-29,2024-08-19,Battery draining fast,Resolved,12
WC005839,CUST008688,P0595,ST0045,2024-01-14,2024-08-19,Charging port not working,Rejected - Out of Warranty,12
WC005877,CUST023114,P0282,ST0008,2024-03-04,2024-08-19,Screen flickering,Replaced,12
WC000166,CUST021029,P0218,ST0031,2023-10-26,2024-08-20,Charging port not working,In Progress,12
WC000290,CUST040524,P0048,ST0050,2024-03-06,2024-08-20,Physical damage - screen crack,In Progress,12
WC002111,CUST021768,P0562,ST0050,2024-02-17,2024-08-20,Screen flickering,Pending Pickup,12
WC002646,CUST031225,P0472,ST0041,2022-09-07,2024-08-20,Software update issue,Resolved,24
WC003272,CUST014506,P0055,ST0038,2024-02-09,2024-08-20,Speaker/mic not working,Pending Pickup,12
WC003626,CUST008641,P0554,ST0032,2023-10-21,2024-08-20,Camera not focusing,Pending Pickup,12
WC003989,CUST031548,P0007,ST0054,2023-11-20,2024-08-20,Camera not focusing,Rejected - Out of Warranty,12
WC005527,CUST013563,P0254,ST0037,2023-10-11,2024-08-20,Charging port not working,In Progress,12
WC005645,CUST004687,P0452,ST0056,2023-10-21,2024-08-20,Water damage,In Progress,24
WC005670,CUST017549,P0488,ST0060,2024-01-06,2024-08-20,Software update issue,Rejected - Out of Warranty,12
WC000225,CUST007813,P0483,ST0038,2023-10-22,2024-08-21,Camera not focusing,Resolved,24
WC000368,CUST049221,P0337,ST0020,2024-03-31,2024-08-21,Camera not focusing,Resolved,12
WC000416,CUST007902,P0196,ST0046,2024-07-09,2024-08-21,Software update issue,Resolved,12
WC000588,CUST023859,P0118,ST0029,2023-09-24,2024-08-21,Battery draining fast,Rejected - Out of Warranty,12
WC000685,CUST021651,P0063,ST0048,2024-07-11,2024-08-21,Screen flickering,Resolved,12
WC002028,CUST000147,P0042,ST0013,2024-04-14,2024-08-21,Screen flickering,Resolved,12
WC002123,CUST022302,P0474,ST0035,2024-01-23,2024-08-21,Physical damage - screen crack,In Progress,12
WC002979,CUST005575,P0070,ST0007,2024-01-21,2024-08-21,Software update issue,Resolved,12
WC005531,CUST007157,P0490,ST0055,2024-06-18,2024-08-21,Physical damage - screen crack,Resolved,12
WC003541,CUST008578,P0173,ST0005,2023-11-05,2024-08-22,Physical damage - screen crack,Resolved,12
WC003717,CUST036701,P0223,ST0029,2024-02-02,2024-08-22,Charging port not working,Pending Pickup,12
WC000483,CUST035648,P0465,ST0057,2023-09-01,2024-08-23,Software update issue,Rejected - Out of Warranty,12
WC001520,CUST032206,P0092,ST0048,2023-12-14,2024-08-23,Camera not focusing,Pending Pickup,12
WC002986,CUST043976,P0372,ST0002,2024-05-28,2024-08-23,Battery draining fast,In Progress,12
WC003144,CUST029259,P0128,ST0011,2024-07-06,2024-08-23,Overheating during use,Resolved,12
WC000612,CUST030011,P0501,ST0033,2023-09-18,2024-08-24,Software update issue,Pending Pickup,12
WC001932,CUST017423,P0560,ST0004,2024-08-20,2024-08-24,Overheating during use,Rejected - Out of Warranty,12
WC002541,CUST022101,P0543,ST0053,2023-05-07,2024-08-24,Software update issue,Pending Pickup,24
WC004994,CUST006787,P0078,ST0045,2024-06-30,2024-08-24,Speaker/mic not working,Resolved,12
WC005723,CUST032269,P0015,ST0052,2024-03-29,2024-08-24,Screen flickering,Resolved,12
WC003437,CUST033370,P0117,ST0016,2023-09-26,2024-08-25,Charging port not working,Pending Pickup,12
WC003509,CUST033130,P0108,ST0002,2024-06-11,2024-08-25,Speaker/mic not working,Resolved,12
WC004162,CUST001706,P0461,ST0036,2023-01-10,2024-08-25,Water damage,Pending Pickup,24
WC004529,CUST019844,P0318,ST0018,2024-07-29,2024-08-25,Battery draining fast,Rejected - Out of Warranty,12
WC004774,CUST029327,P0033,ST0043,2024-01-15,2024-08-25,Battery draining fast,Resolved,12
WC000838,CUST004037,P0541,ST0038,2023-11-21,2024-08-26,Speaker/mic not working,Resolved,12
WC001489,CUST024589,P0486,ST0013,2023-02-23,2024-08-26,Charging port not working,Resolved,24
WC002347,CUST001837,P0313,ST0027,2024-02-25,2024-08-26,Overheating during use,Pending Pickup,12
WC003444,CUST015099,P0428,ST0011,2024-01-14,2024-08-26,Physical damage - screen crack,Rejected - Out of Warranty,12
WC004193,CUST021716,P0002,ST0032,2024-02-08,2024-08-26,Water damage,In Progress,12
WC005489,CUST023356,P0238,ST0018,2024-01-23,2024-08-26,Water damage,Replaced,12
WC000120,CUST014170,P0473,ST0040,2023-11-12,2024-08-27,Water damage,Resolved,12
WC002945,CUST029037,P0582,ST0039,2024-03-08,2024-08-27,Overheating during use,Replaced,24
WC003039,CUST014818,P0360,ST0031,2024-07-14,2024-08-27,Screen flickering,Resolved,12
WC003678,CUST039983,P0197,ST0001,2023-09-08,2024-08-27,Speaker/mic not working,Rejected - Out of Warranty,12
WC004773,CUST012692,P0462,ST0023,2023-10-14,2024-08-27,Network/SIM issue,Pending Pickup,24
WC002728,CUST044948,P0080,ST0031,2023-11-08,2024-08-28,Screen flickering,In Progress,12
WC001536,CUST031561,P0585,ST0006,2024-07-01,2024-08-29,Speaker/mic not working,Resolved,12
WC001573,CUST024969,P0560,ST0028,2023-10-15,2024-08-29,Physical damage - screen crack,Resolved,12
WC001874,CUST004663,P0317,ST0013,2024-04-19,2024-08-29,Overheating during use,Pending Pickup,12
WC001960,CUST042247,P0579,ST0033,2024-05-10,2024-08-29,Software update issue,Resolved,12
WC002726,CUST014473,P0211,ST0050,2024-02-08,2024-08-29,Screen flickering,In Progress,12
WC003724,CUST049059,P0379,ST0013,2024-08-08,2024-08-29,Network/SIM issue,Resolved,12
WC005087,CUST027509,P0363,ST0034,2024-04-16,2024-08-29,Software update issue,Resolved,12
WC005915,CUST004224,P0454,ST0051,2023-10-03,2024-08-29,Physical damage - screen crack,Resolved,12
WC000466,CUST028618,P0056,ST0054,2023-04-16,2024-08-30,Water damage,Replaced,24
WC001114,CUST039553,P0282,ST0055,2024-08-24,2024-08-30,Battery draining fast,Resolved,12
WC001693,CUST024970,P0577,ST0041,2024-07-01,2024-08-30,Physical damage - screen crack,Resolved,12
WC002091,CUST007253,P0436,ST0044,2024-07-11,2024-08-30,Camera not focusing,Resolved,12
WC002730,CUST020055,P0202,ST0021,2024-05-21,2024-08-30,Charging port not working,Resolved,12
WC003119,CUST016860,P0498,ST0023,2023-10-06,2024-08-30,Screen flickering,Resolved,12
WC003147,CUST002225,P0008,ST0058,2023-11-26,2024-08-30,Battery draining fast,Replaced,12
WC003812,CUST006825,P0208,ST0006,2023-10-12,2024-08-30,Water damage,In Progress,12
WC004595,CUST027123,P0018,ST0002,2023-12-19,2024-08-30,Overheating during use,Pending Pickup,12
WC005326,CUST002697,P0437,ST0054,2024-01-26,2024-08-30,Camera not focusing,Replaced,12
WC000357,CUST022860,P0134,ST0024,2024-08-03,2024-08-31,Software update issue,Replaced,12
WC000667,CUST015818,P0118,ST0051,2024-04-04,2024-08-31,Network/SIM issue,Resolved,12
WC002854,CUST007847,P0488,ST0008,2023-09-21,2024-08-31,Network/SIM issue,Rejected - Out of Warranty,12
WC004878,CUST024633,P0020,ST0042,2023-10-25,2024-08-31,Software update issue,Resolved,12
WC004930,CUST013463,P0114,ST0019,2024-04-23,2024-08-31,Software update issue,Resolved,12
WC005364,CUST004058,P0539,ST0014,2023-12-13,2024-08-31,Software update issue,Resolved,12
WC000017,CUST038100,P0055,ST0054,2024-04-24,2024-09-01,Physical damage - screen crack,Resolved,12
WC000190,CUST048189,P0105,ST0054,2023-11-11,2024-09-01,Battery draining fast,Pending Pickup,12
WC000307,CUST041648,P0256,ST0017,2024-07-28,2024-09-01,Network/SIM issue,In Progress,12
WC000384,CUST005798,P0023,ST0044,2023-09-28,2024-09-01,Camera not focusing,Resolved,12
WC003515,CUST001018,P0264,ST0029,2024-04-08,2024-09-01,Water damage,Pending Pickup,12
WC004077,CUST011706,P0194,ST0054,2024-04-21,2024-09-01,Battery draining fast,Replaced,12
WC004699,CUST026237,P0064,ST0057,2023-11-13,2024-09-01,Speaker/mic not working,In Progress,12
WC000441,CUST011247,P0191,ST0015,2024-04-13,2024-09-02,Overheating during use,In Progress,12
WC002032,CUST031963,P0042,ST0041,2024-07-23,2024-09-02,Water damage,Resolved,12
WC002292,CUST017797,P0199,ST0004,2023-11-19,2024-09-02,Battery draining fast,Resolved,12
WC002910,CUST041929,P0063,ST0016,2024-03-22,2024-09-02,Charging port not working,Replaced,12
WC005360,CUST005167,P0198,ST0056,2024-06-14,2024-09-02,Screen flickering,Resolved,12
WC000381,CUST024958,P0250,ST0008,2023-12-01,2024-09-03,Charging port not working,Replaced,12
WC000632,CUST035413,P0523,ST0040,2024-01-25,2024-09-03,Physical damage - screen crack,Replaced,12
WC002724,CUST004410,P0263,ST0021,2022-09-20,2024-09-03,Screen flickering,Pending Pickup,24
WC002870,CUST002591,P0576,ST0023,2024-07-08,2024-09-03,Software update issue,Pending Pickup,12
WC002884,CUST048425,P0048,ST0009,2023-10-04,2024-09-03,Speaker/mic not working,Pending Pickup,12
WC002953,CUST021470,P0575,ST0058,2022-09-20,2024-09-03,Water damage,Resolved,24
WC005435,CUST041749,P0214,ST0007,2024-01-27,2024-09-03,Network/SIM issue,Replaced,12
WC005788,CUST022407,P0415,ST0036,2024-05-31,2024-09-03,Water damage,Resolved,12
WC001457,CUST023666,P0224,ST0057,2024-08-01,2024-09-04,Screen flickering,Resolved,12
WC001584,CUST014623,P0041,ST0058,2024-07-20,2024-09-04,Camera not focusing,Pending Pickup,12
WC000529,CUST046167,P0564,ST0059,2024-07-01,2024-09-05,Water damage,Rejected - Out of Warranty,12
WC000743,CUST023913,P0400,ST0033,2024-07-04,2024-09-05,Charging port not working,In Progress,12
WC000992,CUST011416,P0356,ST0021,2024-03-02,2024-09-05,Charging port not working,Resolved,12
WC001152,CUST034293,P0059,ST0006,2023-10-03,2024-09-05,Charging port not working,Pending Pickup,12
WC001529,CUST036041,P0191,ST0057,2023-11-08,2024-09-05,Battery draining fast,In Progress,12
WC001557,CUST002685,P0387,ST0020,2024-05-02,2024-09-05,Screen flickering,Resolved,12
WC001643,CUST007387,P0591,ST0031,2023-11-19,2024-09-05,Screen flickering,Rejected - Out of Warranty,12
WC002382,CUST047710,P0338,ST0036,2023-10-26,2024-09-05,Camera not focusing,Pending Pickup,12
WC004133,CUST004962,P0543,ST0036,2022-10-11,2024-09-05,Network/SIM issue,In Progress,24
WC005162,CUST018473,P0177,ST0058,2024-03-01,2024-09-05,Speaker/mic not working,Resolved,24
WC005185,CUST020385,P0402,ST0007,2024-02-28,2024-09-05,Network/SIM issue,Resolved,12
WC000676,CUST001468,P0273,ST0055,2024-05-18,2024-09-06,Physical damage - screen crack,Resolved,12
WC001855,CUST025030,P0459,ST0012,2024-02-15,2024-09-06,Camera not focusing,Resolved,12
WC003143,CUST034828,P0481,ST0008,2024-08-02,2024-09-06,Physical damage - screen crack,Resolved,12
WC005660,CUST044446,P0349,ST0011,2024-06-03,2024-09-06,Battery draining fast,Resolved,24
WC000275,CUST022071,P0484,ST0008,2023-09-25,2024-09-07,Charging port not working,Resolved,12
WC001533,CUST036023,P0227,ST0007,2023-03-20,2024-09-07,Water damage,Replaced,24
WC002020,CUST035859,P0393,ST0051,2024-03-12,2024-09-07,Battery draining fast,In Progress,12
WC003277,CUST036133,P0416,ST0010,2024-05-26,2024-09-07,Network/SIM issue,Pending Pickup,12
WC002364,CUST039633,P0326,ST0001,2023-11-05,2024-09-08,Water damage,Pending Pickup,12
WC002838,CUST023687,P0144,ST0021,2023-09-22,2024-09-08,Speaker/mic not working,Rejected - Out of Warranty,12
WC003753,CUST050000,P0257,ST0007,2024-08-20,2024-09-08,Camera not focusing,Resolved,12
WC005365,CUST040100,P0193,ST0032,2023-10-27,2024-09-08,Battery draining fast,In Progress,12
WC000468,CUST049798,P0553,ST0019,2024-05-13,2024-09-09,Charging port not working,Pending Pickup,12
WC002466,CUST028247,P0507,ST0002,2024-07-14,2024-09-09,Battery draining fast,Replaced,12
WC002877,CUST044794,P0015,ST0041,2024-01-03,2024-09-09,Network/SIM issue,Resolved,12
WC003809,CUST014406,P0525,ST0040,2023-08-23,2024-09-09,Battery draining fast,Resolved,24
WC005466,CUST003294,P0241,ST0034,2024-07-30,2024-09-09,Charging port not working,Replaced,12
WC003130,CUST042136,P0357,ST0056,2023-09-20,2024-09-10,Charging port not working,Resolved,24
WC000814,CUST025558,P0084,ST0056,2024-09-04,2024-09-11,Speaker/mic not working,Resolved,12
WC002442,CUST007489,P0012,ST0056,2024-04-15,2024-09-11,Camera not focusing,Rejected - Out of Warranty,12
WC005150,CUST030413,P0410,ST0028,2023-12-29,2024-09-11,Camera not focusing,Replaced,12
WC005344,CUST038616,P0572,ST0023,2023-11-22,2024-09-11,Software update issue,Replaced,24
WC000008,CUST034207,P0467,ST0019,2024-06-23,2024-09-12,Physical damage - screen crack,Resolved,12
WC000546,CUST021974,P0213,ST0051,2024-04-19,2024-09-12,Overheating during use,Replaced,12
WC002093,CUST036177,P0498,ST0045,2024-05-26,2024-09-12,Water damage,In Progress,12
WC002520,CUST014798,P0091,ST0019,2023-12-02,2024-09-12,Water damage,Resolved,12
WC004718,CUST011254,P0024,ST0037,2024-03-28,2024-09-12,Water damage,Resolved,12
WC005638,CUST017762,P0243,ST0045,2023-10-28,2024-09-12,Software update issue,Resolved,12
WC000660,CUST023140,P0459,ST0016,2024-08-05,2024-09-13,Battery draining fast,Resolved,12
WC000713,CUST002743,P0450,ST0011,2023-10-15,2024-09-13,Battery draining fast,Resolved,12
WC000824,CUST037503,P0473,ST0060,2024-04-23,2024-09-13,Battery draining fast,Pending Pickup,12
WC001911,CUST017031,P0564,ST0046,2023-12-24,2024-09-13,Screen flickering,Replaced,12
WC001924,CUST030865,P0136,ST0013,2024-07-30,2024-09-13,Physical damage - screen crack,Resolved,12
WC003205,CUST011785,P0131,ST0052,2024-01-29,2024-09-13,Water damage,In Progress,12
WC003566,CUST010509,P0423,ST0031,2024-05-29,2024-09-13,Screen flickering,Resolved,12
WC000156,CUST028713,P0147,ST0015,2024-02-14,2024-09-14,Overheating during use,In Progress,12
WC000602,CUST036893,P0572,ST0032,2024-09-05,2024-09-14,Speaker/mic not working,Resolved,24
WC001057,CUST022965,P0420,ST0053,2023-09-28,2024-09-14,Charging port not working,Pending Pickup,12
WC003322,CUST029324,P0306,ST0040,2024-07-07,2024-09-14,Camera not focusing,Resolved,12
WC003966,CUST024420,P0396,ST0019,2023-10-13,2024-09-14,Network/SIM issue,Pending Pickup,12
WC004548,CUST007758,P0131,ST0002,2024-03-09,2024-09-14,Physical damage - screen crack,Replaced,12
WC005551,CUST001777,P0008,ST0022,2024-07-03,2024-09-14,Water damage,Replaced,12
WC005784,CUST044171,P0180,ST0017,2024-03-21,2024-09-14,Overheating during use,Resolved,12
WC001064,CUST031864,P0111,ST0018,2024-06-29,2024-09-15,Physical damage - screen crack,Resolved,12
WC003074,CUST011814,P0077,ST0035,2024-05-27,2024-09-15,Screen flickering,Replaced,12
WC003102,CUST043999,P0500,ST0037,2024-01-10,2024-09-15,Water damage,In Progress,12
WC003253,CUST014797,P0322,ST0042,2022-11-30,2024-09-15,Network/SIM issue,Resolved,24
WC003456,CUST029525,P0423,ST0043,2024-07-26,2024-09-15,Software update issue,Resolved,12
WC003542,CUST027781,P0184,ST0053,2024-01-07,2024-09-15,Software update issue,Pending Pickup,12
WC003595,CUST016135,P0267,ST0001,2024-04-20,2024-09-15,Camera not focusing,Pending Pickup,12
WC005916,CUST048499,P0026,ST0003,2024-02-18,2024-09-15,Charging port not working,Resolved,12
WC000639,CUST007452,P0461,ST0034,2023-02-24,2024-09-16,Camera not focusing,Resolved,24
WC002390,CUST016114,P0033,ST0041,2023-11-21,2024-09-16,Water damage,Resolved,12
WC003024,CUST048793,P0068,ST0002,2024-06-28,2024-09-16,Screen flickering,Pending Pickup,12
WC003401,CUST044394,P0499,ST0006,2024-06-14,2024-09-16,Battery draining fast,Rejected - Out of Warranty,12
WC003681,CUST039926,P0151,ST0034,2024-03-02,2024-09-16,Battery draining fast,Resolved,12
WC004730,CUST009530,P0228,ST0050,2024-08-15,2024-09-16,Screen flickering,Replaced,12
WC005632,CUST020524,P0448,ST0015,2023-04-15,2024-09-16,Network/SIM issue,Rejected - Out of Warranty,24
WC000174,CUST045280,P0349,ST0017,2023-01-10,2024-09-17,Battery draining fast,Resolved,24
WC002019,CUST007746,P0056,ST0014,2023-11-24,2024-09-17,Software update issue,Replaced,24
WC002302,CUST027997,P0086,ST0052,2024-01-15,2024-09-17,Screen flickering,In Progress,12
WC003988,CUST029892,P0391,ST0034,2024-02-25,2024-09-17,Software update issue,Replaced,12
WC000203,CUST019427,P0425,ST0058,2024-07-07,2024-09-18,Software update issue,Pending Pickup,12
WC000256,CUST005071,P0514,ST0032,2024-08-02,2024-09-18,Overheating during use,Resolved,12
WC001020,CUST035247,P0241,ST0053,2023-10-15,2024-09-18,Speaker/mic not working,Rejected - Out of Warranty,12
WC003482,CUST033530,P0017,ST0018,2024-07-18,2024-09-18,Water damage,Resolved,12
WC004270,CUST004054,P0358,ST0031,2024-05-19,2024-09-18,Physical damage - screen crack,In Progress,24
WC004592,CUST035596,P0188,ST0023,2022-10-11,2024-09-18,Screen flickering,Replaced,24
WC005194,CUST026481,P0412,ST0024,2024-05-26,2024-09-18,Camera not focusing,In Progress,12
WC000493,CUST000643,P0530,ST0048,2024-01-20,2024-09-19,Network/SIM issue,Replaced,12
WC001898,CUST004425,P0174,ST0051,2024-05-19,2024-09-19,Screen flickering,Resolved,12
WC002011,CUST008600,P0213,ST0038,2024-08-06,2024-09-19,Physical damage - screen crack,In Progress,12
WC002536,CUST025622,P0278,ST0054,2024-03-18,2024-09-19,Screen flickering,Pending Pickup,12
WC003075,CUST036547,P0171,ST0026,2024-07-22,2024-09-19,Camera not focusing,Replaced,12
WC002595,CUST030936,P0533,ST0022,2024-07-27,2024-09-20,Charging port not working,Replaced,12
WC002878,CUST019277,P0473,ST0005,2024-09-09,2024-09-20,Network/SIM issue,In Progress,12
WC005921,CUST037523,P0389,ST0023,2024-08-28,2024-09-20,Speaker/mic not working,Resolved,24
WC000115,CUST015070,P0257,ST0013,2024-06-19,2024-09-21,Camera not focusing,In Progress,12
WC000638,CUST015758,P0205,ST0052,2024-05-08,2024-09-22,Overheating during use,Replaced,12
WC000797,CUST016033,P0136,ST0016,2023-11-13,2024-09-22,Screen flickering,In Progress,12
WC003105,CUST025844,P0498,ST0031,2024-05-10,2024-09-22,Screen flickering,Pending Pickup,12
WC003390,CUST035314,P0376,ST0058,2024-06-27,2024-09-22,Charging port not working,Replaced,12
WC003473,CUST025758,P0587,ST0030,2024-01-04,2024-09-22,Water damage,Pending Pickup,12
WC003763,CUST016867,P0333,ST0058,2024-03-14,2024-09-22,Overheating during use,Pending Pickup,12
WC004109,CUST037405,P0462,ST0017,2023-10-24,2024-09-22,Network/SIM issue,In Progress,24
WC000270,CUST043246,P0587,ST0019,2023-11-14,2024-09-23,Battery draining fast,Rejected - Out of Warranty,12
WC002047,CUST046154,P0347,ST0041,2024-06-08,2024-09-23,Water damage,Resolved,12
WC003709,CUST009917,P0283,ST0048,2024-05-11,2024-09-23,Software update issue,Resolved,12
WC003772,CUST015136,P0565,ST0034,2024-05-30,2024-09-23,Battery draining fast,Resolved,12
WC004545,CUST006563,P0069,ST0057,2024-01-16,2024-09-23,Water damage,In Progress,12
WC002286,CUST042137,P0056,ST0001,2023-03-11,2024-09-24,Screen flickering,Resolved,24
WC002428,CUST034585,P0114,ST0024,2024-05-31,2024-09-24,Charging port not working,Resolved,12
WC002551,CUST022614,P0483,ST0002,2024-04-22,2024-09-25,Network/SIM issue,Replaced,24
WC002630,CUST011149,P0076,ST0055,2024-06-07,2024-09-25,Overheating during use,Pending Pickup,12
WC004136,CUST037263,P0230,ST0055,2024-03-08,2024-09-25,Screen flickering,Replaced,12
WC004714,CUST041475,P0554,ST0019,2024-02-25,2024-09-25,Speaker/mic not working,Resolved,12
WC005499,CUST007308,P0524,ST0044,2024-03-13,2024-09-25,Software update issue,Resolved,12
WC005945,CUST019020,P0003,ST0002,2024-03-16,2024-09-25,Charging port not working,Pending Pickup,12
WC000001,CUST015826,P0375,ST0046,2024-08-14,2024-09-26,Network/SIM issue,Resolved,24
WC000599,CUST001959,P0595,ST0006,2024-01-06,2024-09-26,Physical damage - screen crack,Resolved,12
WC002477,CUST012080,P0382,ST0048,2024-04-02,2024-09-26,Water damage,Resolved,12
WC004668,CUST007728,P0226,ST0018,2024-04-28,2024-09-26,Water damage,Replaced,12
WC004939,CUST026812,P0301,ST0035,2024-03-10,2024-09-26,Camera not focusing,Resolved,12
WC003083,CUST027648,P0525,ST0012,2024-07-14,2024-09-27,Battery draining fast,Resolved,24
WC003328,CUST048384,P0017,ST0001,2023-10-14,2024-09-27,Physical damage - screen crack,Rejected - Out of Warranty,12
WC003459,CUST041068,P0062,ST0048,2024-07-21,2024-09-27,Camera not focusing,Resolved,12
WC004091,CUST008674,P0410,ST0007,2023-11-19,2024-09-27,Battery draining fast,Rejected - Out of Warranty,12
WC004318,CUST002531,P0369,ST0010,2023-10-29,2024-09-27,Physical damage - screen crack,In Progress,12
WC004711,CUST004351,P0558,ST0051,2024-02-27,2024-09-27,Overheating during use,Resolved,12
WC004772,CUST023788,P0548,ST0008,2023-12-22,2024-09-27,Overheating during use,Resolved,12
WC005024,CUST046388,P0508,ST0008,2024-02-09,2024-09-27,Network/SIM issue,Pending Pickup,12
WC005904,CUST023565,P0379,ST0002,2024-04-29,2024-09-27,Physical damage - screen crack,Resolved,12
WC002744,CUST010857,P0284,ST0041,2024-08-18,2024-09-28,Screen flickering,Resolved,12
WC003945,CUST027439,P0399,ST0014,2024-04-26,2024-09-28,Camera not focusing,Resolved,12
WC004779,CUST046606,P0051,ST0016,2024-06-11,2024-09-28,Water damage,Replaced,12
WC005694,CUST021606,P0432,ST0036,2024-04-04,2024-09-28,Charging port not working,Resolved,12
WC005871,CUST026547,P0415,ST0034,2023-11-30,2024-09-28,Physical damage - screen crack,Pending Pickup,12
WC000192,CUST045158,P0555,ST0029,2024-07-16,2024-09-29,Speaker/mic not working,Pending Pickup,12
WC002766,CUST011600,P0137,ST0036,2024-01-16,2024-09-29,Charging port not working,Resolved,12
WC005083,CUST006580,P0343,ST0051,2024-09-14,2024-09-29,Water damage,Replaced,24
WC001284,CUST044898,P0167,ST0016,2024-04-25,2024-09-30,Charging port not working,Pending Pickup,24
WC001847,CUST035973,P0433,ST0022,2024-03-08,2024-09-30,Physical damage - screen crack,In Progress,12
WC003313,CUST010680,P0038,ST0015,2023-06-05,2024-09-30,Screen flickering,Resolved,24
WC003374,CUST035788,P0314,ST0035,2023-11-17,2024-09-30,Screen flickering,Resolved,12
WC004234,CUST036745,P0016,ST0017,2023-10-29,2024-09-30,Overheating during use,In Progress,12
WC001926,CUST013389,P0237,ST0041,2024-08-24,2024-10-01,Screen flickering,Resolved,12
WC002787,CUST013906,P0084,ST0011,2024-04-30,2024-10-01,Physical damage - screen crack,Resolved,12
WC005649,CUST047445,P0433,ST0058,2024-08-25,2024-10-01,Water damage,Replaced,12
WC000923,CUST018853,P0112,ST0013,2023-12-28,2024-10-02,Charging port not working,Pending Pickup,12
WC002215,CUST032249,P0252,ST0010,2024-09-16,2024-10-02,Battery draining fast,Resolved,12
WC002885,CUST006237,P0554,ST0057,2024-07-07,2024-10-02,Camera not focusing,Resolved,12
WC004580,CUST009083,P0033,ST0037,2024-03-27,2024-10-02,Speaker/mic not working,Pending Pickup,12
WC004761,CUST041153,P0261,ST0008,2024-09-16,2024-10-02,Battery draining fast,Replaced,12
WC005698,CUST044538,P0153,ST0015,2024-04-28,2024-10-02,Network/SIM issue,In Progress,12
WC002072,CUST024535,P0090,ST0042,2024-07-15,2024-10-03,Physical damage - screen crack,Rejected - Out of Warranty,12
WC002697,CUST014761,P0482,ST0026,2023-12-24,2024-10-03,Charging port not working,Rejected - Out of Warranty,24
WC002946,CUST015654,P0569,ST0017,2024-04-07,2024-10-03,Screen flickering,Rejected - Out of Warranty,12
WC003211,CUST015793,P0328,ST0019,2023-11-23,2024-10-03,Charging port not working,Rejected - Out of Warranty,12
WC004235,CUST034046,P0231,ST0034,2024-01-14,2024-10-03,Battery draining fast,Resolved,12
WC004335,CUST012821,P0361,ST0013,2023-11-19,2024-10-03,Battery draining fast,Resolved,12
WC005296,CUST032372,P0224,ST0013,2024-05-26,2024-10-03,Screen flickering,Resolved,12
WC000063,CUST043007,P0454,ST0056,2024-03-10,2024-10-04,Charging port not working,Pending Pickup,12
WC000100,CUST018963,P0468,ST0040,2024-02-15,2024-10-04,Network/SIM issue,Replaced,12
WC001034,CUST047580,P0173,ST0048,2024-05-23,2024-10-04,Speaker/mic not working,Pending Pickup,12
WC004277,CUST024630,P0428,ST0028,2023-10-15,2024-10-04,Water damage,Resolved,12
WC004875,CUST048263,P0156,ST0038,2024-07-11,2024-10-04,Battery draining fast,In Progress,12
WC005211,CUST046179,P0501,ST0041,2024-04-22,2024-10-04,Physical damage - screen crack,Rejected - Out of Warranty,12
WC005755,CUST030441,P0097,ST0055,2024-02-08,2024-10-04,Network/SIM issue,Pending Pickup,12
WC000140,CUST008297,P0256,ST0048,2023-11-20,2024-10-05,Physical damage - screen crack,Resolved,12
WC000226,CUST008118,P0407,ST0022,2024-06-03,2024-10-05,Charging port not working,Resolved,12
WC000276,CUST047882,P0426,ST0034,2024-04-14,2024-10-05,Water damage,Replaced,12
WC003497,CUST024402,P0267,ST0057,2024-01-08,2024-10-05,Overheating during use,Rejected - Out of Warranty,12
WC006000,CUST005496,P0230,ST0016,2023-12-09,2024-10-05,Network/SIM issue,Pending Pickup,12
WC002015,CUST001005,P0321,ST0060,2024-02-26,2024-10-06,Camera not focusing,In Progress,12
WC002307,CUST029974,P0316,ST0037,2024-01-25,2024-10-06,Screen flickering,Resolved,12
WC002396,CUST025051,P0595,ST0059,2024-04-04,2024-10-06,Charging port not working,In Progress,12
WC002443,CUST040793,P0487,ST0060,2024-06-17,2024-10-06,Speaker/mic not working,Resolved,12
WC003163,CUST010322,P0454,ST0033,2024-02-12,2024-10-06,Physical damage - screen crack,Resolved,12
WC004190,CUST040784,P0149,ST0012,2024-08-21,2024-10-06,Screen flickering,Rejected - Out of Warranty,12
WC004302,CUST049400,P0142,ST0013,2024-05-08,2024-10-06,Battery draining fast,Replaced,12
WC005096,CUST029961,P0260,ST0032,2024-01-05,2024-10-06,Battery draining fast,Resolved,12
WC000609,CUST018421,P0232,ST0028,2023-12-09,2024-10-07,Charging port not working,Pending Pickup,12
WC001315,CUST024008,P0353,ST0036,2024-07-23,2024-10-07,Speaker/mic not working,Pending Pickup,12
WC002753,CUST043203,P0422,ST0017,2024-08-20,2024-10-07,Physical damage - screen crack,Resolved,12
WC003214,CUST037518,P0471,ST0058,2024-06-21,2024-10-07,Network/SIM issue,Rejected - Out of Warranty,12
WC003264,CUST048993,P0069,ST0052,2024-05-08,2024-10-07,Charging port not working,Rejected - Out of Warranty,12
WC003849,CUST033633,P0422,ST0036,2024-02-23,2024-10-07,Screen flickering,Replaced,12
WC004973,CUST049997,P0094,ST0038,2024-07-24,2024-10-07,Physical damage - screen crack,In Progress,12
WC005286,CUST026488,P0570,ST0030,2024-08-05,2024-10-07,Screen flickering,Resolved,12
WC000873,CUST040617,P0464,ST0031,2024-06-04,2024-10-08,Water damage,Pending Pickup,12
WC001756,CUST024251,P0396,ST0039,2024-04-16,2024-10-08,Physical damage - screen crack,Resolved,12
WC002781,CUST042227,P0263,ST0030,2022-12-31,2024-10-08,Battery draining fast,Resolved,24
WC001341,CUST035563,P0465,ST0041,2023-10-24,2024-10-09,Network/SIM issue,Resolved,12
WC005584,CUST035922,P0431,ST0001,2024-03-08,2024-10-09,Screen flickering,Replaced,12
WC000447,CUST024750,P0198,ST0012,2024-04-08,2024-10-10,Software update issue,In Progress,12
WC003747,CUST036443,P0549,ST0026,2023-12-23,2024-10-10,Water damage,In Progress,12
WC004719,CUST040306,P0273,ST0050,2023-11-25,2024-10-10,Speaker/mic not working,Resolved,12
WC005307,CUST002137,P0591,ST0001,2023-11-22,2024-10-10,Battery draining fast,Resolved,12
WC000089,CUST017036,P0324,ST0034,2024-05-24,2024-10-11,Battery draining fast,In Progress,12
WC000511,CUST037012,P0179,ST0040,2024-06-13,2024-10-11,Network/SIM issue,Rejected - Out of Warranty,12
WC002103,CUST047271,P0431,ST0048,2024-09-29,2024-10-11,Battery draining fast,Pending Pickup,12
WC002270,CUST016281,P0582,ST0012,2024-05-31,2024-10-11,Battery draining fast,Resolved,24
WC002408,CUST038747,P0511,ST0042,2024-03-19,2024-10-11,Battery draining fast,Rejected - Out of Warranty,12
WC004253,CUST027611,P0264,ST0056,2024-02-07,2024-10-11,Overheating during use,Pending Pickup,12
WC004913,CUST039400,P0251,ST0002,2023-11-06,2024-10-11,Network/SIM issue,Pending Pickup,12
WC000085,CUST037828,P0507,ST0060,2024-03-28,2024-10-12,Battery draining fast,In Progress,12
WC000961,CUST032099,P0494,ST0017,2024-02-23,2024-10-12,Network/SIM issue,Resolved,12
WC003298,CUST023013,P0539,ST0050,2024-02-28,2024-10-12,Software update issue,Pending Pickup,12
WC003481,CUST017549,P0260,ST0034,2023-12-25,2024-10-12,Software update issue,Pending Pickup,12
WC003562,CUST048561,P0217,ST0052,2024-03-29,2024-10-12,Camera not focusing,Rejected - Out of Warranty,12
WC003983,CUST009924,P0364,ST0009,2024-05-13,2024-10-12,Speaker/mic not working,Resolved,24
WC004433,CUST026884,P0450,ST0045,2023-12-09,2024-10-12,Overheating during use,Resolved,12
WC000476,CUST012917,P0145,ST0028,2024-07-09,2024-10-13,Physical damage - screen crack,Resolved,12
WC000753,CUST039676,P0071,ST0016,2024-09-14,2024-10-13,Speaker/mic not working,Resolved,12
WC002606,CUST018003,P0096,ST0046,2024-09-25,2024-10-13,Network/SIM issue,In Progress,12
WC005130,CUST003685,P0105,ST0004,2023-12-12,2024-10-13,Screen flickering,Pending Pickup,12
WC001640,CUST036456,P0350,ST0047,2024-03-20,2024-10-14,Network/SIM issue,Resolved,12
WC002252,CUST002642,P0097,ST0051,2024-04-12,2024-10-14,Network/SIM issue,Resolved,12
WC003469,CUST035079,P0257,ST0033,2024-10-03,2024-10-14,Physical damage - screen crack,In Progress,12
WC004539,CUST025342,P0480,ST0016,2024-01-22,2024-10-14,Software update issue,Resolved,12
WC000304,CUST029765,P0516,ST0003,2024-07-22,2024-10-15,Network/SIM issue,Resolved,12
WC000963,CUST031210,P0238,ST0023,2024-08-15,2024-10-15,Screen flickering,In Progress,12
WC001465,CUST016864,P0241,ST0011,2024-04-15,2024-10-15,Water damage,Resolved,12
WC001506,CUST023392,P0352,ST0009,2024-04-16,2024-10-15,Physical damage - screen crack,Resolved,12
WC001821,CUST035559,P0053,ST0040,2023-10-18,2024-10-15,Camera not focusing,Rejected - Out of Warranty,24
WC002030,CUST033264,P0282,ST0052,2023-11-19,2024-10-15,Network/SIM issue,Resolved,12
WC002306,CUST012255,P0207,ST0018,2024-08-23,2024-10-15,Network/SIM issue,Rejected - Out of Warranty,12
WC003833,CUST041263,P0549,ST0033,2024-07-22,2024-10-15,Speaker/mic not working,Replaced,12
WC005001,CUST037859,P0090,ST0043,2024-05-30,2024-10-15,Charging port not working,In Progress,12
WC000248,CUST014589,P0026,ST0039,2024-02-29,2024-10-16,Battery draining fast,Resolved,12
WC000737,CUST046705,P0055,ST0054,2023-12-11,2024-10-16,Speaker/mic not working,Resolved,12
WC001785,CUST029636,P0117,ST0050,2024-07-14,2024-10-16,Water damage,In Progress,12
WC001947,CUST003249,P0376,ST0017,2024-03-22,2024-10-16,Speaker/mic not working,Resolved,12
WC003085,CUST048482,P0316,ST0028,2023-10-30,2024-10-16,Software update issue,Resolved,12
WC003095,CUST020277,P0196,ST0045,2023-12-13,2024-10-16,Camera not focusing,Resolved,12
WC003246,CUST045366,P0101,ST0029,2024-07-13,2024-10-16,Physical damage - screen crack,Resolved,12
WC003879,CUST005289,P0070,ST0051,2024-04-13,2024-10-16,Speaker/mic not working,Resolved,12
WC003997,CUST014709,P0585,ST0045,2023-12-17,2024-10-16,Network/SIM issue,Rejected - Out of Warranty,12
WC005534,CUST035682,P0426,ST0050,2024-01-18,2024-10-16,Camera not focusing,Replaced,12
WC005665,CUST042163,P0009,ST0059,2024-05-06,2024-10-16,Speaker/mic not working,Rejected - Out of Warranty,12
WC000023,CUST026354,P0253,ST0031,2024-01-19,2024-10-17,Network/SIM issue,Replaced,12
WC002696,CUST010745,P0031,ST0006,2023-10-27,2024-10-17,Charging port not working,Replaced,12
WC002869,CUST048347,P0037,ST0059,2024-07-18,2024-10-17,Overheating during use,Resolved,12
WC003702,CUST002108,P0094,ST0005,2024-01-14,2024-10-17,Network/SIM issue,Resolved,12
WC004993,CUST022820,P0291,ST0060,2024-05-04,2024-10-17,Software update issue,Resolved,12
WC005154,CUST021352,P0336,ST0020,2023-11-20,2024-10-17,Speaker/mic not working,Resolved,12
WC000935,CUST045136,P0448,ST0015,2023-03-24,2024-10-19,Software update issue,Rejected - Out of Warranty,24
WC001245,CUST021751,P0450,ST0027,2023-11-03,2024-10-19,Network/SIM issue,Resolved,12
WC001996,CUST046743,P0167,ST0025,2022-12-14,2024-10-19,Overheating during use,Resolved,24
WC002446,CUST014755,P0036,ST0053,2023-11-09,2024-10-19,Software update issue,Pending Pickup,12
WC004520,CUST012562,P0055,ST0035,2024-04-07,2024-10-19,Camera not focusing,Resolved,12
WC000584,CUST043504,P0417,ST0037,2024-03-25,2024-10-20,Battery draining fast,Resolved,12
WC001055,CUST008757,P0139,ST0009,2024-01-24,2024-10-20,Physical damage - screen crack,Replaced,24
WC001295,CUST000011,P0114,ST0018,2024-04-08,2024-10-20,Battery draining fast,In Progress,12
WC002183,CUST041178,P0088,ST0043,2024-08-23,2024-10-20,Camera not focusing,Replaced,12
WC002567,CUST020500,P0152,ST0055,2024-04-27,2024-10-20,Speaker/mic not working,Resolved,12
WC005472,CUST022632,P0050,ST0036,2024-03-03,2024-10-20,Network/SIM issue,Resolved,12
WC000786,CUST049760,P0233,ST0052,2024-03-02,2024-10-21,Software update issue,Resolved,12
WC001740,CUST017125,P0028,ST0032,2024-09-15,2024-10-21,Screen flickering,Replaced,12
WC004129,CUST023934,P0519,ST0060,2024-03-21,2024-10-21,Camera not focusing,Replaced,12
WC004989,CUST008034,P0021,ST0038,2024-02-22,2024-10-21,Overheating during use,In Progress,12
WC005044,CUST021736,P0185,ST0038,2024-10-07,2024-10-21,Network/SIM issue,In Progress,12
WC000409,CUST042833,P0038,ST0038,2023-06-09,2024-10-22,Network/SIM issue,Replaced,24
WC000752,CUST009996,P0329,ST0015,2024-02-12,2024-10-22,Water damage,Replaced,12
WC001449,CUST032287,P0010,ST0037,2023-11-27,2024-10-22,Charging port not working,Resolved,12
WC002077,CUST000397,P0459,ST0003,2023-12-03,2024-10-22,Speaker/mic not working,Pending Pickup,12
WC002905,CUST014171,P0449,ST0044,2024-04-08,2024-10-22,Screen flickering,In Progress,12
WC002952,CUST012476,P0299,ST0002,2023-12-28,2024-10-22,Camera not focusing,Resolved,12
WC003198,CUST035914,P0133,ST0026,2024-06-27,2024-10-22,Water damage,Replaced,12
WC004390,CUST037724,P0210,ST0053,2024-06-16,2024-10-22,Network/SIM issue,Replaced,12
WC004729,CUST016980,P0063,ST0030,2023-11-13,2024-10-22,Software update issue,Pending Pickup,12
WC004933,CUST005627,P0334,ST0056,2023-11-19,2024-10-22,Speaker/mic not working,In Progress,12
WC005113,CUST015007,P0032,ST0054,2024-04-15,2024-10-22,Screen flickering,Rejected - Out of Warranty,12
WC005485,CUST041521,P0298,ST0029,2024-03-11,2024-10-22,Camera not focusing,Resolved,12
WC001612,CUST026352,P0202,ST0045,2024-09-23,2024-10-23,Battery draining fast,Pending Pickup,12
WC002065,CUST002159,P0247,ST0042,2023-12-19,2024-10-23,Charging port not working,In Progress,12
WC003020,CUST038690,P0044,ST0021,2024-03-20,2024-10-23,Speaker/mic not working,Pending Pickup,12
WC003703,CUST025316,P0593,ST0039,2024-09-06,2024-10-23,Physical damage - screen crack,Resolved,12
WC003836,CUST047355,P0312,ST0050,2023-12-12,2024-10-23,Water damage,Resolved,12
WC004178,CUST017998,P0208,ST0027,2024-03-10,2024-10-23,Camera not focusing,In Progress,12
WC004329,CUST040647,P0109,ST0056,2023-11-29,2024-10-23,Network/SIM issue,In Progress,12
WC004454,CUST034138,P0317,ST0035,2024-07-01,2024-10-23,Software update issue,Pending Pickup,12
WC002864,CUST042919,P0358,ST0028,2023-04-18,2024-10-24,Camera not focusing,Replaced,24
WC002955,CUST040542,P0575,ST0023,2024-07-27,2024-10-24,Network/SIM issue,Resolved,24
WC003403,CUST021071,P0494,ST0042,2024-02-21,2024-10-24,Charging port not working,Resolved,12
WC004383,CUST016510,P0260,ST0019,2024-10-11,2024-10-24,Overheating during use,Replaced,12
WC005870,CUST011164,P0203,ST0031,2024-06-14,2024-10-24,Camera not focusing,In Progress,12
WC003810,CUST006686,P0548,ST0023,2023-12-31,2024-10-25,Screen flickering,Pending Pickup,12
WC005280,CUST047677,P0539,ST0015,2024-04-07,2024-10-25,Network/SIM issue,Resolved,12
WC005327,CUST006082,P0520,ST0027,2024-04-17,2024-10-25,Screen flickering,Resolved,12
WC000316,CUST000887,P0053,ST0035,2024-09-13,2024-10-26,Speaker/mic not working,Rejected - Out of Warranty,24
WC000974,CUST018810,P0517,ST0010,2024-04-12,2024-10-26,Network/SIM issue,Pending Pickup,12
WC002451,CUST003432,P0305,ST0005,2024-06-29,2024-10-26,Water damage,Replaced,12
WC002907,CUST001123,P0078,ST0018,2024-02-21,2024-10-26,Camera not focusing,In Progress,12
WC005428,CUST011039,P0390,ST0011,2024-02-21,2024-10-26,Overheating during use,Resolved,12
WC000527,CUST034216,P0374,ST0021,2024-06-13,2024-10-27,Camera not focusing,Resolved,12
WC001619,CUST022850,P0578,ST0025,2024-08-11,2024-10-27,Screen flickering,Resolved,12
WC002529,CUST014377,P0529,ST0052,2023-11-16,2024-10-27,Overheating during use,In Progress,12
WC002658,CUST039463,P0407,ST0047,2023-12-27,2024-10-27,Overheating during use,Resolved,12
WC003393,CUST046963,P0044,ST0038,2024-05-05,2024-10-27,Speaker/mic not working,Resolved,12
WC003960,CUST009731,P0042,ST0041,2024-05-16,2024-10-27,Camera not focusing,Resolved,12
WC000125,CUST048396,P0547,ST0031,2024-07-09,2024-10-28,Overheating during use,Resolved,12
WC001068,CUST033544,P0529,ST0057,2024-05-26,2024-10-28,Water damage,Resolved,12
WC001820,CUST006047,P0164,ST0011,2024-01-04,2024-10-28,Screen flickering,Resolved,12
WC002133,CUST000804,P0521,ST0059,2023-11-27,2024-10-28,Battery draining fast,Resolved,12
WC002875,CUST044832,P0151,ST0021,2024-01-16,2024-10-28,Screen flickering,Resolved,12
WC003513,CUST008383,P0009,ST0015,2024-04-10,2024-10-28,Network/SIM issue,Rejected - Out of Warranty,12
WC004506,CUST005302,P0390,ST0045,2024-10-23,2024-10-28,Charging port not working,Pending Pickup,12
WC004706,CUST018616,P0533,ST0024,2024-10-02,2024-10-28,Software update issue,In Progress,12
WC001302,CUST021603,P0446,ST0009,2024-05-26,2024-10-29,Network/SIM issue,Rejected - Out of Warranty,12
WC002218,CUST034552,P0402,ST0015,2024-08-09,2024-10-29,Screen flickering,Replaced,12
WC005099,CUST009238,P0377,ST0057,2024-08-17,2024-10-29,Screen flickering,Resolved,12
WC005157,CUST007184,P0050,ST0050,2023-11-17,2024-10-29,Water damage,In Progress,12
WC002000,CUST002198,P0532,ST0021,2024-07-15,2024-10-30,Physical damage - screen crack,In Progress,12
WC002965,CUST021300,P0457,ST0040,2023-12-08,2024-10-30,Battery draining fast,In Progress,12
WC003243,CUST011832,P0361,ST0017,2024-03-04,2024-10-30,Physical damage - screen crack,Resolved,12
WC000201,CUST023241,P0564,ST0014,2023-11-09,2024-10-31,Overheating during use,Resolved,12
WC000544,CUST037066,P0350,ST0052,2024-05-06,2024-10-31,Speaker/mic not working,In Progress,12
WC000875,CUST023336,P0055,ST0052,2024-04-20,2024-10-31,Charging port not working,Resolved,12
WC002095,CUST038408,P0203,ST0059,2024-01-21,2024-10-31,Network/SIM issue,Resolved,12
WC002745,CUST041807,P0335,ST0011,2023-11-20,2024-10-31,Battery draining fast,Resolved,12
WC002755,CUST030008,P0045,ST0044,2024-08-25,2024-10-31,Charging port not working,In Progress,12
WC002908,CUST006039,P0372,ST0041,2024-04-08,2024-10-31,Screen flickering,Resolved,12
WC004621,CUST014127,P0286,ST0036,2023-12-06,2024-10-31,Charging port not working,Pending Pickup,12
WC005380,CUST045452,P0218,ST0058,2024-09-25,2024-10-31,Physical damage - screen crack,Resolved,12
WC002651,CUST022846,P0018,ST0055,2024-06-26,2024-11-01,Overheating during use,In Progress,12
WC004147,CUST047473,P0522,ST0016,2024-09-30,2024-11-01,Screen flickering,In Progress,12
WC005030,CUST030877,P0296,ST0046,2024-07-19,2024-11-01,Screen flickering,Rejected - Out of Warranty,12
WC005160,CUST020107,P0271,ST0022,2024-03-01,2024-11-01,Speaker/mic not working,Replaced,12
WC005175,CUST014768,P0270,ST0060,2024-02-10,2024-11-01,Water damage,Pending Pickup,12
WC000405,CUST038885,P0324,ST0001,2024-07-02,2024-11-02,Overheating during use,Pending Pickup,12
WC001801,CUST042528,P0494,ST0009,2024-06-23,2024-11-02,Battery draining fast,Resolved,12
WC002997,CUST014403,P0184,ST0058,2023-12-11,2024-11-02,Charging port not working,Rejected - Out of Warranty,12
WC005536,CUST015253,P0323,ST0045,2023-12-07,2024-11-02,Battery draining fast,In Progress,12
WC001009,CUST044565,P0283,ST0019,2024-07-07,2024-11-03,Physical damage - screen crack,Pending Pickup,12
WC003475,CUST027849,P0329,ST0034,2024-09-26,2024-11-03,Charging port not working,Resolved,12
WC003567,CUST027491,P0047,ST0044,2024-11-02,2024-11-03,Network/SIM issue,Resolved,12
WC003603,CUST010028,P0202,ST0037,2024-06-25,2024-11-04,Physical damage - screen crack,Replaced,12
WC004339,CUST037991,P0569,ST0001,2024-03-15,2024-11-04,Physical damage - screen crack,Resolved,12
WC005664,CUST018953,P0063,ST0024,2024-05-27,2024-11-04,Physical damage - screen crack,Resolved,12
WC005903,CUST031464,P0242,ST0015,2024-05-28,2024-11-04,Network/SIM issue,Resolved,12
WC001043,CUST045101,P0279,ST0034,2024-06-07,2024-11-05,Water damage,Resolved,12
WC001044,CUST036108,P0527,ST0023,2024-04-12,2024-11-05,Water damage,Replaced,12
WC004641,CUST031208,P0173,ST0016,2024-10-20,2024-11-05,Overheating during use,Replaced,12
WC005616,CUST030427,P0294,ST0031,2024-04-03,2024-11-05,Battery draining fast,Pending Pickup,12
WC002075,CUST009941,P0492,ST0032,2023-11-29,2024-11-06,Speaker/mic not working,Resolved,12
WC002720,CUST049955,P0269,ST0058,2024-06-15,2024-11-06,Screen flickering,Pending Pickup,12
WC002833,CUST023660,P0567,ST0026,2023-12-17,2024-11-06,Screen flickering,Resolved,12
WC003696,CUST013531,P0382,ST0034,2024-03-23,2024-11-06,Screen flickering,Resolved,12
WC005043,CUST019239,P0257,ST0049,2024-03-30,2024-11-06,Network/SIM issue,Resolved,12
WC005202,CUST007798,P0408,ST0023,2024-03-12,2024-11-06,Water damage,Resolved,12
WC005370,CUST011113,P0249,ST0012,2023-12-23,2024-11-06,Network/SIM issue,In Progress,12
WC005393,CUST022515,P0413,ST0019,2024-01-30,2024-11-06,Physical damage - screen crack,Resolved,12
WC001262,CUST026703,P0578,ST0033,2024-04-12,2024-11-07,Screen flickering,Resolved,12
WC002018,CUST044005,P0319,ST0060,2024-05-05,2024-11-07,Overheating during use,Resolved,12
WC003022,CUST003361,P0311,ST0011,2024-08-11,2024-11-07,Water damage,Replaced,12
WC003025,CUST036271,P0393,ST0040,2024-07-23,2024-11-07,Charging port not working,Pending Pickup,12
WC003734,CUST033729,P0494,ST0039,2024-07-22,2024-11-07,Battery draining fast,Resolved,12
WC004518,CUST003106,P0323,ST0015,2024-10-24,2024-11-07,Screen flickering,In Progress,12
WC005174,CUST026772,P0593,ST0024,2024-02-21,2024-11-07,Overheating during use,Resolved,12
WC005887,CUST016781,P0593,ST0004,2024-08-15,2024-11-07,Physical damage - screen crack,In Progress,12
WC000749,CUST033920,P0230,ST0055,2024-07-25,2024-11-08,Charging port not working,Pending Pickup,12
WC001319,CUST018978,P0032,ST0030,2024-03-18,2024-11-08,Speaker/mic not working,Resolved,12
WC003047,CUST009516,P0369,ST0007,2024-09-04,2024-11-08,Software update issue,Resolved,12
WC004076,CUST007780,P0213,ST0018,2024-03-17,2024-11-08,Speaker/mic not working,Resolved,12
WC004315,CUST038211,P0294,ST0005,2024-05-23,2024-11-08,Software update issue,Pending Pickup,12
WC000183,CUST025690,P0376,ST0058,2024-02-14,2024-11-09,Network/SIM issue,In Progress,12
WC001314,CUST044068,P0360,ST0054,2024-09-28,2024-11-09,Camera not focusing,Replaced,12
WC002608,CUST016869,P0226,ST0025,2024-02-02,2024-11-09,Water damage,Resolved,12
WC003279,CUST019711,P0224,ST0011,2023-12-27,2024-11-09,Battery draining fast,Replaced,12
WC004489,CUST047610,P0056,ST0031,2024-04-12,2024-11-09,Software update issue,Resolved,24
WC004578,CUST000356,P0241,ST0023,2023-11-16,2024-11-09,Charging port not working,Replaced,12
WC005334,CUST015111,P0507,ST0012,2024-09-16,2024-11-09,Speaker/mic not working,Resolved,12
WC001523,CUST018517,P0060,ST0016,2024-06-27,2024-11-10,Camera not focusing,Rejected - Out of Warranty,12
WC001757,CUST018931,P0296,ST0035,2024-08-02,2024-11-10,Overheating during use,In Progress,12
WC002823,CUST032009,P0303,ST0014,2024-05-23,2024-11-10,Screen flickering,Resolved,12
WC003107,CUST031872,P0091,ST0039,2024-09-24,2024-11-10,Physical damage - screen crack,Resolved,12
WC003483,CUST019548,P0250,ST0020,2024-08-25,2024-11-10,Camera not focusing,Resolved,12
WC004726,CUST041386,P0541,ST0046,2024-04-08,2024-11-10,Water damage,Rejected - Out of Warranty,12
WC005205,CUST044205,P0450,ST0018,2024-07-10,2024-11-10,Battery draining fast,Pending Pickup,12
WC005389,CUST008241,P0140,ST0024,2024-10-23,2024-11-10,Speaker/mic not working,Replaced,12
WC001187,CUST004614,P0018,ST0018,2024-04-21,2024-11-11,Physical damage - screen crack,Resolved,12
WC001436,CUST044957,P0180,ST0007,2024-05-10,2024-11-11,Battery draining fast,Resolved,12
WC002852,CUST023508,P0461,ST0025,2023-03-03,2024-11-11,Speaker/mic not working,Resolved,24
WC002856,CUST039611,P0447,ST0030,2024-01-22,2024-11-11,Speaker/mic not working,Rejected - Out of Warranty,12
WC004175,CUST018693,P0486,ST0022,2023-02-07,2024-11-11,Physical damage - screen crack,Replaced,24
WC004869,CUST040685,P0515,ST0028,2024-03-31,2024-11-11,Software update issue,Resolved,12
WC005416,CUST040857,P0057,ST0016,2024-02-12,2024-11-11,Water damage,In Progress,12
WC005780,CUST021654,P0005,ST0034,2023-03-17,2024-11-11,Screen flickering,Resolved,24
WC000136,CUST046644,P0232,ST0035,2024-10-03,2024-11-12,Physical damage - screen crack,In Progress,12
WC001684,CUST000017,P0538,ST0035,2024-04-09,2024-11-12,Speaker/mic not working,In Progress,12
WC005639,CUST008805,P0005,ST0012,2023-01-29,2024-11-12,Overheating during use,Rejected - Out of Warranty,24
WC005919,CUST040878,P0524,ST0057,2024-06-22,2024-11-12,Software update issue,Resolved,12
WC000186,CUST047588,P0110,ST0021,2024-09-19,2024-11-13,Water damage,Pending Pickup,12
WC000388,CUST021824,P0381,ST0025,2024-05-03,2024-11-13,Charging port not working,Pending Pickup,12
WC002653,CUST006320,P0107,ST0032,2024-11-01,2024-11-13,Software update issue,Rejected - Out of Warranty,12
WC003087,CUST031386,P0202,ST0005,2024-07-27,2024-11-13,Screen flickering,Resolved,12
WC003838,CUST000104,P0558,ST0042,2024-07-31,2024-11-13,Physical damage - screen crack,Rejected - Out of Warranty,12
WC005889,CUST045686,P0484,ST0044,2023-12-04,2024-11-13,Software update issue,In Progress,12
WC001054,CUST013029,P0300,ST0014,2024-05-09,2024-11-14,Water damage,In Progress,12
WC002102,CUST029339,P0124,ST0047,2023-05-29,2024-11-14,Speaker/mic not working,Replaced,24
WC002942,CUST022722,P0568,ST0024,2024-09-29,2024-11-14,Physical damage - screen crack,Resolved,12
WC005207,CUST038525,P0321,ST0039,2024-07-04,2024-11-14,Camera not focusing,Pending Pickup,12
WC005552,CUST048029,P0130,ST0007,2024-11-02,2024-11-14,Screen flickering,Resolved,12
WC000105,CUST012699,P0523,ST0007,2024-03-29,2024-11-15,Network/SIM issue,Resolved,12
WC003582,CUST036694,P0251,ST0051,2024-05-15,2024-11-15,Camera not focusing,Replaced,12
WC003690,CUST043777,P0430,ST0032,2023-12-09,2024-11-15,Battery draining fast,Rejected - Out of Warranty,12
WC000726,CUST033107,P0309,ST0022,2024-09-12,2024-11-16,Physical damage - screen crack,Pending Pickup,12
WC000955,CUST007905,P0488,ST0002,2024-05-27,2024-11-16,Screen flickering,Resolved,12
WC003182,CUST014465,P0312,ST0042,2024-11-01,2024-11-16,Network/SIM issue,Resolved,12
WC004039,CUST003663,P0504,ST0018,2024-10-04,2024-11-16,Water damage,Resolved,12
WC004067,CUST014928,P0198,ST0056,2023-12-21,2024-11-16,Battery draining fast,In Progress,12
WC005149,CUST028729,P0543,ST0016,2023-01-20,2024-11-16,Overheating during use,In Progress,24
WC005711,CUST006747,P0291,ST0057,2024-03-14,2024-11-16,Overheating during use,Resolved,12
WC001112,CUST014061,P0167,ST0008,2023-11-02,2024-11-17,Network/SIM issue,Resolved,24
WC001409,CUST030783,P0584,ST0034,2024-07-17,2024-11-17,Water damage,Resolved,12
WC001701,CUST023508,P0104,ST0010,2024-02-18,2024-11-17,Software update issue,Replaced,12
WC002219,CUST016771,P0227,ST0036,2024-04-19,2024-11-17,Water damage,Resolved,24
WC002295,CUST041852,P0421,ST0001,2024-06-18,2024-11-17,Network/SIM issue,Replaced,12
WC002343,CUST048507,P0256,ST0007,2024-09-17,2024-11-17,Water damage,Rejected - Out of Warranty,12
WC003425,CUST038715,P0248,ST0053,2024-03-25,2024-11-17,Physical damage - screen crack,Rejected - Out of Warranty,12
WC003711,CUST046826,P0334,ST0002,2024-03-05,2024-11-17,Camera not focusing,Pending Pickup,12
WC004971,CUST027553,P0315,ST0008,2024-03-17,2024-11-17,Screen flickering,Resolved,12
WC005293,CUST032627,P0103,ST0029,2024-01-14,2024-11-17,Camera not focusing,Resolved,12
WC005631,CUST011004,P0022,ST0045,2024-08-29,2024-11-17,Battery draining fast,Pending Pickup,12
WC002336,CUST006755,P0421,ST0005,2024-04-26,2024-11-18,Network/SIM issue,Resolved,12
WC002598,CUST018310,P0290,ST0010,2023-05-25,2024-11-18,Network/SIM issue,In Progress,24
WC005770,CUST023340,P0433,ST0016,2024-08-25,2024-11-18,Physical damage - screen crack,Rejected - Out of Warranty,12
WC000292,CUST005418,P0584,ST0026,2024-01-04,2024-11-19,Battery draining fast,Pending Pickup,12
WC002027,CUST034788,P0274,ST0017,2024-07-13,2024-11-19,Water damage,Pending Pickup,12
WC002349,CUST021676,P0096,ST0021,2024-06-14,2024-11-19,Network/SIM issue,Resolved,12
WC003524,CUST006399,P0594,ST0006,2024-05-18,2024-11-19,Camera not focusing,In Progress,12
WC004287,CUST047719,P0195,ST0028,2024-05-14,2024-11-19,Network/SIM issue,Resolved,12
WC000176,CUST030535,P0502,ST0010,2024-04-06,2024-11-20,Network/SIM issue,Resolved,12
WC001639,CUST027070,P0600,ST0029,2024-11-13,2024-11-20,Software update issue,Resolved,12
WC004144,CUST049548,P0039,ST0045,2024-08-24,2024-11-20,Network/SIM issue,Resolved,12
WC004829,CUST036095,P0239,ST0045,2024-01-27,2024-11-20,Screen flickering,Resolved,12
WC005696,CUST005997,P0315,ST0037,2024-09-11,2024-11-20,Water damage,In Progress,12
WC005947,CUST001920,P0083,ST0035,2023-05-27,2024-11-20,Software update issue,Resolved,24
WC002850,CUST001635,P0533,ST0056,2024-02-15,2024-11-21,Speaker/mic not working,Resolved,12
WC004842,CUST004946,P0508,ST0002,2024-07-04,2024-11-21,Battery draining fast,Replaced,12
WC005012,CUST038269,P0205,ST0060,2024-08-02,2024-11-21,Charging port not working,Replaced,12
WC000079,CUST025927,P0599,ST0038,2024-03-16,2024-11-22,Screen flickering,Resolved,12
WC001569,CUST031753,P0196,ST0011,2024-09-09,2024-11-22,Overheating during use,Pending Pickup,12
WC003660,CUST034629,P0100,ST0005,2024-02-21,2024-11-22,Network/SIM issue,Resolved,12
WC004322,CUST038145,P0100,ST0026,2024-10-31,2024-11-22,Charging port not working,Replaced,12
WC000337,CUST001201,P0238,ST0021,2024-05-01,2024-11-23,Screen flickering,In Progress,12
WC002026,CUST049986,P0459,ST0010,2024-07-18,2024-11-23,Network/SIM issue,Replaced,12
WC002156,CUST022297,P0513,ST0006,2024-03-08,2024-11-23,Speaker/mic not working,Replaced,12
WC002601,CUST034575,P0450,ST0048,2024-10-22,2024-11-23,Charging port not working,Resolved,12
WC003175,CUST041944,P0031,ST0031,2024-05-23,2024-11-23,Charging port not working,Replaced,12
WC003461,CUST027255,P0366,ST0003,2024-03-15,2024-11-23,Camera not focusing,Resolved,12
WC004867,CUST022271,P0574,ST0050,2023-12-18,2024-11-23,Water damage,Resolved,12
WC000024,CUST034555,P0297,ST0040,2024-11-17,2024-11-24,Speaker/mic not working,Resolved,24
WC000401,CUST023896,P0113,ST0013,2024-07-25,2024-11-24,Camera not focusing,Pending Pickup,12
WC001355,CUST034695,P0404,ST0046,2023-12-13,2024-11-24,Camera not focusing,Pending Pickup,12
WC001767,CUST039210,P0406,ST0058,2024-11-21,2024-11-24,Charging port not working,Rejected - Out of Warranty,12
WC002503,CUST049852,P0147,ST0052,2024-11-14,2024-11-24,Physical damage - screen crack,Replaced,12
WC003442,CUST011336,P0376,ST0020,2024-05-31,2024-11-24,Screen flickering,Pending Pickup,12
WC003800,CUST031646,P0575,ST0042,2023-10-27,2024-11-24,Charging port not working,Replaced,24
WC004366,CUST016891,P0584,ST0014,2024-05-07,2024-11-24,Screen flickering,In Progress,12
WC000147,CUST030646,P0437,ST0023,2024-06-26,2024-11-25,Network/SIM issue,Resolved,12
WC002096,CUST049970,P0503,ST0006,2024-08-09,2024-11-25,Network/SIM issue,Pending Pickup,12
WC003875,CUST030237,P0383,ST0004,2024-07-19,2024-11-25,Overheating during use,Replaced,24
WC005026,CUST031188,P0541,ST0058,2024-07-23,2024-11-25,Battery draining fast,Pending Pickup,12
WC000473,CUST016541,P0369,ST0003,2023-12-22,2024-11-26,Physical damage - screen crack,Resolved,12
WC002794,CUST032164,P0205,ST0021,2024-11-06,2024-11-26,Screen flickering,Resolved,12
WC002914,CUST015876,P0036,ST0047,2024-02-15,2024-11-26,Battery draining fast,In Progress,12
WC003776,CUST013739,P0453,ST0007,2024-06-23,2024-11-26,Camera not focusing,Resolved,12
WC004499,CUST047782,P0525,ST0019,2023-09-05,2024-11-26,Network/SIM issue,Replaced,24
WC005312,CUST041842,P0223,ST0041,2024-01-10,2024-11-26,Water damage,Replaced,12
WC005559,CUST009652,P0016,ST0008,2024-03-25,2024-11-26,Overheating during use,Resolved,12
WC000900,CUST031124,P0514,ST0039,2024-11-08,2024-11-27,Battery draining fast,Resolved,12
WC001570,CUST001410,P0091,ST0033,2024-07-26,2024-11-27,Battery draining fast,In Progress,12
WC002530,CUST030492,P0538,ST0012,2024-02-10,2024-11-27,Physical damage - screen crack,Resolved,12
WC002771,CUST037636,P0169,ST0010,2024-11-05,2024-11-27,Overheating during use,In Progress,12
WC005516,CUST026214,P0064,ST0006,2024-11-13,2024-11-27,Water damage,Rejected - Out of Warranty,12
WC001031,CUST000572,P0017,ST0038,2024-05-11,2024-11-28,Network/SIM issue,Resolved,12
WC001783,CUST044047,P0016,ST0039,2024-11-24,2024-11-28,Network/SIM issue,Pending Pickup,12
WC003180,CUST030497,P0359,ST0017,2024-11-15,2024-11-28,Screen flickering,Resolved,12
WC003814,CUST031307,P0449,ST0038,2024-08-21,2024-11-28,Network/SIM issue,Rejected - Out of Warranty,12
WC004125,CUST042427,P0286,ST0030,2024-02-03,2024-11-28,Battery draining fast,In Progress,12
WC004219,CUST040363,P0453,ST0059,2024-06-23,2024-11-28,Battery draining fast,Replaced,12
WC004897,CUST024095,P0517,ST0030,2024-04-29,2024-11-28,Overheating during use,Rejected - Out of Warranty,12
WC000872,CUST041952,P0514,ST0047,2024-10-09,2024-11-29,Screen flickering,In Progress,12
WC002131,CUST008921,P0408,ST0017,2024-02-22,2024-11-29,Charging port not working,In Progress,12
WC004380,CUST006106,P0281,ST0025,2024-01-11,2024-11-29,Water damage,Resolved,12
WC004880,CUST047829,P0101,ST0018,2024-01-21,2024-11-29,Software update issue,Resolved,12
WC005962,CUST003025,P0085,ST0024,2024-01-18,2024-11-29,Screen flickering,Rejected - Out of Warranty,12
WC001381,CUST016893,P0161,ST0059,2024-06-03,2024-11-30,Water damage,Resolved,12
WC001755,CUST036150,P0197,ST0042,2023-12-25,2024-11-30,Charging port not working,In Progress,12
WC002677,CUST048981,P0210,ST0046,2024-02-04,2024-11-30,Camera not focusing,Resolved,12
WC003045,CUST015657,P0430,ST0011,2024-11-26,2024-11-30,Physical damage - screen crack,Pending Pickup,12
WC003233,CUST007541,P0363,ST0032,2024-04-05,2024-11-30,Network/SIM issue,In Progress,12
WC004003,CUST035408,P0503,ST0042,2024-05-01,2024-11-30,Screen flickering,Resolved,12
WC004040,CUST034837,P0314,ST0001,2024-08-12,2024-11-30,Battery draining fast,Rejected - Out of Warranty,12
WC004056,CUST045473,P0370,ST0003,2024-05-06,2024-11-30,Charging port not working,Resolved,12
WC004305,CUST033356,P0528,ST0008,2023-03-19,2024-11-30,Overheating during use,Replaced,24
WC005779,CUST042348,P0330,ST0033,2024-06-02,2024-11-30,Screen flickering,In Progress,12
WC000478,CUST035182,P0321,ST0027,2024-06-20,2024-12-01,Battery draining fast,Resolved,12
WC003672,CUST018814,P0562,ST0022,2024-03-13,2024-12-01,Charging port not working,Rejected - Out of Warranty,12
WC004283,CUST002494,P0459,ST0048,2024-02-04,2024-12-02,Network/SIM issue,Rejected - Out of Warranty,12
WC005447,CUST025026,P0086,ST0049,2024-07-18,2024-12-02,Battery draining fast,Replaced,12
WC000194,CUST028486,P0286,ST0036,2023-12-28,2024-12-03,Overheating during use,Resolved,12
WC001084,CUST016740,P0523,ST0015,2024-05-25,2024-12-03,Charging port not working,Resolved,12
WC002224,CUST010631,P0432,ST0060,2024-09-28,2024-12-03,Screen flickering,Replaced,12
WC002717,CUST038998,P0240,ST0013,2024-11-15,2024-12-03,Water damage,Rejected - Out of Warranty,12
WC003183,CUST000730,P0185,ST0048,2024-05-10,2024-12-03,Screen flickering,In Progress,12
WC003862,CUST031908,P0012,ST0018,2024-05-22,2024-12-03,Speaker/mic not working,Resolved,12
WC005377,CUST015351,P0099,ST0042,2023-11-14,2024-12-03,Network/SIM issue,Resolved,24
WC000207,CUST049276,P0119,ST0005,2024-11-28,2024-12-04,Camera not focusing,In Progress,12
WC000585,CUST033441,P0373,ST0049,2024-05-19,2024-12-04,Software update issue,Resolved,12
WC000593,CUST010038,P0066,ST0042,2024-03-27,2024-12-04,Charging port not working,Rejected - Out of Warranty,12
WC001133,CUST036302,P0494,ST0003,2024-04-20,2024-12-04,Water damage,Resolved,12
WC004737,CUST009855,P0307,ST0058,2024-02-06,2024-12-04,Overheating during use,Replaced,12
WC000278,CUST033331,P0488,ST0011,2024-09-24,2024-12-05,Network/SIM issue,Resolved,12
WC000655,CUST020385,P0442,ST0048,2024-08-10,2024-12-05,Screen flickering,Resolved,12
WC002647,CUST027981,P0188,ST0046,2024-04-30,2024-12-05,Charging port not working,Replaced,24
WC003830,CUST025920,P0320,ST0013,2023-12-12,2024-12-05,Physical damage - screen crack,Rejected - Out of Warranty,12
WC004487,CUST031850,P0198,ST0046,2024-08-08,2024-12-06,Speaker/mic not working,Resolved,12
WC004597,CUST016101,P0598,ST0045,2024-10-09,2024-12-06,Charging port not working,Rejected - Out of Warranty,12
WC005332,CUST040384,P0129,ST0003,2024-05-04,2024-12-06,Battery draining fast,Resolved,12
WC001439,CUST044246,P0519,ST0034,2024-11-15,2024-12-07,Speaker/mic not working,Resolved,12
WC003308,CUST030512,P0456,ST0025,2024-04-13,2024-12-07,Software update issue,Resolved,12
WC004544,CUST043026,P0081,ST0058,2024-03-30,2024-12-07,Software update issue,In Progress,24
WC005075,CUST011040,P0397,ST0047,2024-04-10,2024-12-07,Physical damage - screen crack,Resolved,12
WC002857,CUST008098,P0063,ST0007,2024-09-17,2024-12-08,Camera not focusing,Pending Pickup,12
WC003756,CUST024437,P0205,ST0009,2024-07-01,2024-12-08,Software update issue,Resolved,12
WC004791,CUST020328,P0521,ST0024,2024-06-29,2024-12-08,Physical damage - screen crack,Rejected - Out of Warranty,12
WC005297,CUST019558,P0353,ST0010,2024-07-11,2024-12-08,Software update issue,Rejected - Out of Warranty,12
WC005612,CUST011713,P0239,ST0017,2024-02-19,2024-12-08,Physical damage - screen crack,Replaced,12
WC000596,CUST005374,P0117,ST0039,2024-09-22,2024-12-09,Overheating during use,Resolved,12
WC000689,CUST022243,P0496,ST0010,2024-06-21,2024-12-09,Camera not focusing,Replaced,12
WC001798,CUST016886,P0532,ST0018,2024-05-03,2024-12-09,Screen flickering,Resolved,12
WC002013,CUST037073,P0127,ST0029,2024-01-05,2024-12-09,Network/SIM issue,Rejected - Out of Warranty,12
WC002274,CUST006429,P0513,ST0008,2024-08-08,2024-12-09,Water damage,Resolved,12
WC002702,CUST003256,P0045,ST0027,2024-04-24,2024-12-09,Network/SIM issue,In Progress,12
WC003598,CUST022698,P0133,ST0025,2024-04-01,2024-12-09,Charging port not working,Resolved,12
WC003715,CUST021976,P0140,ST0028,2024-05-16,2024-12-09,Physical damage - screen crack,Resolved,12
WC004728,CUST029516,P0359,ST0023,2024-09-29,2024-12-09,Water damage,Pending Pickup,12
WC004818,CUST007513,P0361,ST0028,2024-03-30,2024-12-09,Software update issue,Resolved,12
WC005781,CUST034117,P0520,ST0046,2024-07-31,2024-12-09,Physical damage - screen crack,In Progress,12
WC000823,CUST015423,P0584,ST0052,2024-04-20,2024-12-10,Network/SIM issue,Pending Pickup,12
WC000928,CUST048241,P0104,ST0039,2024-07-03,2024-12-10,Camera not focusing,In Progress,12
WC001979,CUST048565,P0258,ST0028,2024-10-06,2024-12-10,Charging port not working,Resolved,12
WC002265,CUST032173,P0375,ST0058,2024-05-27,2024-12-10,Overheating during use,Resolved,24
WC002456,CUST046283,P0283,ST0052,2024-01-22,2024-12-10,Speaker/mic not working,Replaced,12
WC002799,CUST042922,P0485,ST0008,2024-05-06,2024-12-10,Water damage,Pending Pickup,12
WC002879,CUST030298,P0058,ST0012,2024-12-07,2024-12-10,Battery draining fast,Replaced,12
WC003888,CUST046912,P0259,ST0035,2024-09-15,2024-12-10,Camera not focusing,Resolved,24
WC005445,CUST007545,P0430,ST0005,2024-04-27,2024-12-10,Screen flickering,Resolved,12
WC002085,CUST040233,P0304,ST0027,2023-12-19,2024-12-11,Water damage,Pending Pickup,12
WC002564,CUST043707,P0155,ST0039,2024-01-04,2024-12-11,Network/SIM issue,Resolved,12
WC002752,CUST036245,P0070,ST0051,2024-08-28,2024-12-11,Charging port not working,In Progress,12
WC004050,CUST028263,P0106,ST0044,2024-10-12,2024-12-11,Water damage,Replaced,12
WC005842,CUST011365,P0043,ST0045,2024-08-29,2024-12-11,Overheating during use,Replaced,12
WC001402,CUST026687,P0014,ST0040,2024-09-27,2024-12-12,Overheating during use,Rejected - Out of Warranty,12
WC005929,CUST041130,P0264,ST0015,2024-03-26,2024-12-12,Software update issue,Replaced,12
WC000311,CUST011784,P0292,ST0013,2024-11-30,2024-12-13,Software update issue,Resolved,12
WC000883,CUST015898,P0400,ST0014,2024-07-23,2024-12-13,Network/SIM issue,Resolved,12
WC001681,CUST026077,P0550,ST0039,2024-04-20,2024-12-13,Physical damage - screen crack,Replaced,12
WC002502,CUST019407,P0510,ST0030,2024-08-08,2024-12-13,Speaker/mic not working,Resolved,12
WC002815,CUST043455,P0127,ST0022,2024-01-14,2024-12-13,Software update issue,Resolved,12
WC004291,CUST036085,P0469,ST0027,2024-10-17,2024-12-13,Overheating during use,Resolved,12
WC005399,CUST039049,P0549,ST0004,2024-11-26,2024-12-13,Screen flickering,Resolved,12
WC000234,CUST027933,P0253,ST0046,2024-01-01,2024-12-14,Overheating during use,Resolved,12
WC000730,CUST047734,P0446,ST0015,2024-11-13,2024-12-14,Overheating during use,Resolved,12
WC000764,CUST006143,P0414,ST0047,2024-08-09,2024-12-14,Water damage,Resolved,12
WC001823,CUST000819,P0472,ST0023,2023-08-30,2024-12-14,Screen flickering,In Progress,24
WC002114,CUST022035,P0061,ST0034,2024-06-27,2024-12-14,Network/SIM issue,In Progress,12
WC003192,CUST044784,P0095,ST0044,2024-06-05,2024-12-14,Software update issue,Pending Pickup,12
WC003587,CUST022139,P0496,ST0018,2024-06-28,2024-12-14,Speaker/mic not working,Resolved,12
WC003899,CUST001166,P0112,ST0043,2024-09-25,2024-12-14,Battery draining fast,Replaced,12
WC004116,CUST048786,P0230,ST0041,2024-11-10,2024-12-14,Software update issue,In Progress,12
WC004936,CUST015117,P0402,ST0003,2024-05-11,2024-12-14,Speaker/mic not working,Resolved,12
WC005081,CUST014547,P0280,ST0006,2023-02-17,2024-12-14,Physical damage - screen crack,Resolved,24
WC000677,CUST025009,P0474,ST0012,2024-03-13,2024-12-15,Overheating during use,Pending Pickup,12
WC000809,CUST002433,P0483,ST0040,2023-10-01,2024-12-15,Software update issue,Resolved,24
WC002140,CUST005537,P0530,ST0045,2024-10-21,2024-12-15,Physical damage - screen crack,Replaced,12
WC002816,CUST047295,P0308,ST0026,2024-12-02,2024-12-15,Battery draining fast,Resolved,12
WC003368,CUST004004,P0424,ST0018,2024-08-15,2024-12-15,Speaker/mic not working,In Progress,12
WC004182,CUST016568,P0113,ST0041,2024-01-03,2024-12-15,Physical damage - screen crack,Pending Pickup,12
WC004789,CUST008823,P0024,ST0034,2024-07-28,2024-12-15,Camera not focusing,Replaced,12
WC005624,CUST047251,P0407,ST0021,2024-12-13,2024-12-15,Screen flickering,Resolved,12
WC000411,CUST049410,P0393,ST0003,2024-11-15,2024-12-16,Software update issue,Pending Pickup,12
WC000698,CUST045833,P0176,ST0037,2024-01-30,2024-12-16,Network/SIM issue,In Progress,12
WC000877,CUST044954,P0224,ST0042,2024-10-09,2024-12-16,Camera not focusing,In Progress,12
WC001562,CUST012864,P0510,ST0047,2024-01-12,2024-12-16,Water damage,Pending Pickup,12
WC004617,CUST014344,P0254,ST0037,2024-02-28,2024-12-16,Network/SIM issue,Rejected - Out of Warranty,12
WC004969,CUST004624,P0226,ST0053,2024-01-01,2024-12-16,Physical damage - screen crack,Resolved,12
WC004983,CUST014809,P0290,ST0022,2024-12-04,2024-12-16,Water damage,Resolved,24
WC005401,CUST032987,P0482,ST0029,2024-04-10,2024-12-16,Network/SIM issue,Resolved,24
WC005550,CUST047961,P0332,ST0060,2024-01-18,2024-12-16,Camera not focusing,In Progress,12
WC001930,CUST031027,P0220,ST0016,2024-05-13,2024-12-17,Physical damage - screen crack,Resolved,12
WC002311,CUST044682,P0524,ST0037,2023-12-24,2024-12-17,Overheating during use,Resolved,12
WC002339,CUST025377,P0389,ST0053,2024-11-28,2024-12-17,Speaker/mic not working,Replaced,24
WC005716,CUST029788,P0373,ST0007,2024-01-03,2024-12-17,Software update issue,In Progress,12
WC001706,CUST027190,P0493,ST0058,2024-04-17,2024-12-18,Screen flickering,Pending Pickup,12
WC004112,CUST013454,P0174,ST0012,2024-06-16,2024-12-18,Physical damage - screen crack,Resolved,12
WC004871,CUST031041,P0185,ST0056,2023-12-31,2024-12-18,Water damage,In Progress,12
WC005184,CUST017091,P0145,ST0007,2024-03-02,2024-12-18,Software update issue,In Progress,12
WC000631,CUST010104,P0230,ST0019,2024-08-16,2024-12-19,Network/SIM issue,Pending Pickup,12
WC001124,CUST016536,P0290,ST0024,2023-01-02,2024-12-19,Network/SIM issue,Resolved,24
WC003793,CUST012163,P0582,ST0027,2023-03-11,2024-12-19,Charging port not working,Resolved,24
WC004603,CUST015954,P0558,ST0058,2024-03-30,2024-12-19,Camera not focusing,In Progress,12
WC005143,CUST004561,P0500,ST0051,2024-07-20,2024-12-19,Network/SIM issue,Resolved,12
WC005234,CUST045386,P0078,ST0050,2024-09-10,2024-12-19,Speaker/mic not working,Replaced,12
WC001288,CUST042034,P0239,ST0013,2024-06-03,2024-12-20,Physical damage - screen crack,Resolved,12
WC001333,CUST037907,P0452,ST0010,2024-06-26,2024-12-20,Water damage,In Progress,24
WC001799,CUST010341,P0468,ST0008,2024-11-11,2024-12-20,Speaker/mic not working,Resolved,12
WC002332,CUST023034,P0077,ST0047,2024-03-31,2024-12-20,Water damage,Replaced,12
WC001975,CUST047097,P0280,ST0014,2023-02-08,2024-12-21,Speaker/mic not working,Replaced,24
WC002092,CUST012497,P0336,ST0050,2024-10-19,2024-12-21,Software update issue,Replaced,12
WC003355,CUST047062,P0011,ST0035,2024-05-18,2024-12-21,Water damage,Pending Pickup,12
WC003994,CUST021607,P0232,ST0026,2024-10-06,2024-12-21,Water damage,Resolved,12
WC005415,CUST042885,P0546,ST0056,2024-11-14,2024-12-21,Network/SIM issue,Resolved,12
WC005599,CUST037574,P0519,ST0016,2024-06-12,2024-12-21,Screen flickering,Resolved,12
WC000455,CUST001554,P0491,ST0025,2024-05-07,2024-12-22,Network/SIM issue,Resolved,12
WC000777,CUST001460,P0039,ST0048,2024-10-27,2024-12-22,Software update issue,In Progress,12
WC000912,CUST016486,P0315,ST0034,2024-01-12,2024-12-22,Software update issue,Resolved,12
WC000939,CUST018312,P0449,ST0060,2024-03-13,2024-12-22,Battery draining fast,Resolved,12
WC002376,CUST008193,P0070,ST0032,2024-07-18,2024-12-22,Screen flickering,Resolved,12
WC002692,CUST012064,P0386,ST0018,2024-06-17,2024-12-22,Water damage,Rejected - Out of Warranty,12
WC003366,CUST040655,P0211,ST0016,2024-02-27,2024-12-22,Charging port not working,Rejected - Out of Warranty,12
WC003465,CUST027284,P0109,ST0022,2024-02-23,2024-12-22,Overheating during use,In Progress,12
WC004025,CUST049739,P0537,ST0027,2024-05-06,2024-12-22,Camera not focusing,Resolved,12
WC000298,CUST041158,P0450,ST0010,2024-07-14,2024-12-23,Screen flickering,Rejected - Out of Warranty,12
WC002514,CUST041181,P0356,ST0052,2024-04-28,2024-12-23,Camera not focusing,Replaced,12
WC002701,CUST036284,P0219,ST0060,2024-06-11,2024-12-23,Charging port not working,Rejected - Out of Warranty,12
WC002928,CUST030254,P0180,ST0042,2024-11-12,2024-12-23,Battery draining fast,Resolved,12
WC003049,CUST025176,P0500,ST0028,2024-08-22,2024-12-23,Charging port not working,Rejected - Out of Warranty,12
WC003657,CUST008228,P0387,ST0048,2024-06-09,2024-12-23,Water damage,Replaced,12
WC004957,CUST030132,P0208,ST0030,2024-11-05,2024-12-23,Speaker/mic not working,Pending Pickup,12
WC003237,CUST005566,P0291,ST0018,2024-11-28,2024-12-24,Software update issue,In Progress,12
WC003638,CUST028154,P0573,ST0032,2024-08-25,2024-12-24,Overheating during use,Rejected - Out of Warranty,12
WC005145,CUST029718,P0372,ST0006,2024-08-24,2024-12-24,Water damage,Replaced,12
WC005153,CUST004748,P0552,ST0020,2024-03-08,2024-12-24,Battery draining fast,Pending Pickup,12
WC002960,CUST037869,P0331,ST0029,2024-10-30,2024-12-25,Speaker/mic not working,Resolved,12
WC003124,CUST014053,P0101,ST0023,2024-12-04,2024-12-25,Software update issue,Rejected - Out of Warranty,12
WC004152,CUST037369,P0491,ST0029,2024-08-19,2024-12-25,Charging port not working,Resolved,12
WC004954,CUST048337,P0475,ST0058,2023-03-01,2024-12-25,Software update issue,Pending Pickup,24
WC005573,CUST008918,P0305,ST0049,2024-02-09,2024-12-25,Software update issue,Resolved,12
WC001511,CUST037518,P0186,ST0030,2024-01-02,2024-12-26,Charging port not working,Resolved,12
WC002082,CUST046223,P0173,ST0016,2024-07-09,2024-12-26,Overheating during use,Resolved,12
WC003263,CUST017138,P0366,ST0059,2024-03-29,2024-12-26,Screen flickering,Rejected - Out of Warranty,12
WC003378,CUST011798,P0013,ST0032,2024-02-15,2024-12-26,Camera not focusing,Resolved,12
WC003736,CUST045611,P0325,ST0046,2024-07-03,2024-12-26,Water damage,Rejected - Out of Warranty,24
WC004210,CUST047936,P0597,ST0045,2024-11-04,2024-12-26,Camera not focusing,Resolved,12
WC004554,CUST046186,P0480,ST0017,2024-03-22,2024-12-26,Software update issue,Resolved,12
WC001375,CUST036007,P0224,ST0024,2024-01-31,2024-12-27,Speaker/mic not working,Resolved,12
WC003470,CUST006656,P0274,ST0043,2024-01-28,2024-12-27,Camera not focusing,Pending Pickup,12
WC004124,CUST042613,P0029,ST0001,2024-10-30,2024-12-27,Overheating during use,Replaced,24
WC004189,CUST003879,P0128,ST0009,2024-10-26,2024-12-27,Overheating during use,Resolved,12
WC004736,CUST016893,P0347,ST0046,2024-02-06,2024-12-27,Charging port not working,In Progress,12
WC005857,CUST021167,P0522,ST0043,2024-02-07,2024-12-27,Camera not focusing,In Progress,12
WC005634,CUST011731,P0582,ST0049,2023-10-17,2024-12-28,Network/SIM issue,Replaced,24
WC005901,CUST023651,P0139,ST0039,2024-05-07,2024-12-28,Speaker/mic not working,Pending Pickup,24
WC000052,CUST048160,P0174,ST0029,2024-11-17,2024-12-29,Camera not focusing,Pending Pickup,12
WC000709,CUST019649,P0140,ST0031,2024-03-22,2024-12-29,Speaker/mic not working,Replaced,12
WC001095,CUST016459,P0537,ST0023,2024-11-21,2024-12-29,Physical damage - screen crack,Resolved,12
WC001516,CUST030940,P0360,ST0038,2024-02-24,2024-12-29,Screen flickering,Resolved,12
WC001962,CUST020512,P0493,ST0045,2024-02-23,2024-12-29,Battery draining fast,Replaced,12
WC002558,CUST042172,P0020,ST0010,2024-02-20,2024-12-29,Overheating during use,Pending Pickup,12
WC003236,CUST038509,P0339,ST0034,2024-06-05,2024-12-29,Speaker/mic not working,Pending Pickup,12
WC003624,CUST047558,P0474,ST0026,2024-02-03,2024-12-29,Camera not focusing,In Progress,12
WC004216,CUST012681,P0562,ST0013,2024-03-31,2024-12-29,Camera not focusing,Resolved,12
WC004630,CUST022789,P0259,ST0051,2024-02-25,2024-12-29,Overheating during use,Resolved,24
WC005675,CUST044452,P0314,ST0028,2024-07-16,2024-12-29,Speaker/mic not working,Replaced,12
WC000064,CUST006386,P0339,ST0024,2024-06-08,2024-12-30,Water damage,Resolved,12
WC001858,CUST032244,P0176,ST0011,2024-05-01,2024-12-30,Software update issue,Resolved,12
WC002597,CUST001169,P0027,ST0002,2024-03-28,2024-12-30,Screen flickering,Resolved,12
WC005069,CUST035695,P0356,ST0008,2024-10-24,2024-12-30,Screen flickering,Pending Pickup,12
WC005841,CUST019815,P0022,ST0044,2024-08-02,2024-12-30,Software update issue,Resolved,12
WC001172,CUST030702,P0593,ST0025,2024-04-23,2024-12-31,Software update issue,Resolved,12
WC002142,CUST020565,P0014,ST0004,2024-03-25,2024-12-31,Overheating during use,In Progress,12
WC002751,CUST006606,P0301,ST0055,2024-07-16,2024-12-31,Speaker/mic not working,Replaced,12
WC004549,CUST037644,P0378,ST0036,2024-05-17,2024-12-31,Screen flickering,Resolved,12
WC005349,CUST037366,P0193,ST0014,2024-09-30,2024-12-31,Speaker/mic not working,Resolved,12
WC000450,CUST041624,P0509,ST0057,2024-08-30,2025-01-01,Overheating during use,Replaced,24
WC000537,CUST014819,P0043,ST0027,2024-03-01,2025-01-01,Screen flickering,In Progress,12
WC001545,CUST019191,P0223,ST0015,2024-06-12,2025-01-01,Water damage,Rejected - Out of Warranty,12
WC001766,CUST023621,P0289,ST0038,2023-04-05,2025-01-01,Screen flickering,Resolved,24
WC003723,CUST027167,P0423,ST0016,2024-06-24,2025-01-01,Physical damage - screen crack,Resolved,12
WC004682,CUST004756,P0280,ST0049,2024-02-20,2025-01-01,Overheating during use,Resolved,24
WC004999,CUST021307,P0505,ST0048,2024-02-23,2025-01-01,Screen flickering,Rejected - Out of Warranty,12
WC005446,CUST025723,P0439,ST0024,2024-04-10,2025-01-01,Software update issue,Resolved,12
WC000220,CUST038056,P0306,ST0016,2024-10-10,2025-01-02,Battery draining fast,In Progress,12
WC000261,CUST041466,P0331,ST0019,2024-02-01,2025-01-02,Overheating during use,Resolved,12
WC003913,CUST000938,P0562,ST0013,2024-05-19,2025-01-02,Overheating during use,Resolved,12
WC005071,CUST038013,P0166,ST0036,2024-11-23,2025-01-02,Charging port not working,Pending Pickup,12
WC000117,CUST001855,P0559,ST0025,2024-08-20,2025-01-03,Software update issue,Resolved,24
WC002233,CUST044034,P0012,ST0010,2024-01-21,2025-01-03,Screen flickering,Resolved,12
WC002639,CUST001267,P0543,ST0012,2024-04-30,2025-01-03,Software update issue,Pending Pickup,24
WC003850,CUST011662,P0349,ST0025,2024-08-18,2025-01-03,Charging port not working,Resolved,24
WC004593,CUST004313,P0212,ST0029,2024-06-15,2025-01-03,Speaker/mic not working,Resolved,12
WC005414,CUST012829,P0429,ST0006,2024-07-23,2025-01-03,Overheating during use,Pending Pickup,12
WC000958,CUST033488,P0192,ST0021,2024-10-26,2025-01-04,Physical damage - screen crack,Resolved,12
WC002748,CUST048518,P0549,ST0049,2024-03-16,2025-01-04,Charging port not working,In Progress,12
WC003748,CUST010102,P0069,ST0058,2024-05-23,2025-01-04,Speaker/mic not working,In Progress,12
WC001576,CUST008252,P0444,ST0003,2024-10-30,2025-01-05,Network/SIM issue,Pending Pickup,12
WC002637,CUST005673,P0484,ST0051,2024-03-07,2025-01-05,Network/SIM issue,Replaced,12
WC003780,CUST031971,P0510,ST0023,2024-05-31,2025-01-05,Charging port not working,Resolved,12
WC003958,CUST019275,P0514,ST0051,2024-07-03,2025-01-05,Physical damage - screen crack,In Progress,12
WC004368,CUST049963,P0103,ST0034,2024-10-15,2025-01-05,Network/SIM issue,Rejected - Out of Warranty,12
WC005917,CUST000775,P0310,ST0049,2024-06-13,2025-01-05,Overheating during use,Resolved,12
WC000189,CUST029701,P0567,ST0035,2024-12-21,2025-01-06,Charging port not working,Replaced,12
WC000858,CUST044580,P0426,ST0027,2024-09-29,2025-01-06,Software update issue,Rejected - Out of Warranty,12
WC002345,CUST043786,P0079,ST0046,2024-09-30,2025-01-06,Physical damage - screen crack,Replaced,24
WC002714,CUST044664,P0045,ST0018,2024-05-06,2025-01-06,Speaker/mic not working,Resolved,12
WC004181,CUST046337,P0431,ST0044,2024-06-02,2025-01-07,Camera not focusing,In Progress,12
WC004486,CUST020014,P0292,ST0041,2025-01-03,2025-01-07,Water damage,Resolved,12
WC004543,CUST007864,P0371,ST0003,2024-06-18,2025-01-07,Speaker/mic not working,Resolved,12
WC004879,CUST025682,P0439,ST0058,2025-01-01,2025-01-07,Speaker/mic not working,In Progress,12
WC005147,CUST021209,P0089,ST0050,2024-04-20,2025-01-07,Overheating during use,Resolved,12
WC005713,CUST011861,P0416,ST0019,2024-07-30,2025-01-07,Screen flickering,Resolved,12
WC000196,CUST040526,P0544,ST0011,2024-06-15,2025-01-08,Charging port not working,Rejected - Out of Warranty,12
WC002612,CUST036482,P0334,ST0044,2024-06-21,2025-01-08,Software update issue,Resolved,12
WC003615,CUST007852,P0462,ST0035,2024-02-16,2025-01-08,Charging port not working,Replaced,24
WC003761,CUST028882,P0401,ST0046,2024-05-31,2025-01-08,Software update issue,Replaced,12
WC003767,CUST008697,P0129,ST0034,2024-02-18,2025-01-08,Charging port not working,Resolved,12
WC001844,CUST002052,P0551,ST0028,2024-05-16,2025-01-09,Water damage,Resolved,12
WC002316,CUST009237,P0478,ST0013,2024-11-08,2025-01-09,Water damage,Resolved,12
WC002572,CUST007093,P0461,ST0034,2024-03-25,2025-01-09,Software update issue,Resolved,24
WC000396,CUST009651,P0282,ST0041,2024-07-26,2025-01-10,Screen flickering,Resolved,12
WC002337,CUST043141,P0505,ST0022,2024-05-10,2025-01-10,Speaker/mic not working,Resolved,12
WC003139,CUST010612,P0078,ST0057,2024-09-10,2025-01-10,Speaker/mic not working,In Progress,12
WC003478,CUST034462,P0261,ST0007,2024-05-15,2025-01-10,Speaker/mic not working,Resolved,12
WC003951,CUST006425,P0098,ST0046,2024-03-20,2025-01-10,Speaker/mic not working,Replaced,12
WC005052,CUST049409,P0022,ST0033,2024-02-07,2025-01-10,Water damage,In Progress,12
WC000917,CUST047616,P0238,ST0031,2024-09-01,2025-01-11,Charging port not working,Resolved,12
WC001702,CUST007316,P0307,ST0040,2024-01-19,2025-01-11,Speaker/mic not working,Replaced,12
WC002800,CUST049387,P0097,ST0010,2024-08-19,2025-01-11,Water damage,Replaced,12
WC003505,CUST013478,P0600,ST0053,2024-03-31,2025-01-11,Overheating during use,Replaced,12
WC000610,CUST038298,P0070,ST0048,2024-05-15,2025-01-12,Charging port not working,Pending Pickup,12
WC000795,CUST034065,P0371,ST0013,2024-06-29,2025-01-12,Screen flickering,Resolved,12
WC001338,CUST010975,P0291,ST0018,2024-06-15,2025-01-12,Overheating during use,In Progress,12
WC001491,CUST046016,P0577,ST0036,2024-10-09,2025-01-12,Water damage,Resolved,12
WC002654,CUST000642,P0131,ST0047,2024-08-02,2025-01-12,Software update issue,Rejected - Out of Warranty,12
WC003398,CUST033000,P0164,ST0009,2024-12-13,2025-01-12,Speaker/mic not working,Replaced,12
WC003854,CUST011012,P0377,ST0024,2025-01-09,2025-01-12,Overheating during use,Resolved,12
WC004427,CUST013894,P0525,ST0023,2024-03-13,2025-01-12,Charging port not working,In Progress,24
WC004459,CUST019743,P0052,ST0042,2024-05-17,2025-01-12,Charging port not working,Replaced,12
WC002459,CUST049414,P0552,ST0022,2024-08-18,2025-01-13,Battery draining fast,Rejected - Out of Warranty,12
WC004883,CUST015886,P0320,ST0033,2024-02-28,2025-01-13,Network/SIM issue,In Progress,12
WC000086,CUST020022,P0594,ST0050,2025-01-13,2025-01-14,Software update issue,Pending Pickup,12
WC003385,CUST040392,P0281,ST0035,2024-12-20,2025-01-14,Battery draining fast,Resolved,12
WC003933,CUST039625,P0225,ST0011,2024-07-08,2025-01-14,Battery draining fast,Pending Pickup,12
WC004665,CUST000769,P0076,ST0047,2024-08-23,2025-01-14,Charging port not working,Resolved,12
WC000479,CUST032051,P0222,ST0048,2024-10-24,2025-01-15,Software update issue,Replaced,12
WC000885,CUST043091,P0072,ST0011,2024-10-25,2025-01-15,Overheating during use,Resolved,12
WC002139,CUST012267,P0210,ST0042,2024-03-08,2025-01-15,Overheating during use,Rejected - Out of Warranty,12
WC000907,CUST025051,P0393,ST0030,2024-11-22,2025-01-16,Camera not focusing,Resolved,12
WC002464,CUST007091,P0171,ST0020,2025-01-05,2025-01-16,Speaker/mic not working,Pending Pickup,12
WC003381,CUST031705,P0079,ST0047,2023-02-13,2025-01-16,Camera not focusing,Replaced,24
WC005302,CUST013404,P0088,ST0001,2024-06-29,2025-01-16,Network/SIM issue,Resolved,12
WC002261,CUST004384,P0086,ST0019,2024-07-10,2025-01-17,Physical damage - screen crack,Resolved,12
WC002448,CUST019679,P0432,ST0051,2024-02-04,2025-01-17,Battery draining fast,Resolved,12
WC004724,CUST001056,P0591,ST0048,2024-10-31,2025-01-17,Camera not focusing,Resolved,12
WC000153,CUST028712,P0182,ST0052,2024-10-16,2025-01-18,Camera not focusing,Rejected - Out of Warranty,12
WC004153,CUST016975,P0338,ST0025,2024-08-11,2025-01-18,Screen flickering,Pending Pickup,12
WC004569,CUST030296,P0396,ST0018,2024-03-17,2025-01-18,Battery draining fast,Rejected - Out of Warranty,12
WC002725,CUST021593,P0302,ST0028,2024-06-05,2025-01-19,Battery draining fast,In Progress,12
WC005452,CUST042560,P0300,ST0011,2024-05-01,2025-01-19,Battery draining fast,Resolved,12
WC000908,CUST011975,P0037,ST0017,2024-10-21,2025-01-20,Speaker/mic not working,Pending Pickup,12
WC001358,CUST049850,P0489,ST0034,2023-09-05,2025-01-20,Speaker/mic not working,Replaced,24
WC001597,CUST045597,P0392,ST0045,2024-06-28,2025-01-20,Battery draining fast,Rejected - Out of Warranty,12
WC002472,CUST016491,P0497,ST0006,2024-03-05,2025-01-20,Screen flickering,Resolved,12
WC004002,CUST014243,P0131,ST0032,2024-04-24,2025-01-20,Network/SIM issue,Resolved,12
WC004924,CUST026712,P0067,ST0033,2024-07-09,2025-01-20,Water damage,Rejected - Out of Warranty,12
WC005388,CUST023527,P0023,ST0008,2024-02-05,2025-01-20,Battery draining fast,Pending Pickup,12
WC005423,CUST009520,P0507,ST0053,2024-12-23,2025-01-20,Battery draining fast,Resolved,12
WC005618,CUST022654,P0261,ST0039,2024-09-14,2025-01-20,Software update issue,Replaced,12
WC000264,CUST049405,P0444,ST0052,2024-03-06,2025-01-21,Screen flickering,In Progress,12
WC002803,CUST017818,P0048,ST0045,2024-06-25,2025-01-21,Software update issue,In Progress,12
WC000080,CUST003424,P0164,ST0052,2024-04-09,2025-01-22,Charging port not working,Rejected - Out of Warranty,12
WC000330,CUST007675,P0248,ST0029,2024-11-09,2025-01-22,Charging port not working,Pending Pickup,12
WC000996,CUST037027,P0294,ST0024,2024-06-30,2025-01-22,Charging port not working,Resolved,12
WC001135,CUST013286,P0487,ST0046,2024-11-04,2025-01-22,Screen flickering,Pending Pickup,12
WC001493,CUST049768,P0271,ST0054,2024-03-25,2025-01-22,Water damage,Resolved,12
WC001959,CUST032526,P0518,ST0024,2024-08-15,2025-01-22,Speaker/mic not working,In Progress,12
WC002934,CUST027298,P0520,ST0046,2024-05-25,2025-01-22,Charging port not working,Pending Pickup,12
WC002970,CUST023427,P0390,ST0020,2024-06-21,2025-01-22,Overheating during use,Pending Pickup,12
WC003287,CUST016421,P0139,ST0035,2023-09-17,2025-01-22,Speaker/mic not working,In Progress,24
WC003857,CUST046030,P0093,ST0027,2024-04-04,2025-01-22,Speaker/mic not working,Replaced,12
WC003942,CUST017524,P0329,ST0029,2024-07-18,2025-01-22,Water damage,Replaced,12
WC004344,CUST026972,P0455,ST0037,2024-10-02,2025-01-22,Speaker/mic not working,Resolved,12
WC004863,CUST015104,P0320,ST0028,2024-06-30,2025-01-22,Physical damage - screen crack,Rejected - Out of Warranty,12
WC005123,CUST010243,P0434,ST0052,2024-05-30,2025-01-22,Screen flickering,Replaced,12
WC000435,CUST007145,P0285,ST0004,2024-02-07,2025-01-23,Water damage,In Progress,12
WC004833,CUST041256,P0321,ST0038,2024-05-11,2025-01-23,Network/SIM issue,Resolved,12
WC000839,CUST023361,P0321,ST0042,2024-12-01,2025-01-24,Network/SIM issue,Resolved,12
WC004274,CUST036078,P0335,ST0002,2024-12-30,2025-01-24,Network/SIM issue,Replaced,12
WC005905,CUST029930,P0035,ST0025,2024-02-07,2025-01-24,Water damage,Rejected - Out of Warranty,12
WC001916,CUST015072,P0056,ST0041,2023-06-17,2025-01-25,Camera not focusing,In Progress,24
WC002486,CUST032677,P0280,ST0017,2024-10-07,2025-01-25,Physical damage - screen crack,Resolved,24
WC002124,CUST023699,P0467,ST0060,2024-07-16,2025-01-26,Software update issue,Resolved,12
WC002867,CUST006408,P0034,ST0015,2024-03-14,2025-01-26,Physical damage - screen crack,Resolved,12
WC003691,CUST049574,P0542,ST0051,2024-12-19,2025-01-26,Screen flickering,Replaced,12
WC004579,CUST007997,P0252,ST0002,2024-04-28,2025-01-26,Camera not focusing,Resolved,12
WC004798,CUST026490,P0198,ST0017,2024-08-10,2025-01-26,Camera not focusing,Replaced,12
WC001683,CUST025452,P0466,ST0058,2024-10-07,2025-01-27,Overheating during use,Resolved,12
WC003754,CUST025039,P0510,ST0030,2024-12-30,2025-01-27,Network/SIM issue,In Progress,12
WC005980,CUST000077,P0413,ST0058,2024-08-29,2025-01-27,Battery draining fast,In Progress,12
WC000688,CUST006793,P0189,ST0017,2024-10-15,2025-01-28,Software update issue,Replaced,12
WC001285,CUST014626,P0378,ST0010,2025-01-25,2025-01-28,Battery draining fast,Pending Pickup,12
WC004463,CUST043510,P0494,ST0037,2024-06-03,2025-01-28,Overheating during use,Resolved,12
WC004662,CUST024871,P0093,ST0057,2024-12-07,2025-01-28,Physical damage - screen crack,Pending Pickup,12
WC005571,CUST011337,P0356,ST0057,2024-03-24,2025-01-28,Screen flickering,Replaced,12
WC003518,CUST003032,P0275,ST0030,2024-09-08,2025-01-29,Overheating during use,Resolved,12
WC003831,CUST044313,P0418,ST0050,2024-04-01,2025-01-29,Camera not focusing,Rejected - Out of Warranty,12
WC004741,CUST007752,P0475,ST0002,2025-01-05,2025-01-29,Network/SIM issue,Resolved,24
WC000408,CUST020267,P0444,ST0033,2024-11-01,2025-01-30,Water damage,Resolved,12
WC000422,CUST047663,P0059,ST0008,2024-09-07,2025-01-30,Speaker/mic not working,Resolved,12
WC000852,CUST024765,P0580,ST0004,2024-12-17,2025-01-30,Camera not focusing,Pending Pickup,12
WC000995,CUST034508,P0298,ST0059,2024-11-29,2025-01-30,Charging port not working,Pending Pickup,12
WC001096,CUST004727,P0154,ST0057,2024-12-19,2025-01-30,Water damage,Resolved,12
WC002555,CUST033356,P0373,ST0024,2024-10-19,2025-01-30,Charging port not working,Replaced,12
WC005690,CUST035362,P0557,ST0023,2024-06-15,2025-01-30,Network/SIM issue,Resolved,12
WC005885,CUST003523,P0426,ST0051,2024-04-29,2025-01-30,Charging port not working,Resolved,12
WC001211,CUST028490,P0031,ST0014,2024-08-28,2025-01-31,Charging port not working,Replaced,12
WC002325,CUST016717,P0486,ST0056,2024-09-04,2025-01-31,Software update issue,Rejected - Out of Warranty,24
WC002549,CUST013165,P0042,ST0037,2024-09-20,2025-01-31,Network/SIM issue,Replaced,12
WC002806,CUST002305,P0355,ST0053,2024-05-09,2025-01-31,Physical damage - screen crack,Resolved,12
WC003424,CUST009348,P0347,ST0060,2024-05-25,2025-01-31,Speaker/mic not working,Resolved,12
WC005718,CUST009990,P0113,ST0054,2024-10-29,2025-01-31,Screen flickering,Replaced,12
WC000485,CUST030133,P0104,ST0008,2025-01-21,2025-02-01,Software update issue,Resolved,12
WC002061,CUST045696,P0266,ST0027,2024-07-19,2025-02-01,Water damage,Pending Pickup,12
WC003079,CUST009008,P0426,ST0008,2024-11-21,2025-02-01,Charging port not working,Resolved,12
WC000151,CUST007650,P0036,ST0048,2024-04-04,2025-02-02,Physical damage - screen crack,Resolved,12
WC005408,CUST041413,P0582,ST0019,2025-01-05,2025-02-02,Physical damage - screen crack,Resolved,24
WC000187,CUST048507,P0234,ST0022,2024-02-24,2025-02-03,Screen flickering,Resolved,12
WC000318,CUST018928,P0231,ST0002,2024-10-25,2025-02-03,Physical damage - screen crack,Resolved,12
WC002660,CUST017511,P0361,ST0011,2024-12-08,2025-02-03,Physical damage - screen crack,Resolved,12
WC003959,CUST049690,P0313,ST0031,2024-04-04,2025-02-03,Water damage,Resolved,12
WC004907,CUST004157,P0594,ST0008,2024-09-01,2025-02-03,Physical damage - screen crack,Resolved,12
WC004937,CUST035462,P0428,ST0005,2024-06-25,2025-02-03,Battery draining fast,Resolved,12
WC005040,CUST012729,P0538,ST0022,2024-04-23,2025-02-03,Speaker/mic not working,In Progress,12
WC005168,CUST029801,P0175,ST0001,2024-05-10,2025-02-03,Camera not focusing,Resolved,12
WC000047,CUST010362,P0403,ST0003,2024-08-14,2025-02-04,Battery draining fast,Pending Pickup,12
WC000279,CUST003669,P0097,ST0009,2024-02-26,2025-02-04,Speaker/mic not working,Resolved,12
WC001216,CUST048377,P0568,ST0004,2024-09-26,2025-02-04,Battery draining fast,Replaced,12
WC002898,CUST030051,P0513,ST0001,2024-03-09,2025-02-04,Screen flickering,Rejected - Out of Warranty,12
WC003244,CUST019188,P0198,ST0019,2024-11-23,2025-02-04,Charging port not working,Replaced,12
WC004150,CUST044975,P0152,ST0011,2025-01-12,2025-02-04,Network/SIM issue,Resolved,12
WC004881,CUST020707,P0482,ST0050,2024-09-07,2025-02-04,Battery draining fast,Pending Pickup,24
WC005968,CUST045254,P0420,ST0014,2024-07-04,2025-02-04,Network/SIM issue,Replaced,12
WC000148,CUST027651,P0352,ST0003,2024-07-22,2025-02-05,Screen flickering,Resolved,12
WC000254,CUST039949,P0560,ST0003,2025-01-07,2025-02-05,Camera not focusing,Rejected - Out of Warranty,12
WC000548,CUST010698,P0514,ST0010,2024-05-01,2025-02-05,Camera not focusing,Resolved,12
WC004713,CUST035623,P0489,ST0046,2024-11-17,2025-02-05,Speaker/mic not working,Rejected - Out of Warranty,24
WC005183,CUST027794,P0012,ST0022,2024-04-25,2025-02-05,Overheating during use,Pending Pickup,12
WC005481,CUST024866,P0049,ST0033,2024-05-31,2025-02-05,Speaker/mic not working,Replaced,12
WC001379,CUST048478,P0124,ST0052,2023-11-15,2025-02-06,Charging port not working,Resolved,24
WC001583,CUST046449,P0063,ST0012,2025-01-28,2025-02-06,Overheating during use,Resolved,12
WC001808,CUST021224,P0244,ST0029,2024-09-26,2025-02-06,Overheating during use,Pending Pickup,12
WC003200,CUST006530,P0159,ST0028,2024-05-25,2025-02-06,Software update issue,Resolved,12
WC003451,CUST044859,P0449,ST0031,2024-05-13,2025-02-06,Battery draining fast,Pending Pickup,12
WC003591,CUST016718,P0508,ST0060,2024-03-31,2025-02-06,Charging port not working,Resolved,12
WC000668,CUST014522,P0512,ST0029,2024-08-22,2025-02-07,Screen flickering,Resolved,12
WC000848,CUST040413,P0183,ST0003,2024-08-05,2025-02-07,Camera not focusing,Pending Pickup,12
WC001635,CUST038988,P0058,ST0055,2024-03-24,2025-02-07,Charging port not working,Resolved,12
WC002398,CUST014562,P0465,ST0016,2025-01-14,2025-02-07,Charging port not working,Rejected - Out of Warranty,12
WC003257,CUST037842,P0428,ST0008,2024-09-04,2025-02-07,Overheating during use,Resolved,12
WC005186,CUST017614,P0431,ST0051,2024-12-29,2025-02-07,Speaker/mic not working,Replaced,12
WC002217,CUST039386,P0599,ST0028,2024-12-20,2025-02-08,Network/SIM issue,In Progress,12
WC003434,CUST045254,P0019,ST0058,2025-01-01,2025-02-08,Physical damage - screen crack,In Progress,12
WC004952,CUST027397,P0288,ST0046,2024-06-06,2025-02-08,Software update issue,Resolved,12
WC001106,CUST000508,P0302,ST0058,2024-10-23,2025-02-09,Charging port not working,In Progress,12
WC001606,CUST034682,P0221,ST0029,2025-01-14,2025-02-09,Charging port not working,Resolved,12
WC004552,CUST028122,P0525,ST0042,2023-09-15,2025-02-09,Software update issue,Replaced,24
WC004949,CUST013679,P0218,ST0029,2024-11-29,2025-02-09,Physical damage - screen crack,Resolved,12
WC005956,CUST012012,P0157,ST0034,2024-03-13,2025-02-09,Camera not focusing,Pending Pickup,12
WC003685,CUST013037,P0209,ST0053,2024-06-08,2025-02-10,Network/SIM issue,Resolved,12
WC004046,CUST033182,P0553,ST0035,2024-07-18,2025-02-10,Overheating during use,Resolved,12
WC005166,CUST013618,P0228,ST0060,2024-05-22,2025-02-10,Software update issue,Resolved,12
WC005761,CUST049722,P0290,ST0006,2023-12-24,2025-02-10,Charging port not working,Pending Pickup,24
WC001351,CUST000026,P0293,ST0002,2024-09-10,2025-02-11,Software update issue,Resolved,24
WC002204,CUST031592,P0149,ST0018,2024-05-14,2025-02-11,Speaker/mic not working,In Progress,12
WC002700,CUST005028,P0499,ST0046,2024-05-06,2025-02-11,Water damage,Pending Pickup,12
WC002758,CUST046380,P0133,ST0057,2024-12-12,2025-02-11,Network/SIM issue,Rejected - Out of Warranty,12
WC003996,CUST006761,P0474,ST0059,2024-05-02,2025-02-11,Speaker/mic not working,Resolved,12
WC004685,CUST047510,P0081,ST0039,2024-10-26,2025-02-11,Network/SIM issue,Replaced,24
WC004689,CUST013887,P0029,ST0027,2024-04-09,2025-02-11,Physical damage - screen crack,Replaced,24
WC001056,CUST044410,P0171,ST0041,2024-11-27,2025-02-12,Camera not focusing,Pending Pickup,12
WC001238,CUST048450,P0104,ST0057,2024-04-03,2025-02-12,Screen flickering,Resolved,12
WC004179,CUST048393,P0350,ST0004,2024-12-20,2025-02-12,Speaker/mic not working,Pending Pickup,12
WC004338,CUST011269,P0141,ST0007,2024-12-02,2025-02-12,Software update issue,Resolved,12
WC005762,CUST049833,P0434,ST0053,2024-10-28,2025-02-12,Network/SIM issue,Pending Pickup,12
WC005763,CUST006123,P0407,ST0034,2024-08-07,2025-02-12,Screen flickering,Resolved,12
WC005848,CUST011143,P0313,ST0032,2024-09-01,2025-02-12,Camera not focusing,Replaced,12
WC001687,CUST023545,P0493,ST0040,2024-11-16,2025-02-13,Physical damage - screen crack,Pending Pickup,12
WC002747,CUST017419,P0088,ST0013,2024-05-31,2025-02-13,Charging port not working,Resolved,12
WC004376,CUST032617,P0134,ST0033,2024-04-23,2025-02-13,Overheating during use,Resolved,12
WC005139,CUST039278,P0450,ST0055,2024-05-02,2025-02-13,Water damage,Replaced,12
WC000265,CUST017722,P0252,ST0057,2024-04-23,2025-02-14,Camera not focusing,Pending Pickup,12
WC000570,CUST041049,P0059,ST0029,2024-06-03,2025-02-14,Battery draining fast,Resolved,12
WC001007,CUST021847,P0423,ST0058,2024-04-30,2025-02-14,Camera not focusing,Replaced,12
WC003861,CUST000855,P0482,ST0035,2025-01-15,2025-02-14,Network/SIM issue,Resolved,24
WC001934,CUST001904,P0591,ST0048,2024-10-03,2025-02-15,Speaker/mic not working,Replaced,12
WC002665,CUST021644,P0076,ST0037,2025-01-01,2025-02-15,Battery draining fast,Resolved,12
WC003817,CUST002082,P0571,ST0040,2024-09-27,2025-02-15,Charging port not working,Resolved,12
WC004479,CUST038279,P0460,ST0001,2024-04-13,2025-02-15,Battery draining fast,Resolved,12
WC004809,CUST016531,P0370,ST0005,2024-05-25,2025-02-15,Charging port not working,Replaced,12
WC000034,CUST014955,P0488,ST0050,2024-07-08,2025-02-16,Physical damage - screen crack,Rejected - Out of Warranty,12
WC001575,CUST048390,P0517,ST0053,2024-04-09,2025-02-16,Screen flickering,Rejected - Out of Warranty,12
WC001690,CUST045490,P0081,ST0011,2023-11-11,2025-02-16,Water damage,Pending Pickup,24
WC001981,CUST020956,P0028,ST0055,2025-01-16,2025-02-16,Battery draining fast,Resolved,12
WC002650,CUST008034,P0443,ST0038,2024-07-08,2025-02-16,Network/SIM issue,Pending Pickup,12
WC004226,CUST026539,P0566,ST0030,2024-07-10,2025-02-16,Network/SIM issue,Replaced,12
WC000098,CUST000992,P0081,ST0032,2024-10-17,2025-02-17,Camera not focusing,Resolved,24
WC002931,CUST035951,P0049,ST0042,2025-01-07,2025-02-17,Battery draining fast,Resolved,12
WC004215,CUST030621,P0169,ST0050,2025-01-22,2025-02-17,Battery draining fast,Resolved,12
WC005009,CUST020309,P0471,ST0060,2024-09-15,2025-02-17,Speaker/mic not working,Rejected - Out of Warranty,12
WC001097,CUST007375,P0533,ST0015,2024-04-09,2025-02-18,Physical damage - screen crack,Resolved,12
WC001605,CUST042276,P0354,ST0042,2024-10-05,2025-02-18,Network/SIM issue,Resolved,12
WC002418,CUST048851,P0142,ST0006,2024-05-29,2025-02-18,Camera not focusing,Resolved,12
WC003266,CUST020875,P0566,ST0023,2025-01-08,2025-02-18,Charging port not working,Resolved,12
WC003529,CUST044413,P0362,ST0001,2024-03-23,2025-02-18,Software update issue,In Progress,12
WC004538,CUST002018,P0364,ST0004,2024-12-19,2025-02-18,Water damage,Resolved,24
WC004947,CUST024322,P0228,ST0045,2025-01-06,2025-02-18,Speaker/mic not working,Resolved,12
WC005776,CUST048309,P0218,ST0057,2025-01-22,2025-02-18,Network/SIM issue,Resolved,12
WC001601,CUST043950,P0568,ST0056,2024-09-14,2025-02-19,Physical damage - screen crack,Rejected - Out of Warranty,12
WC002038,CUST031664,P0409,ST0026,2024-09-04,2025-02-19,Camera not focusing,Pending Pickup,12
WC003555,CUST008446,P0493,ST0018,2024-03-01,2025-02-19,Overheating during use,In Progress,12
WC004806,CUST047289,P0464,ST0048,2024-09-14,2025-02-19,Screen flickering,Pending Pickup,12
WC001815,CUST009715,P0461,ST0044,2024-02-11,2025-02-20,Battery draining fast,Resolved,24
WC002876,CUST046331,P0411,ST0047,2025-01-12,2025-02-20,Software update issue,Pending Pickup,12
WC004254,CUST032752,P0560,ST0058,2024-12-03,2025-02-20,Charging port not working,Pending Pickup,12
WC005932,CUST017349,P0360,ST0039,2024-03-27,2025-02-20,Charging port not working,Resolved,12
WC001149,CUST007668,P0187,ST0010,2024-09-23,2025-02-21,Charging port not working,In Progress,12
WC005156,CUST049793,P0511,ST0056,2025-02-10,2025-02-21,Software update issue,In Progress,12
WC000816,CUST008517,P0298,ST0021,2024-07-28,2025-02-22,Physical damage - screen crack,Replaced,12
WC002210,CUST028091,P0519,ST0015,2024-08-29,2025-02-22,Battery draining fast,Resolved,12
WC002808,CUST024431,P0147,ST0055,2024-06-22,2025-02-22,Software update issue,Rejected - Out of Warranty,12
WC004523,CUST035949,P0114,ST0058,2024-07-05,2025-02-22,Camera not focusing,In Progress,12
WC000959,CUST034280,P0496,ST0032,2025-02-05,2025-02-23,Speaker/mic not working,Pending Pickup,12
WC001224,CUST021170,P0539,ST0046,2024-03-10,2025-02-23,Charging port not working,Resolved,12
WC002516,CUST024969,P0026,ST0020,2024-12-21,2025-02-23,Overheating during use,Resolved,12
WC004121,CUST042361,P0380,ST0018,2024-07-14,2025-02-23,Network/SIM issue,Resolved,12
WC000009,CUST046802,P0075,ST0055,2024-07-29,2025-02-24,Screen flickering,Pending Pickup,12
WC000643,CUST038712,P0106,ST0006,2025-01-18,2025-02-24,Speaker/mic not working,Resolved,12
WC001521,CUST048708,P0577,ST0030,2024-11-28,2025-02-24,Physical damage - screen crack,In Progress,12
WC003430,CUST027300,P0550,ST0048,2024-04-05,2025-02-24,Software update issue,Replaced,12
WC003525,CUST020595,P0216,ST0024,2024-04-18,2025-02-24,Software update issue,Resolved,12
WC000723,CUST045619,P0294,ST0034,2024-07-12,2025-02-25,Water damage,Resolved,12
WC000801,CUST004001,P0400,ST0029,2024-09-07,2025-02-25,Speaker/mic not working,In Progress,12
WC001292,CUST001438,P0391,ST0044,2024-03-30,2025-02-25,Speaker/mic not working,Pending Pickup,12
WC002162,CUST023878,P0377,ST0007,2024-09-12,2025-02-25,Overheating during use,Replaced,12
WC002721,CUST013544,P0448,ST0044,2024-04-27,2025-02-25,Software update issue,Resolved,24
WC003003,CUST008760,P0359,ST0042,2024-04-22,2025-02-25,Physical damage - screen crack,Resolved,12
WC003037,CUST007216,P0470,ST0012,2024-12-16,2025-02-25,Water damage,Rejected - Out of Warranty,12
WC004967,CUST025982,P0579,ST0025,2025-02-14,2025-02-25,Screen flickering,Resolved,12
WC001254,CUST008142,P0081,ST0010,2023-05-21,2025-02-26,Battery draining fast,Resolved,24
WC003166,CUST017640,P0348,ST0005,2025-01-19,2025-02-26,Network/SIM issue,Pending Pickup,12
WC004066,CUST032134,P0597,ST0042,2025-01-02,2025-02-26,Speaker/mic not working,Resolved,12
WC004484,CUST046712,P0336,ST0023,2024-03-29,2025-02-26,Camera not focusing,Rejected - Out of Warranty,12
WC005864,CUST020770,P0550,ST0059,2025-01-13,2025-02-26,Water damage,Resolved,12
WC000446,CUST044142,P0112,ST0019,2024-08-21,2025-02-27,Charging port not working,Resolved,12
WC002566,CUST020765,P0017,ST0040,2024-06-11,2025-02-27,Charging port not working,Replaced,12
WC003311,CUST049870,P0255,ST0008,2024-12-24,2025-02-27,Battery draining fast,Resolved,12
WC003338,CUST044700,P0344,ST0007,2024-08-06,2025-02-27,Camera not focusing,Pending Pickup,12
WC004676,CUST041666,P0571,ST0019,2025-02-18,2025-02-27,Camera not focusing,Rejected - Out of Warranty,12
WC005972,CUST026375,P0024,ST0023,2024-10-21,2025-02-27,Charging port not working,Rejected - Out of Warranty,12
WC000499,CUST045608,P0438,ST0024,2024-06-02,2025-02-28,Physical damage - screen crack,Pending Pickup,12
WC001907,CUST047650,P0142,ST0051,2024-12-21,2025-02-28,Speaker/mic not working,Resolved,12
WC003252,CUST014550,P0347,ST0027,2024-08-05,2025-02-28,Water damage,Resolved,12
WC003600,CUST002672,P0086,ST0057,2024-11-30,2025-02-28,Camera not focusing,Resolved,12
WC005138,CUST047707,P0093,ST0054,2025-01-23,2025-02-28,Screen flickering,Pending Pickup,12
WC000402,CUST039054,P0480,ST0043,2024-10-08,2025-03-01,Water damage,Replaced,12
WC002613,CUST021785,P0199,ST0054,2024-05-29,2025-03-01,Speaker/mic not working,Resolved,12
WC003088,CUST049187,P0111,ST0039,2024-11-12,2025-03-01,Network/SIM issue,Pending Pickup,12
WC000198,CUST006953,P0516,ST0015,2024-10-19,2025-03-02,Water damage,Resolved,12
WC000517,CUST040608,P0116,ST0059,2024-11-17,2025-03-02,Overheating during use,Pending Pickup,12
WC001215,CUST031753,P0105,ST0004,2024-07-02,2025-03-02,Speaker/mic not working,Resolved,12
WC001631,CUST014766,P0003,ST0044,2024-10-01,2025-03-02,Speaker/mic not working,Resolved,12
WC001998,CUST032396,P0391,ST0024,2025-01-09,2025-03-02,Charging port not working,Rejected - Out of Warranty,12
WC003495,CUST045651,P0561,ST0012,2024-12-28,2025-03-02,Physical damage - screen crack,Pending Pickup,12
WC004247,CUST041199,P0596,ST0028,2024-08-20,2025-03-02,Overheating during use,Resolved,12
WC004953,CUST001536,P0216,ST0044,2024-10-30,2025-03-02,Network/SIM issue,Resolved,12
WC005500,CUST001022,P0246,ST0037,2025-02-18,2025-03-02,Software update issue,Resolved,12
WC002453,CUST012246,P0320,ST0006,2025-01-05,2025-03-03,Water damage,Rejected - Out of Warranty,12
WC002506,CUST041838,P0577,ST0047,2024-10-08,2025-03-03,Network/SIM issue,Replaced,12
WC005642,CUST043434,P0431,ST0014,2025-02-20,2025-03-03,Charging port not working,Pending Pickup,12
WC005703,CUST031936,P0476,ST0009,2025-02-16,2025-03-03,Battery draining fast,In Progress,24
WC001374,CUST005288,P0030,ST0016,2023-06-28,2025-03-04,Physical damage - screen crack,In Progress,24
WC001399,CUST043939,P0461,ST0055,2025-02-15,2025-03-04,Screen flickering,In Progress,24
WC003613,CUST048499,P0389,ST0051,2023-10-28,2025-03-04,Charging port not working,In Progress,24
WC004915,CUST044831,P0515,ST0059,2024-10-17,2025-03-04,Network/SIM issue,Pending Pickup,12
WC005173,CUST042481,P0192,ST0051,2024-06-05,2025-03-04,Physical damage - screen crack,Rejected - Out of Warranty,12
WC001026,CUST045355,P0213,ST0027,2024-04-05,2025-03-05,Screen flickering,Resolved,12
WC001538,CUST039241,P0582,ST0043,2023-05-02,2025-03-05,Charging port not working,Resolved,24
WC002743,CUST037271,P0368,ST0011,2024-07-17,2025-03-05,Overheating during use,Pending Pickup,12
WC005477,CUST046004,P0489,ST0033,2023-08-09,2025-03-05,Battery draining fast,Pending Pickup,24
WC000725,CUST030513,P0399,ST0006,2025-01-17,2025-03-06,Screen flickering,Rejected - Out of Warranty,12
WC001119,CUST025000,P0028,ST0024,2025-02-25,2025-03-06,Physical damage - screen crack,In Progress,12
WC002378,CUST039910,P0359,ST0008,2024-09-05,2025-03-06,Camera not focusing,Replaced,12
WC002887,CUST025453,P0069,ST0021,2025-01-17,2025-03-06,Screen flickering,In Progress,12
WC002921,CUST046084,P0591,ST0055,2024-04-06,2025-03-06,Network/SIM issue,Resolved,12
WC003432,CUST046247,P0097,ST0048,2024-03-21,2025-03-06,Overheating during use,Replaced,12
WC005738,CUST006816,P0433,ST0048,2024-11-19,2025-03-06,Overheating during use,Replaced,12
WC001087,CUST010139,P0040,ST0031,2024-08-15,2025-03-07,Charging port not working,Pending Pickup,12
WC001102,CUST011940,P0173,ST0043,2024-08-03,2025-03-07,Overheating during use,Resolved,12
WC002929,CUST044288,P0492,ST0027,2025-01-02,2025-03-07,Screen flickering,Replaced,12
WC003092,CUST043576,P0593,ST0031,2024-11-12,2025-03-07,Camera not focusing,Resolved,12
WC005733,CUST014313,P0461,ST0030,2025-01-10,2025-03-07,Software update issue,Resolved,24
WC004148,CUST023187,P0310,ST0045,2024-05-11,2025-03-08,Screen flickering,Resolved,12
WC004945,CUST043236,P0117,ST0036,2024-04-13,2025-03-08,Battery draining fast,Resolved,12
WC000237,CUST047146,P0197,ST0028,2024-04-21,2025-03-09,Battery draining fast,Resolved,12
WC001596,CUST019563,P0570,ST0005,2024-08-16,2025-03-09,Software update issue,Replaced,12
WC002429,CUST011088,P0485,ST0022,2024-10-20,2025-03-09,Overheating during use,In Progress,12
WC002625,CUST041420,P0435,ST0027,2024-07-29,2025-03-09,Overheating during use,In Progress,12
WC004776,CUST040524,P0181,ST0007,2024-12-21,2025-03-09,Speaker/mic not working,Resolved,12
WC002064,CUST026233,P0589,ST0039,2024-04-15,2025-03-10,Speaker/mic not working,Resolved,12
WC002180,CUST004638,P0586,ST0048,2024-06-15,2025-03-10,Charging port not working,In Progress,12
WC003464,CUST020222,P0241,ST0033,2024-07-24,2025-03-10,Charging port not working,Replaced,12
WC005448,CUST033692,P0441,ST0008,2024-04-23,2025-03-10,Battery draining fast,Resolved,12
WC005449,CUST039206,P0322,ST0034,2024-09-01,2025-03-10,Charging port not working,Replaced,24
WC005736,CUST039929,P0047,ST0058,2024-05-30,2025-03-10,Network/SIM issue,Pending Pickup,12
WC000374,CUST015625,P0239,ST0011,2024-05-05,2025-03-11,Speaker/mic not working,Resolved,12
WC001845,CUST002771,P0208,ST0053,2024-09-23,2025-03-11,Physical damage - screen crack,Replaced,12
WC003127,CUST039819,P0243,ST0022,2024-09-29,2025-03-11,Physical damage - screen crack,Rejected - Out of Warranty,12
WC003227,CUST018832,P0193,ST0033,2024-07-16,2025-03-11,Overheating during use,Resolved,12
WC003907,CUST021954,P0402,ST0012,2024-11-22,2025-03-11,Battery draining fast,In Progress,12
WC004769,CUST027721,P0600,ST0040,2024-05-08,2025-03-11,Water damage,In Progress,12
WC005116,CUST022687,P0265,ST0041,2024-12-29,2025-03-11,Speaker/mic not working,Resolved,12
WC005427,CUST002154,P0369,ST0045,2024-05-03,2025-03-11,Screen flickering,Replaced,12
WC001461,CUST031690,P0342,ST0011,2024-10-02,2025-03-12,Software update issue,Rejected - Out of Warranty,12
WC002034,CUST018765,P0357,ST0042,2024-10-02,2025-03-12,Charging port not working,In Progress,24
WC003957,CUST013548,P0511,ST0041,2024-11-26,2025-03-12,Screen flickering,Resolved,12
WC004359,CUST028169,P0592,ST0051,2023-07-01,2025-03-12,Battery draining fast,Resolved,24
WC000375,CUST045929,P0497,ST0018,2024-03-28,2025-03-13,Screen flickering,Resolved,12
WC001258,CUST014227,P0355,ST0042,2024-11-27,2025-03-13,Camera not focusing,Rejected - Out of Warranty,12
WC003284,CUST046318,P0342,ST0037,2024-05-09,2025-03-13,Overheating during use,Resolved,12
WC003976,CUST017426,P0142,ST0012,2024-06-20,2025-03-13,Camera not focusing,Resolved,12
WC005376,CUST042614,P0124,ST0014,2024-09-23,2025-03-13,Camera not focusing,Pending Pickup,24
WC005827,CUST001215,P0350,ST0046,2024-11-12,2025-03-13,Speaker/mic not working,In Progress,12
WC000320,CUST003681,P0492,ST0047,2024-12-30,2025-03-14,Overheating during use,Rejected - Out of Warranty,12
WC000415,CUST007705,P0036,ST0032,2024-10-08,2025-03-14,Network/SIM issue,Resolved,12
WC000653,CUST024623,P0591,ST0051,2024-07-12,2025-03-14,Software update issue,Resolved,12
WC001718,CUST031949,P0096,ST0010,2024-07-12,2025-03-14,Battery draining fast,In Progress,12
WC002193,CUST039530,P0049,ST0012,2024-03-30,2025-03-14,Camera not focusing,Resolved,12
WC002359,CUST023228,P0326,ST0018,2025-02-02,2025-03-14,Battery draining fast,Resolved,12
WC002434,CUST038820,P0522,ST0054,2024-10-20,2025-03-14,Speaker/mic not working,Resolved,12
WC003341,CUST049155,P0255,ST0043,2025-01-05,2025-03-14,Water damage,Resolved,12
WC004062,CUST010483,P0312,ST0037,2024-05-21,2025-03-14,Battery draining fast,Replaced,12
WC005132,CUST025822,P0406,ST0031,2024-07-29,2025-03-14,Screen flickering,Resolved,12
WC002412,CUST009737,P0113,ST0027,2024-12-22,2025-03-15,Camera not focusing,Resolved,12
WC002588,CUST008666,P0584,ST0020,2024-10-14,2025-03-15,Overheating during use,Resolved,12
WC002741,CUST030093,P0096,ST0050,2024-06-04,2025-03-15,Charging port not working,Resolved,12
WC003699,CUST009494,P0381,ST0049,2025-03-13,2025-03-15,Camera not focusing,Resolved,12
WC005512,CUST007233,P0579,ST0012,2024-06-23,2025-03-15,Software update issue,Resolved,12
WC000948,CUST030184,P0258,ST0015,2024-04-02,2025-03-16,Network/SIM issue,In Progress,12
WC001912,CUST032556,P0336,ST0051,2024-09-11,2025-03-16,Overheating during use,Resolved,12
WC003406,CUST018413,P0226,ST0057,2024-09-02,2025-03-16,Camera not focusing,Replaced,12
WC005525,CUST044535,P0172,ST0021,2025-03-12,2025-03-16,Screen flickering,Pending Pickup,12
WC005699,CUST041179,P0138,ST0052,2024-06-16,2025-03-16,Network/SIM issue,Resolved,12
WC000288,CUST011539,P0570,ST0048,2024-08-31,2025-03-17,Overheating during use,Resolved,12
WC001745,CUST015236,P0336,ST0052,2024-10-02,2025-03-17,Overheating during use,Resolved,12
WC002254,CUST043397,P0377,ST0011,2024-09-06,2025-03-17,Network/SIM issue,Pending Pickup,12
WC003506,CUST014253,P0458,ST0019,2024-10-03,2025-03-17,Screen flickering,Resolved,12
WC004426,CUST017329,P0447,ST0049,2025-01-19,2025-03-17,Software update issue,Resolved,12
WC005695,CUST011192,P0462,ST0049,2025-02-27,2025-03-17,Screen flickering,Rejected - Out of Warranty,24
WC005907,CUST049255,P0197,ST0036,2024-10-27,2025-03-17,Software update issue,Resolved,12
WC000161,CUST042796,P0282,ST0008,2024-04-24,2025-03-18,Physical damage - screen crack,Rejected - Out of Warranty,12
WC000962,CUST038982,P0039,ST0002,2024-08-20,2025-03-18,Overheating during use,In Progress,12
WC003744,CUST024810,P0005,ST0045,2023-12-28,2025-03-18,Network/SIM issue,Rejected - Out of Warranty,24
WC005129,CUST041016,P0556,ST0043,2025-01-20,2025-03-18,Camera not focusing,Pending Pickup,12
WC000595,CUST021382,P0206,ST0012,2024-12-24,2025-03-19,Charging port not working,Rejected - Out of Warranty,12
WC000710,CUST014392,P0058,ST0041,2024-12-27,2025-03-19,Network/SIM issue,Rejected - Out of Warranty,12
WC001360,CUST001622,P0296,ST0024,2024-07-11,2025-03-19,Network/SIM issue,Resolved,12
WC004652,CUST021400,P0219,ST0003,2024-09-20,2025-03-19,Software update issue,Resolved,12
WC005193,CUST034070,P0472,ST0047,2024-05-11,2025-03-19,Charging port not working,Rejected - Out of Warranty,24
WC005496,CUST036145,P0193,ST0055,2025-01-30,2025-03-19,Overheating during use,Resolved,12
WC005978,CUST037913,P0521,ST0015,2024-06-09,2025-03-19,Software update issue,Replaced,12
WC000740,CUST007776,P0328,ST0059,2024-04-28,2025-03-20,Software update issue,Replaced,12
WC001589,CUST025411,P0029,ST0049,2025-02-24,2025-03-20,Water damage,Resolved,24
WC001705,CUST006905,P0368,ST0035,2024-07-12,2025-03-20,Water damage,In Progress,12
WC002659,CUST016011,P0144,ST0025,2024-12-10,2025-03-20,Software update issue,Resolved,12
WC003397,CUST019049,P0079,ST0008,2024-01-09,2025-03-20,Network/SIM issue,Pending Pickup,24
WC003827,CUST012700,P0008,ST0047,2024-11-24,2025-03-20,Overheating during use,Replaced,12
WC003936,CUST001518,P0527,ST0045,2024-11-15,2025-03-20,Overheating during use,In Progress,12
WC005502,CUST011622,P0212,ST0060,2025-02-17,2025-03-20,Network/SIM issue,Resolved,12
WC005580,CUST019745,P0406,ST0044,2024-12-20,2025-03-20,Overheating during use,Rejected - Out of Warranty,12
WC005617,CUST026359,P0475,ST0020,2024-09-14,2025-03-20,Battery draining fast,Resolved,24
WC000399,CUST010061,P0188,ST0054,2024-10-11,2025-03-21,Physical damage - screen crack,Rejected - Out of Warranty,24
WC000762,CUST019728,P0394,ST0033,2024-11-30,2025-03-21,Charging port not working,Rejected - Out of Warranty,12
WC001088,CUST023555,P0468,ST0018,2024-06-17,2025-03-21,Software update issue,Replaced,12
WC001649,CUST010179,P0568,ST0053,2024-09-23,2025-03-21,Battery draining fast,Rejected - Out of Warranty,12
WC001999,CUST044583,P0559,ST0059,2023-06-01,2025-03-21,Charging port not working,Resolved,24
WC002385,CUST049500,P0475,ST0027,2025-03-03,2025-03-21,Water damage,Resolved,24
WC003068,CUST035161,P0099,ST0056,2023-10-21,2025-03-21,Software update issue,Rejected - Out of Warranty,24
WC004158,CUST009805,P0318,ST0050,2024-09-11,2025-03-21,Charging port not working,Rejected - Out of Warranty,12
WC000633,CUST037081,P0445,ST0011,2024-04-29,2025-03-22,Battery draining fast,Resolved,12
WC001827,CUST023509,P0142,ST0039,2024-12-30,2025-03-22,Water damage,Pending Pickup,12
WC004588,CUST023640,P0401,ST0017,2024-12-12,2025-03-22,Physical damage - screen crack,Resolved,12
WC000616,CUST031349,P0179,ST0054,2024-08-23,2025-03-23,Battery draining fast,Resolved,12
WC000868,CUST023076,P0430,ST0016,2024-12-22,2025-03-23,Software update issue,Resolved,12
WC003614,CUST012356,P0057,ST0001,2024-11-15,2025-03-23,Speaker/mic not working,Resolved,12
WC003845,CUST037149,P0313,ST0015,2024-10-13,2025-03-23,Network/SIM issue,Resolved,12
WC004244,CUST041866,P0082,ST0007,2025-02-18,2025-03-23,Screen flickering,Resolved,12
WC001275,CUST047152,P0132,ST0021,2024-07-04,2025-03-24,Physical damage - screen crack,Rejected - Out of Warranty,12
WC003837,CUST000312,P0093,ST0012,2024-12-15,2025-03-24,Battery draining fast,Replaced,12
WC003977,CUST044672,P0238,ST0058,2024-04-18,2025-03-24,Water damage,Replaced,12
WC005567,CUST021465,P0427,ST0059,2024-05-02,2025-03-24,Battery draining fast,Resolved,12
WC000419,CUST037543,P0077,ST0024,2024-12-22,2025-03-25,Network/SIM issue,Resolved,12
WC000702,CUST041594,P0162,ST0001,2024-04-30,2025-03-25,Speaker/mic not working,Resolved,24
WC000796,CUST040798,P0545,ST0051,2025-02-05,2025-03-25,Software update issue,Replaced,12
WC003012,CUST022560,P0247,ST0009,2025-01-12,2025-03-25,Physical damage - screen crack,Resolved,12
WC004149,CUST016134,P0492,ST0052,2024-12-03,2025-03-25,Camera not focusing,Resolved,12
WC000495,CUST015576,P0152,ST0010,2024-10-08,2025-03-26,Software update issue,Resolved,12
WC002033,CUST043957,P0567,ST0049,2025-02-04,2025-03-26,Overheating during use,Resolved,12
WC002388,CUST022668,P0259,ST0045,2023-08-24,2025-03-26,Camera not focusing,Resolved,24
WC003578,CUST002663,P0267,ST0019,2024-06-04,2025-03-26,Physical damage - screen crack,Pending Pickup,12
WC003727,CUST015564,P0260,ST0004,2024-04-08,2025-03-26,Overheating during use,Rejected - Out of Warranty,12
WC004171,CUST003513,P0170,ST0027,2024-07-06,2025-03-26,Battery draining fast,Rejected - Out of Warranty,12
WC004238,CUST038925,P0128,ST0055,2024-12-25,2025-03-26,Water damage,Rejected - Out of Warranty,12
WC004624,CUST036536,P0170,ST0037,2024-04-01,2025-03-26,Charging port not working,In Progress,12
WC000012,CUST039982,P0452,ST0007,2024-07-16,2025-03-27,Battery draining fast,In Progress,24
WC000703,CUST033091,P0315,ST0039,2025-03-04,2025-03-27,Physical damage - screen crack,Resolved,12
WC000715,CUST005087,P0001,ST0007,2024-04-21,2025-03-27,Network/SIM issue,Resolved,12
WC001366,CUST003195,P0074,ST0044,2024-03-23,2025-03-27,Overheating during use,Pending Pickup,24
WC002972,CUST033629,P0222,ST0033,2024-05-05,2025-03-27,Software update issue,In Progress,12
WC003315,CUST028997,P0521,ST0060,2024-04-18,2025-03-27,Camera not focusing,In Progress,12
WC004365,CUST045322,P0453,ST0005,2024-11-09,2025-03-27,Screen flickering,Resolved,12
WC004559,CUST046413,P0062,ST0054,2024-06-23,2025-03-27,Physical damage - screen crack,Replaced,12
WC000407,CUST041168,P0309,ST0056,2025-02-08,2025-03-28,Physical damage - screen crack,Resolved,12
WC001104,CUST023049,P0020,ST0013,2024-08-09,2025-03-28,Overheating during use,Resolved,12
WC001348,CUST003897,P0133,ST0007,2024-09-29,2025-03-28,Battery draining fast,Resolved,12
WC004370,CUST022308,P0071,ST0037,2024-09-01,2025-03-28,Physical damage - screen crack,Replaced,12
WC001003,CUST000415,P0453,ST0035,2024-05-31,2025-03-29,Overheating during use,Rejected - Out of Warranty,12
WC003569,CUST011358,P0002,ST0058,2024-09-14,2025-03-29,Battery draining fast,Resolved,12
WC003705,CUST001511,P0580,ST0038,2024-09-03,2025-03-29,Physical damage - screen crack,Resolved,12
WC005038,CUST022263,P0084,ST0048,2024-07-17,2025-03-29,Charging port not working,Replaced,12
WC003351,CUST029091,P0006,ST0003,2023-10-11,2025-03-30,Camera not focusing,Rejected - Out of Warranty,24
WC005940,CUST009429,P0204,ST0043,2024-11-08,2025-03-30,Screen flickering,Resolved,12
WC000336,CUST017618,P0085,ST0023,2025-01-15,2025-03-31,Camera not focusing,Resolved,12
WC000621,CUST019797,P0298,ST0043,2024-12-11,2025-03-31,Camera not focusing,In Progress,12
WC001941,CUST036139,P0425,ST0017,2024-05-16,2025-03-31,Network/SIM issue,Pending Pickup,12
WC002107,CUST027890,P0575,ST0013,2024-01-08,2025-04-01,Screen flickering,Pending Pickup,24
WC002342,CUST016544,P0355,ST0032,2024-04-10,2025-04-01,Software update issue,Resolved,12
WC002365,CUST030381,P0260,ST0004,2024-12-06,2025-04-01,Software update issue,In Progress,12
WC002971,CUST028296,P0458,ST0019,2024-11-22,2025-04-01,Software update issue,Rejected - Out of Warranty,12
WC004712,CUST032589,P0239,ST0056,2025-01-07,2025-04-01,Charging port not working,Resolved,12
WC004899,CUST002191,P0289,ST0034,2023-08-10,2025-04-01,Battery draining fast,In Progress,24
WC005373,CUST020074,P0386,ST0027,2024-06-24,2025-04-01,Camera not focusing,Pending Pickup,12
WC001985,CUST020417,P0315,ST0017,2025-01-23,2025-04-02,Network/SIM issue,Replaced,12
WC003014,CUST027393,P0243,ST0030,2024-09-03,2025-04-02,Charging port not working,In Progress,12
WC005345,CUST042613,P0554,ST0038,2025-01-26,2025-04-02,Battery draining fast,In Progress,12
WC005906,CUST003839,P0083,ST0031,2023-08-31,2025-04-02,Speaker/mic not working,Resolved,24
WC001011,CUST048732,P0142,ST0038,2024-07-14,2025-04-03,Battery draining fast,Rejected - Out of Warranty,12
WC001128,CUST028444,P0579,ST0004,2024-08-10,2025-04-03,Physical damage - screen crack,In Progress,12
WC001939,CUST039892,P0177,ST0023,2025-02-26,2025-04-03,Screen flickering,Resolved,24
WC002160,CUST001197,P0429,ST0017,2024-09-29,2025-04-03,Water damage,Rejected - Out of Warranty,12
WC002276,CUST000275,P0286,ST0037,2025-02-14,2025-04-03,Physical damage - screen crack,Resolved,12
WC002804,CUST028447,P0357,ST0013,2023-10-31,2025-04-03,Screen flickering,Pending Pickup,24
WC003256,CUST002217,P0429,ST0025,2024-12-08,2025-04-03,Network/SIM issue,Resolved,12
WC004090,CUST000366,P0336,ST0031,2025-01-12,2025-04-03,Overheating during use,Rejected - Out of Warranty,12
WC005988,CUST003085,P0020,ST0031,2024-06-14,2025-04-03,Physical damage - screen crack,Pending Pickup,12
WC000094,CUST001966,P0578,ST0057,2025-01-11,2025-04-04,Speaker/mic not working,Pending Pickup,12
WC001715,CUST012240,P0556,ST0034,2024-12-20,2025-04-04,Water damage,Resolved,12
WC002913,CUST040082,P0509,ST0010,2024-03-05,2025-04-04,Water damage,Resolved,24
WC003713,CUST004991,P0595,ST0031,2024-06-07,2025-04-04,Software update issue,Pending Pickup,12
WC005853,CUST032528,P0334,ST0004,2024-05-21,2025-04-04,Software update issue,Resolved,12
WC000891,CUST008482,P0374,ST0037,2024-05-08,2025-04-05,Camera not focusing,Resolved,12
WC003048,CUST010222,P0503,ST0017,2025-03-24,2025-04-05,Water damage,Resolved,12
WC003794,CUST010432,P0202,ST0028,2024-10-07,2025-04-05,Physical damage - screen crack,Resolved,12
WC003877,CUST047326,P0103,ST0035,2025-02-24,2025-04-05,Water damage,Replaced,12
WC005151,CUST039319,P0193,ST0003,2024-10-22,2025-04-05,Water damage,Pending Pickup,12
WC000400,CUST040848,P0192,ST0051,2025-01-25,2025-04-06,Network/SIM issue,Pending Pickup,12
WC000884,CUST024715,P0101,ST0011,2024-10-29,2025-04-06,Network/SIM issue,Resolved,12
WC002515,CUST024351,P0600,ST0051,2024-09-25,2025-04-06,Network/SIM issue,Replaced,12
WC003218,CUST002032,P0290,ST0005,2025-01-11,2025-04-06,Overheating during use,Resolved,24
WC004470,CUST014337,P0595,ST0025,2024-09-14,2025-04-06,Physical damage - screen crack,Rejected - Out of Warranty,12
WC004777,CUST040875,P0559,ST0057,2025-02-01,2025-04-06,Speaker/mic not working,Resolved,24
WC005600,CUST009898,P0244,ST0053,2024-10-31,2025-04-06,Physical damage - screen crack,Resolved,12
WC005986,CUST032264,P0448,ST0035,2023-09-03,2025-04-06,Network/SIM issue,Resolved,24
WC002022,CUST043511,P0105,ST0059,2024-07-31,2025-04-07,Camera not focusing,In Progress,12
WC003142,CUST035831,P0298,ST0013,2024-11-28,2025-04-07,Battery draining fast,In Progress,12
WC003300,CUST048110,P0476,ST0043,2023-12-27,2025-04-07,Speaker/mic not working,Resolved,24
WC003347,CUST039698,P0308,ST0058,2024-04-13,2025-04-07,Screen flickering,Resolved,12
WC003645,CUST032160,P0386,ST0007,2025-02-07,2025-04-07,Overheating during use,Pending Pickup,12
WC004485,CUST045142,P0277,ST0003,2024-10-04,2025-04-07,Screen flickering,Replaced,12
WC005470,CUST040027,P0562,ST0022,2024-04-13,2025-04-07,Physical damage - screen crack,Rejected - Out of Warranty,12
WC000041,CUST007630,P0320,ST0043,2025-02-02,2025-04-08,Water damage,Pending Pickup,12
WC000393,CUST037745,P0334,ST0055,2024-05-24,2025-04-08,Charging port not working,Resolved,12
WC001647,CUST021630,P0559,ST0051,2024-07-13,2025-04-08,Charging port not working,Resolved,24
WC005256,CUST017704,P0079,ST0057,2024-12-17,2025-04-08,Screen flickering,In Progress,24
WC005350,CUST032069,P0204,ST0010,2025-01-23,2025-04-08,Camera not focusing,Resolved,12
WC001419,CUST009158,P0394,ST0039,2025-03-03,2025-04-09,Speaker/mic not working,Resolved,12
WC004609,CUST025261,P0066,ST0050,2024-08-06,2025-04-09,Screen flickering,Resolved,12
WC000026,CUST037783,P0111,ST0021,2024-11-17,2025-04-10,Physical damage - screen crack,Pending Pickup,12
WC000461,CUST029564,P0587,ST0059,2024-09-05,2025-04-10,Speaker/mic not working,Resolved,12
WC000581,CUST037693,P0505,ST0056,2025-02-16,2025-04-10,Overheating during use,Pending Pickup,12
WC001392,CUST023814,P0151,ST0025,2025-01-15,2025-04-10,Charging port not working,Replaced,12
WC002632,CUST033647,P0302,ST0046,2024-09-13,2025-04-10,Water damage,Replaced,12
WC002968,CUST029400,P0410,ST0042,2024-09-20,2025-04-10,Software update issue,Resolved,12
WC001330,CUST005982,P0404,ST0060,2024-05-25,2025-04-11,Camera not focusing,Resolved,12
WC001454,CUST049445,P0361,ST0039,2024-05-25,2025-04-11,Camera not focusing,In Progress,12
WC002328,CUST038952,P0189,ST0039,2024-08-08,2025-04-11,Network/SIM issue,Resolved,12
WC003931,CUST001860,P0339,ST0016,2025-04-10,2025-04-11,Charging port not working,Resolved,12
WC005054,CUST045394,P0146,ST0023,2024-07-08,2025-04-11,Physical damage - screen crack,Rejected - Out of Warranty,12
WC005317,CUST009514,P0403,ST0060,2024-11-22,2025-04-11,Physical damage - screen crack,Replaced,12
WC005548,CUST024653,P0135,ST0058,2024-12-31,2025-04-11,Network/SIM issue,Resolved,12
WC005942,CUST042530,P0348,ST0026,2024-12-22,2025-04-11,Charging port not working,Resolved,12
WC001105,CUST046320,P0129,ST0029,2024-11-06,2025-04-12,Battery draining fast,Resolved,12
WC002538,CUST007300,P0528,ST0045,2024-10-23,2025-04-12,Battery draining fast,Resolved,24
WC002599,CUST035946,P0239,ST0023,2024-09-28,2025-04-12,Physical damage - screen crack,Resolved,12
WC003063,CUST031407,P0024,ST0049,2024-12-23,2025-04-12,Camera not focusing,Resolved,12
WC004299,CUST011200,P0280,ST0010,2024-08-30,2025-04-12,Physical damage - screen crack,Resolved,24
WC005304,CUST037040,P0217,ST0032,2024-09-04,2025-04-12,Battery draining fast,Rejected - Out of Warranty,12
WC005409,CUST014712,P0178,ST0018,2025-03-23,2025-04-12,Camera not focusing,Resolved,24
WC000040,CUST016010,P0436,ST0005,2025-02-15,2025-04-13,Battery draining fast,Resolved,12
WC002147,CUST042560,P0069,ST0018,2025-03-25,2025-04-13,Water damage,Resolved,12
WC002961,CUST009866,P0020,ST0001,2024-05-20,2025-04-13,Water damage,Resolved,12
WC003103,CUST000411,P0478,ST0032,2024-12-13,2025-04-13,Water damage,Replaced,12
WC000355,CUST010274,P0301,ST0008,2024-07-02,2025-04-14,Water damage,Replaced,12
WC001231,CUST018224,P0239,ST0006,2025-01-30,2025-04-14,Charging port not working,Resolved,12
WC002469,CUST041816,P0330,ST0011,2024-06-17,2025-04-14,Speaker/mic not working,In Progress,12
WC001015,CUST036390,P0505,ST0022,2024-05-08,2025-04-15,Screen flickering,Resolved,12
WC001081,CUST039363,P0161,ST0025,2025-01-26,2025-04-15,Camera not focusing,In Progress,12
WC001909,CUST007813,P0281,ST0027,2024-06-12,2025-04-15,Physical damage - screen crack,Pending Pickup,12
WC002715,CUST031142,P0186,ST0056,2024-08-03,2025-04-15,Screen flickering,Pending Pickup,12
WC003759,CUST043864,P0208,ST0051,2024-07-17,2025-04-15,Charging port not working,Pending Pickup,12
WC005329,CUST024150,P0312,ST0026,2024-05-17,2025-04-15,Physical damage - screen crack,Resolved,12
WC001843,CUST039602,P0239,ST0047,2024-06-09,2025-04-16,Screen flickering,Pending Pickup,12
WC001917,CUST001975,P0064,ST0028,2025-02-17,2025-04-16,Network/SIM issue,Resolved,12
WC002324,CUST004207,P0109,ST0007,2024-09-12,2025-04-16,Speaker/mic not working,Resolved,12
WC002610,CUST026940,P0543,ST0060,2024-11-11,2025-04-16,Network/SIM issue,Resolved,24
WC005294,CUST010782,P0422,ST0019,2025-02-16,2025-04-16,Water damage,In Progress,12
WC000035,CUST002353,P0394,ST0039,2024-08-04,2025-04-17,Battery draining fast,Resolved,12
WC001726,CUST022017,P0407,ST0006,2025-04-14,2025-04-17,Physical damage - screen crack,In Progress,12
WC001988,CUST032548,P0544,ST0057,2024-04-30,2025-04-17,Physical damage - screen crack,Resolved,12
WC003301,CUST046013,P0346,ST0007,2025-04-14,2025-04-17,Overheating during use,Resolved,12
WC004562,CUST008048,P0509,ST0054,2025-01-19,2025-04-17,Battery draining fast,Rejected - Out of Warranty,24
WC004632,CUST011307,P0262,ST0020,2024-06-05,2025-04-17,Charging port not working,Rejected - Out of Warranty,24
WC004060,CUST011259,P0493,ST0047,2024-05-18,2025-04-18,Water damage,Resolved,12
WC000372,CUST040958,P0029,ST0050,2023-11-13,2025-04-19,Speaker/mic not working,Resolved,24
WC001535,CUST019943,P0589,ST0018,2024-07-30,2025-04-19,Physical damage - screen crack,Resolved,12
WC002528,CUST042236,P0103,ST0028,2024-10-06,2025-04-19,Physical damage - screen crack,Resolved,12
WC002918,CUST010814,P0500,ST0052,2024-11-14,2025-04-19,Software update issue,Resolved,12
WC001571,CUST043083,P0008,ST0013,2025-04-06,2025-04-20,Software update issue,Pending Pickup,12
WC003379,CUST026845,P0308,ST0008,2024-08-03,2025-04-20,Software update issue,Pending Pickup,12
WC003418,CUST012698,P0223,ST0058,2024-09-12,2025-04-20,Charging port not working,Resolved,12
WC005725,CUST001355,P0022,ST0047,2025-01-26,2025-04-20,Screen flickering,In Progress,12
WC005997,CUST005801,P0452,ST0043,2025-01-26,2025-04-20,Camera not focusing,Pending Pickup,24
WC002198,CUST046475,P0187,ST0049,2024-12-20,2025-04-21,Software update issue,In Progress,12
WC002837,CUST004720,P0095,ST0038,2025-01-25,2025-04-21,Battery draining fast,Pending Pickup,12
WC003110,CUST013336,P0140,ST0046,2024-11-22,2025-04-21,Water damage,Resolved,12
WC001522,CUST049405,P0444,ST0036,2024-11-14,2025-04-22,Network/SIM issue,Replaced,12
WC002016,CUST021616,P0560,ST0046,2024-06-16,2025-04-22,Battery draining fast,Pending Pickup,12
WC002214,CUST004431,P0025,ST0026,2025-04-19,2025-04-22,Camera not focusing,Replaced,24
WC002540,CUST027183,P0196,ST0037,2024-10-03,2025-04-22,Charging port not working,Resolved,12
WC003240,CUST036312,P0191,ST0032,2024-07-05,2025-04-22,Speaker/mic not working,Pending Pickup,12
WC003986,CUST030469,P0242,ST0040,2024-11-25,2025-04-22,Network/SIM issue,Replaced,12
WC005818,CUST032573,P0065,ST0052,2024-07-20,2025-04-22,Software update issue,Replaced,12
WC000846,CUST006060,P0564,ST0046,2024-12-02,2025-04-23,Charging port not working,In Progress,12
WC002036,CUST024347,P0336,ST0021,2025-03-24,2025-04-23,Speaker/mic not working,Pending Pickup,12
WC002051,CUST023907,P0472,ST0004,2025-02-07,2025-04-23,Software update issue,Replaced,24
WC003219,CUST015095,P0279,ST0032,2024-08-20,2025-04-23,Screen flickering,In Progress,12
WC003560,CUST015309,P0568,ST0041,2025-01-09,2025-04-23,Water damage,In Progress,12
WC003768,CUST015472,P0385,ST0030,2025-04-02,2025-04-23,Water damage,Rejected - Out of Warranty,12
WC004654,CUST005518,P0065,ST0034,2025-01-09,2025-04-23,Camera not focusing,Resolved,12
WC001800,CUST026780,P0213,ST0039,2025-01-11,2025-04-24,Screen flickering,Replaced,12
WC001927,CUST026778,P0096,ST0033,2024-08-05,2025-04-24,Physical damage - screen crack,In Progress,12
WC002414,CUST044711,P0194,ST0050,2025-03-15,2025-04-24,Speaker/mic not working,Rejected - Out of Warranty,12
WC003320,CUST049704,P0239,ST0001,2025-01-22,2025-04-24,Network/SIM issue,Resolved,12
WC003643,CUST006385,P0495,ST0011,2025-01-04,2025-04-24,Software update issue,Resolved,12
WC004412,CUST022490,P0044,ST0046,2024-05-09,2025-04-24,Water damage,Pending Pickup,12
WC000837,CUST031838,P0063,ST0021,2024-08-05,2025-04-25,Software update issue,In Progress,12
WC003221,CUST039723,P0206,ST0003,2024-10-03,2025-04-25,Water damage,Rejected - Out of Warranty,12
WC003667,CUST044568,P0128,ST0058,2024-06-07,2025-04-25,Software update issue,Resolved,12
WC005650,CUST012206,P0243,ST0020,2024-06-07,2025-04-25,Software update issue,Resolved,12
WC005704,CUST004981,P0312,ST0027,2024-05-03,2025-04-25,Overheating during use,Rejected - Out of Warranty,12
WC001676,CUST013570,P0453,ST0004,2024-12-11,2025-04-26,Screen flickering,Resolved,12
WC005570,CUST040854,P0566,ST0045,2024-07-01,2025-04-26,Network/SIM issue,Resolved,12
WC000071,CUST030583,P0568,ST0010,2025-02-07,2025-04-27,Speaker/mic not working,Resolved,12
WC001180,CUST049653,P0328,ST0035,2024-11-29,2025-04-27,Battery draining fast,In Progress,12
WC003890,CUST029029,P0129,ST0029,2024-07-10,2025-04-27,Software update issue,Replaced,12
WC001591,CUST002782,P0410,ST0002,2024-12-18,2025-04-28,Speaker/mic not working,Pending Pickup,12
WC004846,CUST036061,P0441,ST0016,2024-09-30,2025-04-28,Camera not focusing,In Progress,12
WC005061,CUST008027,P0301,ST0046,2025-03-09,2025-04-28,Overheating during use,Replaced,12
WC005739,CUST014326,P0411,ST0039,2025-01-29,2025-04-28,Charging port not working,In Progress,12
WC002820,CUST012757,P0484,ST0005,2024-12-23,2025-04-29,Camera not focusing,Resolved,12
WC003417,CUST047275,P0246,ST0044,2025-01-06,2025-04-29,Screen flickering,In Progress,12
WC004516,CUST005172,P0277,ST0004,2024-06-20,2025-04-29,Camera not focusing,Resolved,12
WC005074,CUST008508,P0140,ST0057,2024-08-17,2025-04-29,Network/SIM issue,Replaced,12
WC000049,CUST030877,P0403,ST0027,2024-07-09,2025-04-30,Physical damage - screen crack,Replaced,12
WC000172,CUST015449,P0310,ST0014,2024-06-11,2025-04-30,Screen flickering,Resolved,12
WC004581,CUST012840,P0254,ST0044,2025-03-28,2025-04-30,Water damage,Resolved,12
WC001144,CUST030225,P0416,ST0007,2025-02-22,2025-05-01,Overheating during use,In Progress,12
WC001422,CUST006683,P0497,ST0033,2025-03-05,2025-05-01,Water damage,In Progress,12
WC001949,CUST036990,P0423,ST0034,2025-01-30,2025-05-01,Overheating during use,Replaced,12
WC001991,CUST020238,P0100,ST0004,2025-01-03,2025-05-01,Camera not focusing,Resolved,12
WC002989,CUST000053,P0288,ST0028,2024-12-15,2025-05-01,Physical damage - screen crack,Rejected - Out of Warranty,12
WC004250,CUST017035,P0423,ST0026,2024-05-07,2025-05-01,Network/SIM issue,In Progress,12
WC005766,CUST034985,P0363,ST0050,2024-06-06,2025-05-01,Network/SIM issue,Resolved,12
WC005952,CUST019600,P0306,ST0004,2025-04-19,2025-05-01,Software update issue,Replaced,12
WC000531,CUST001939,P0039,ST0035,2025-03-18,2025-05-02,Charging port not working,Resolved,12
WC003031,CUST038747,P0188,ST0029,2025-04-09,2025-05-02,Physical damage - screen crack,Resolved,24
WC003249,CUST013641,P0333,ST0046,2024-12-30,2025-05-02,Charging port not working,In Progress,12
WC003557,CUST023036,P0225,ST0018,2024-05-24,2025-05-02,Network/SIM issue,Replaced,12
WC003992,CUST024499,P0345,ST0043,2025-03-12,2025-05-02,Overheating during use,Replaced,12
WC004142,CUST024334,P0035,ST0007,2025-01-02,2025-05-02,Screen flickering,Replaced,12
WC005487,CUST020193,P0230,ST0010,2024-09-01,2025-05-02,Speaker/mic not working,Rejected - Out of Warranty,12
WC000564,CUST008882,P0357,ST0024,2025-03-11,2025-05-03,Physical damage - screen crack,Pending Pickup,24
WC001968,CUST024597,P0057,ST0023,2025-05-01,2025-05-03,Water damage,Replaced,12
WC003015,CUST011238,P0101,ST0057,2024-06-29,2025-05-03,Software update issue,Pending Pickup,12
WC003352,CUST008969,P0582,ST0037,2024-06-15,2025-05-03,Water damage,Resolved,24
WC004653,CUST048202,P0075,ST0042,2025-03-23,2025-05-03,Network/SIM issue,In Progress,12
WC004962,CUST049866,P0045,ST0005,2024-07-07,2025-05-03,Speaker/mic not working,Pending Pickup,12
WC000420,CUST012747,P0351,ST0025,2024-05-23,2025-05-04,Charging port not working,Pending Pickup,12
WC001542,CUST049341,P0087,ST0004,2023-11-29,2025-05-04,Network/SIM issue,Replaced,24
WC003995,CUST043647,P0162,ST0040,2023-11-13,2025-05-04,Battery draining fast,Pending Pickup,24
WC004044,CUST015247,P0329,ST0002,2024-11-16,2025-05-04,Charging port not working,Resolved,12
WC004576,CUST022330,P0514,ST0036,2025-03-14,2025-05-04,Physical damage - screen crack,Resolved,12
WC004856,CUST040106,P0329,ST0023,2025-04-12,2025-05-04,Charging port not working,Resolved,12
WC004970,CUST002370,P0295,ST0001,2024-12-17,2025-05-04,Speaker/mic not working,In Progress,12
WC000869,CUST016975,P0407,ST0030,2024-05-23,2025-05-05,Software update issue,Resolved,12
WC002083,CUST014179,P0473,ST0034,2024-08-29,2025-05-05,Speaker/mic not working,Resolved,12
WC002145,CUST046995,P0123,ST0037,2024-07-09,2025-05-05,Water damage,Rejected - Out of Warranty,24
WC003065,CUST036442,P0025,ST0052,2024-11-05,2025-05-05,Screen flickering,Replaced,24
WC003519,CUST020402,P0266,ST0059,2024-12-25,2025-05-05,Overheating during use,Resolved,12
WC004589,CUST007151,P0106,ST0018,2025-01-03,2025-05-05,Camera not focusing,Replaced,12
WC000175,CUST021931,P0428,ST0003,2025-04-06,2025-05-06,Speaker/mic not working,Resolved,12
WC001554,CUST009858,P0069,ST0032,2024-08-14,2025-05-06,Overheating during use,In Progress,12
WC001641,CUST010662,P0042,ST0017,2025-05-04,2025-05-06,Screen flickering,In Progress,12
WC002906,CUST040231,P0069,ST0060,2024-06-07,2025-05-06,Physical damage - screen crack,Resolved,12
WC003217,CUST033314,P0302,ST0024,2024-06-02,2025-05-06,Battery draining fast,Resolved,12
WC004369,CUST038862,P0318,ST0035,2025-04-23,2025-05-06,Overheating during use,Resolved,12
WC004382,CUST031526,P0171,ST0032,2024-07-17,2025-05-06,Battery draining fast,Resolved,12
WC004795,CUST002180,P0157,ST0012,2024-06-15,2025-05-06,Camera not focusing,Pending Pickup,12
WC005513,CUST033180,P0481,ST0011,2024-07-11,2025-05-06,Charging port not working,Rejected - Out of Warranty,12
WC005793,CUST033472,P0441,ST0028,2024-06-28,2025-05-06,Speaker/mic not working,Resolved,12
WC001061,CUST024935,P0230,ST0018,2024-11-11,2025-05-07,Battery draining fast,Rejected - Out of Warranty,12
WC001194,CUST003823,P0186,ST0001,2025-01-08,2025-05-07,Camera not focusing,Resolved,12
WC001469,CUST017150,P0302,ST0049,2025-04-22,2025-05-07,Screen flickering,Pending Pickup,12
WC003725,CUST041756,P0108,ST0039,2024-10-05,2025-05-07,Water damage,Resolved,12
WC004687,CUST006274,P0059,ST0008,2024-09-21,2025-05-07,Network/SIM issue,Resolved,12
WC004958,CUST025605,P0098,ST0020,2025-01-31,2025-05-07,Charging port not working,Resolved,12
WC005457,CUST007453,P0385,ST0045,2025-01-12,2025-05-07,Charging port not working,Resolved,12
WC005578,CUST024777,P0552,ST0044,2024-11-26,2025-05-07,Network/SIM issue,Resolved,12
WC000539,CUST012725,P0022,ST0009,2025-01-07,2025-05-08,Physical damage - screen crack,Resolved,12
WC000921,CUST029647,P0545,ST0016,2024-10-03,2025-05-08,Camera not focusing,Pending Pickup,12
WC001328,CUST009090,P0101,ST0046,2024-07-09,2025-05-08,Network/SIM issue,Resolved,12
WC001559,CUST030045,P0026,ST0015,2024-08-15,2025-05-08,Camera not focusing,Resolved,12
WC001709,CUST033344,P0519,ST0007,2024-09-05,2025-05-08,Charging port not working,Resolved,12
WC002449,CUST037008,P0108,ST0013,2025-05-05,2025-05-08,Overheating during use,Pending Pickup,12
WC003280,CUST049474,P0034,ST0043,2025-02-08,2025-05-08,Network/SIM issue,Resolved,12
WC005440,CUST017561,P0153,ST0011,2025-05-06,2025-05-08,Water damage,Resolved,12
WC000011,CUST015236,P0285,ST0001,2024-10-22,2025-05-09,Charging port not working,Resolved,12
WC000113,CUST017999,P0473,ST0008,2024-12-06,2025-05-09,Overheating during use,In Progress,12
WC000830,CUST037506,P0297,ST0006,2024-12-06,2025-05-09,Software update issue,Pending Pickup,24
WC000870,CUST027917,P0210,ST0011,2025-02-01,2025-05-09,Water damage,Rejected - Out of Warranty,12
WC001873,CUST046089,P0217,ST0004,2024-07-13,2025-05-09,Charging port not working,In Progress,12
WC002467,CUST048788,P0051,ST0006,2025-04-09,2025-05-09,Water damage,In Progress,12
WC003618,CUST001466,P0351,ST0008,2024-09-23,2025-05-09,Water damage,Resolved,12
WC004279,CUST046701,P0125,ST0043,2024-11-13,2025-05-09,Water damage,Resolved,12
WC005167,CUST036453,P0163,ST0011,2023-11-09,2025-05-09,Battery draining fast,Pending Pickup,24
WC005987,CUST048842,P0413,ST0013,2024-09-20,2025-05-09,Software update issue,In Progress,12
WC000679,CUST001071,P0015,ST0050,2024-10-19,2025-05-10,Screen flickering,In Progress,12
WC002621,CUST036322,P0151,ST0004,2025-01-29,2025-05-10,Physical damage - screen crack,Rejected - Out of Warranty,12
WC003510,CUST021887,P0323,ST0002,2025-04-14,2025-05-10,Overheating during use,Replaced,12
WC001406,CUST014284,P0096,ST0056,2024-11-22,2025-05-11,Physical damage - screen crack,Resolved,12
WC001750,CUST023065,P0341,ST0059,2024-08-18,2025-05-11,Charging port not working,Resolved,12
WC001776,CUST005734,P0316,ST0038,2025-04-30,2025-05-11,Charging port not working,Resolved,12
WC001817,CUST042593,P0044,ST0037,2025-03-22,2025-05-11,Camera not focusing,Resolved,12
WC003348,CUST046489,P0286,ST0003,2024-10-03,2025-05-11,Overheating during use,Pending Pickup,12
WC004286,CUST005312,P0430,ST0042,2024-08-25,2025-05-11,Battery draining fast,Resolved,12
WC004738,CUST032822,P0324,ST0009,2025-04-08,2025-05-11,Camera not focusing,Resolved,12
WC005369,CUST004895,P0237,ST0017,2025-01-15,2025-05-11,Network/SIM issue,Pending Pickup,12
WC000287,CUST034325,P0057,ST0038,2024-09-16,2025-05-12,Physical damage - screen crack,Pending Pickup,12
WC001370,CUST048933,P0086,ST0038,2025-04-15,2025-05-12,Physical damage - screen crack,Resolved,12
WC001495,CUST017182,P0370,ST0057,2025-02-18,2025-05-12,Charging port not working,Pending Pickup,12
WC001579,CUST037860,P0077,ST0049,2025-02-11,2025-05-12,Screen flickering,Replaced,12
WC001937,CUST036054,P0260,ST0055,2025-02-17,2025-05-12,Network/SIM issue,Resolved,12
WC002248,CUST021187,P0187,ST0037,2024-05-27,2025-05-12,Camera not focusing,Pending Pickup,12
WC002738,CUST037641,P0197,ST0058,2025-01-28,2025-05-12,Network/SIM issue,In Progress,12
WC005476,CUST005516,P0286,ST0046,2024-12-16,2025-05-12,Battery draining fast,Rejected - Out of Warranty,12
WC001388,CUST015996,P0235,ST0051,2024-12-29,2025-05-13,Software update issue,Resolved,12
WC001812,CUST002703,P0574,ST0056,2024-10-03,2025-05-13,Physical damage - screen crack,Replaced,12
WC002105,CUST028908,P0285,ST0024,2025-02-06,2025-05-13,Screen flickering,Resolved,12
WC002841,CUST007770,P0196,ST0050,2025-04-03,2025-05-13,Physical damage - screen crack,Resolved,12
WC001240,CUST015137,P0394,ST0016,2024-06-24,2025-05-14,Software update issue,In Progress,12
WC001758,CUST038527,P0050,ST0050,2025-01-13,2025-05-14,Screen flickering,In Progress,12
WC002489,CUST028591,P0469,ST0039,2025-04-29,2025-05-14,Software update issue,Replaced,12
WC002746,CUST019715,P0357,ST0032,2025-05-06,2025-05-14,Network/SIM issue,Pending Pickup,24
WC003415,CUST033387,P0478,ST0014,2024-09-15,2025-05-14,Water damage,Pending Pickup,12
WC003460,CUST000654,P0108,ST0018,2024-12-27,2025-05-14,Speaker/mic not working,Resolved,12
WC002245,CUST043995,P0117,ST0044,2024-09-17,2025-05-15,Speaker/mic not working,Resolved,12
WC004267,CUST037568,P0563,ST0058,2024-05-06,2025-05-15,Software update issue,Resolved,24
WC004792,CUST022399,P0336,ST0050,2024-07-16,2025-05-15,Camera not focusing,Resolved,12
WC005295,CUST012374,P0130,ST0023,2025-04-22,2025-05-15,Screen flickering,Resolved,12
WC000250,CUST031441,P0076,ST0048,2024-08-24,2025-05-16,Software update issue,Resolved,12
WC004094,CUST038512,P0505,ST0052,2024-12-27,2025-05-16,Network/SIM issue,Resolved,12
WC005266,CUST039756,P0180,ST0024,2025-02-13,2025-05-16,Battery draining fast,Pending Pickup,12
WC005630,CUST002761,P0540,ST0058,2024-05-26,2025-05-16,Software update issue,Pending Pickup,12
WC001678,CUST012322,P0146,ST0012,2025-01-06,2025-05-17,Overheating during use,Resolved,12
WC001739,CUST033142,P0083,ST0040,2023-11-28,2025-05-17,Camera not focusing,Replaced,24
WC002957,CUST009978,P0369,ST0050,2024-09-01,2025-05-17,Water damage,Resolved,12
WC004353,CUST029417,P0015,ST0002,2025-01-07,2025-05-17,Software update issue,Resolved,12
WC004853,CUST037070,P0016,ST0052,2024-12-09,2025-05-17,Software update issue,Resolved,12
WC005190,CUST000050,P0110,ST0045,2024-07-21,2025-05-17,Overheating during use,Pending Pickup,12
WC000366,CUST017325,P0322,ST0047,2023-11-04,2025-05-18,Water damage,Rejected - Out of Warranty,24
WC001008,CUST033210,P0040,ST0057,2024-08-26,2025-05-18,Camera not focusing,Resolved,12
WC001552,CUST038020,P0497,ST0009,2024-07-24,2025-05-18,Speaker/mic not working,Replaced,12
WC002322,CUST039173,P0230,ST0051,2025-01-31,2025-05-18,Camera not focusing,Pending Pickup,12
WC003358,CUST004917,P0394,ST0025,2024-08-08,2025-05-18,Network/SIM issue,Resolved,12
WC004677,CUST038324,P0099,ST0043,2023-12-25,2025-05-18,Water damage,Resolved,24
WC004942,CUST020611,P0244,ST0003,2025-01-22,2025-05-18,Camera not focusing,Pending Pickup,12
WC000058,CUST015376,P0338,ST0022,2024-10-17,2025-05-19,Network/SIM issue,Resolved,12
WC001814,CUST045789,P0358,ST0033,2025-04-16,2025-05-19,Software update issue,Resolved,24
WC003267,CUST048029,P0037,ST0028,2024-06-30,2025-05-19,Software update issue,In Progress,12
WC003714,CUST029551,P0163,ST0058,2023-06-04,2025-05-19,Overheating during use,Replaced,24
WC003984,CUST035038,P0196,ST0038,2024-12-19,2025-05-19,Charging port not working,Resolved,12
WC004166,CUST007617,P0510,ST0009,2025-02-25,2025-05-19,Physical damage - screen crack,Resolved,12
WC005111,CUST003289,P0504,ST0033,2024-11-22,2025-05-19,Network/SIM issue,Pending Pickup,12
WC001564,CUST035132,P0117,ST0046,2024-11-27,2025-05-20,Water damage,In Progress,12
WC002166,CUST002127,P0582,ST0056,2024-09-26,2025-05-20,Software update issue,Pending Pickup,24
WC003356,CUST027639,P0197,ST0015,2025-02-10,2025-05-20,Camera not focusing,In Progress,12
WC003533,CUST006982,P0568,ST0054,2024-09-10,2025-05-20,Camera not focusing,Resolved,12
WC004114,CUST002844,P0366,ST0008,2024-06-29,2025-05-20,Charging port not working,Pending Pickup,12
WC004504,CUST045549,P0301,ST0034,2024-08-12,2025-05-20,Physical damage - screen crack,Resolved,12
WC005367,CUST034221,P0038,ST0001,2023-11-26,2025-05-20,Overheating during use,Rejected - Out of Warranty,24
WC000091,CUST003998,P0183,ST0037,2025-05-08,2025-05-21,Overheating during use,Pending Pickup,12
WC000465,CUST009919,P0468,ST0039,2024-06-26,2025-05-21,Physical damage - screen crack,Resolved,12
WC000845,CUST045413,P0300,ST0041,2025-05-19,2025-05-21,Screen flickering,Replaced,12
WC001703,CUST009486,P0366,ST0052,2025-04-05,2025-05-21,Overheating during use,Rejected - Out of Warranty,12
WC001963,CUST017699,P0414,ST0060,2025-02-15,2025-05-21,Network/SIM issue,Resolved,12
WC005976,CUST024158,P0523,ST0002,2024-08-19,2025-05-21,Physical damage - screen crack,Resolved,12
WC000469,CUST016946,P0561,ST0046,2024-06-21,2025-05-22,Software update issue,Resolved,12
WC003070,CUST020396,P0276,ST0020,2024-12-04,2025-05-22,Charging port not working,Resolved,24
WC004054,CUST036866,P0274,ST0051,2024-09-17,2025-05-22,Screen flickering,Resolved,12
WC004850,CUST016822,P0276,ST0044,2024-12-08,2025-05-22,Overheating during use,In Progress,24
WC002883,CUST040259,P0390,ST0023,2025-05-17,2025-05-23,Physical damage - screen crack,Resolved,12
WC000283,CUST041409,P0220,ST0020,2024-08-31,2025-05-24,Camera not focusing,Resolved,12
WC001230,CUST005332,P0523,ST0041,2024-08-14,2025-05-24,Water damage,Resolved,12
WC002050,CUST042237,P0219,ST0010,2025-02-02,2025-05-24,Battery draining fast,Rejected - Out of Warranty,12
WC003680,CUST034389,P0044,ST0002,2025-01-25,2025-05-24,Camera not focusing,Rejected - Out of Warranty,12
WC005731,CUST042545,P0060,ST0007,2025-03-04,2025-05-24,Speaker/mic not working,Resolved,12
WC000202,CUST022395,P0005,ST0023,2024-11-28,2025-05-25,Screen flickering,Resolved,24
WC001022,CUST031833,P0163,ST0059,2023-08-12,2025-05-25,Water damage,Resolved,24
WC001349,CUST039635,P0082,ST0013,2024-06-21,2025-05-25,Speaker/mic not working,In Progress,12
WC001470,CUST009164,P0225,ST0045,2024-10-25,2025-05-25,Software update issue,In Progress,12
WC002611,CUST022102,P0145,ST0052,2024-12-22,2025-05-25,Charging port not working,Replaced,12
WC004604,CUST009536,P0400,ST0057,2024-10-19,2025-05-25,Speaker/mic not working,In Progress,12
WC005568,CUST030734,P0051,ST0012,2024-08-06,2025-05-25,Network/SIM issue,Pending Pickup,12
WC005740,CUST026434,P0121,ST0007,2025-03-10,2025-05-25,Physical damage - screen crack,Resolved,12
WC001913,CUST005711,P0126,ST0010,2024-03-10,2025-05-26,Screen flickering,Pending Pickup,24
WC002201,CUST035446,P0020,ST0008,2025-04-21,2025-05-26,Charging port not working,Replaced,12
WC005152,CUST012366,P0400,ST0021,2024-09-23,2025-05-26,Camera not focusing,In Progress,12
WC000944,CUST029219,P0439,ST0009,2025-01-30,2025-05-27,Software update issue,In Progress,12
WC000998,CUST034231,P0338,ST0060,2025-03-11,2025-05-27,Software update issue,Resolved,12
WC002629,CUST005529,P0152,ST0059,2024-06-22,2025-05-27,Camera not focusing,Resolved,12
WC003499,CUST016166,P0455,ST0041,2024-07-18,2025-05-27,Screen flickering,Rejected - Out of Warranty,12
WC005241,CUST031647,P0221,ST0009,2024-12-31,2025-05-27,Charging port not working,Rejected - Out of Warranty,12
WC005862,CUST009763,P0148,ST0001,2025-05-16,2025-05-27,Physical damage - screen crack,Resolved,12
WC005954,CUST015205,P0054,ST0044,2024-06-27,2025-05-27,Network/SIM issue,Pending Pickup,12
WC000791,CUST032567,P0162,ST0021,2025-04-08,2025-05-28,Charging port not working,Rejected - Out of Warranty,24
WC000983,CUST002036,P0393,ST0012,2025-04-02,2025-05-28,Battery draining fast,Pending Pickup,12
WC002814,CUST048191,P0351,ST0058,2024-10-05,2025-05-28,Screen flickering,Pending Pickup,12
WC002899,CUST014689,P0112,ST0021,2025-04-02,2025-05-28,Overheating during use,Resolved,12
WC005103,CUST040911,P0104,ST0020,2024-09-09,2025-05-28,Water damage,Pending Pickup,12
WC005538,CUST019068,P0153,ST0027,2024-12-20,2025-05-28,Speaker/mic not working,Resolved,12
WC000427,CUST010062,P0542,ST0057,2025-03-03,2025-05-29,Water damage,Rejected - Out of Warranty,12
WC003386,CUST033665,P0318,ST0012,2024-07-20,2025-05-29,Physical damage - screen crack,In Progress,12
WC003821,CUST006474,P0181,ST0011,2025-01-09,2025-05-29,Battery draining fast,Replaced,12
WC000132,CUST014370,P0032,ST0014,2025-03-03,2025-05-30,Software update issue,Rejected - Out of Warranty,12
WC001682,CUST028506,P0485,ST0009,2024-12-28,2025-05-30,Overheating during use,Pending Pickup,12
WC001829,CUST033626,P0568,ST0020,2024-10-05,2025-05-30,Network/SIM issue,Replaced,12
WC002616,CUST036209,P0104,ST0029,2025-05-10,2025-05-30,Speaker/mic not working,In Progress,12
WC003954,CUST047911,P0158,ST0011,2025-01-12,2025-05-30,Overheating during use,Resolved,24
WC000680,CUST026594,P0315,ST0060,2024-12-06,2025-05-31,Software update issue,Rejected - Out of Warranty,12
WC001132,CUST013774,P0349,ST0042,2024-10-03,2025-05-31,Battery draining fast,Resolved,24
WC003658,CUST041539,P0306,ST0053,2024-09-10,2025-05-31,Charging port not working,Pending Pickup,12
WC004517,CUST025223,P0385,ST0020,2024-11-11,2025-05-31,Speaker/mic not working,Resolved,12
WC005212,CUST021003,P0134,ST0057,2025-02-10,2025-05-31,Network/SIM issue,In Progress,12
WC002008,CUST006210,P0473,ST0008,2024-07-10,2025-06-01,Screen flickering,Resolved,12
WC002661,CUST032625,P0205,ST0030,2024-07-09,2025-06-01,Speaker/mic not working,Resolved,12
WC003625,CUST045372,P0417,ST0057,2025-02-21,2025-06-01,Charging port not working,Pending Pickup,12
WC004556,CUST019098,P0142,ST0039,2025-03-18,2025-06-01,Camera not focusing,Pending Pickup,12
WC004979,CUST015543,P0250,ST0036,2025-03-09,2025-06-01,Battery draining fast,Resolved,12
WC005683,CUST040876,P0126,ST0056,2023-11-07,2025-06-01,Screen flickering,Resolved,24
WC005920,CUST008575,P0413,ST0036,2024-11-09,2025-06-01,Speaker/mic not working,In Progress,12
WC001188,CUST042323,P0576,ST0039,2025-02-26,2025-06-02,Software update issue,Resolved,12
WC001269,CUST002086,P0236,ST0033,2024-12-25,2025-06-02,Water damage,Resolved,12
WC003032,CUST015315,P0479,ST0025,2024-07-26,2025-06-02,Screen flickering,Resolved,12
WC004640,CUST040779,P0179,ST0033,2024-08-02,2025-06-02,Battery draining fast,Replaced,12
WC005300,CUST049063,P0277,ST0042,2024-11-29,2025-06-02,Water damage,Pending Pickup,12
WC005433,CUST016568,P0479,ST0013,2024-10-12,2025-06-02,Battery draining fast,Replaced,12
WC005993,CUST019493,P0569,ST0047,2024-12-21,2025-06-02,Software update issue,In Progress,12
WC000184,CUST046703,P0180,ST0020,2024-10-02,2025-06-03,Software update issue,Replaced,12
WC000497,CUST015514,P0268,ST0003,2024-10-04,2025-06-03,Software update issue,In Progress,12
WC001685,CUST022147,P0498,ST0026,2024-06-09,2025-06-03,Screen flickering,Pending Pickup,12
WC004035,CUST017077,P0427,ST0028,2025-04-17,2025-06-03,Physical damage - screen crack,Resolved,12
WC005104,CUST019407,P0466,ST0005,2025-03-19,2025-06-03,Physical damage - screen crack,Replaced,12
WC000073,CUST032392,P0086,ST0049,2025-03-15,2025-06-04,Water damage,Pending Pickup,12
WC001910,CUST044279,P0325,ST0010,2025-01-04,2025-06-04,Screen flickering,Rejected - Out of Warranty,24
WC003225,CUST035051,P0139,ST0060,2024-07-19,2025-06-04,Overheating during use,Resolved,24
WC004614,CUST026798,P0316,ST0046,2024-10-24,2025-06-04,Screen flickering,Pending Pickup,12
WC005309,CUST021385,P0174,ST0026,2025-05-11,2025-06-04,Physical damage - screen crack,In Progress,12
WC000054,CUST030996,P0136,ST0029,2025-03-19,2025-06-05,Network/SIM issue,Replaced,12
WC000662,CUST043543,P0014,ST0033,2024-09-20,2025-06-05,Software update issue,Replaced,12
WC001045,CUST045660,P0102,ST0003,2025-01-02,2025-06-05,Software update issue,Resolved,12
WC002445,CUST016064,P0261,ST0006,2024-07-19,2025-06-05,Network/SIM issue,Pending Pickup,12
WC002577,CUST029169,P0166,ST0056,2025-04-02,2025-06-05,Battery draining fast,Rejected - Out of Warranty,12
WC003080,CUST027692,P0382,ST0053,2024-11-09,2025-06-05,Screen flickering,Resolved,12
WC004364,CUST020887,P0288,ST0059,2025-02-25,2025-06-05,Speaker/mic not working,Rejected - Out of Warranty,12
WC004431,CUST003613,P0075,ST0027,2024-07-11,2025-06-05,Battery draining fast,Resolved,12
WC005983,CUST031417,P0356,ST0053,2024-10-26,2025-06-05,Overheating during use,Replaced,12
WC000589,CUST020051,P0417,ST0048,2025-01-23,2025-06-06,Software update issue,In Progress,12
WC004472,CUST017640,P0137,ST0036,2025-03-20,2025-06-06,Charging port not working,Resolved,12
WC004553,CUST024815,P0563,ST0023,2024-10-15,2025-06-06,Overheating during use,In Progress,24
WC005021,CUST020707,P0565,ST0051,2024-07-13,2025-06-06,Battery draining fast,Resolved,12
WC001467,CUST025857,P0319,ST0059,2025-02-15,2025-06-07,Physical damage - screen crack,Resolved,12
WC001667,CUST024208,P0076,ST0001,2024-09-14,2025-06-07,Physical damage - screen crack,In Progress,12
WC002357,CUST007635,P0383,ST0056,2024-12-17,2025-06-07,Speaker/mic not working,In Progress,24
WC002848,CUST020804,P0021,ST0052,2024-12-30,2025-06-07,Camera not focusing,Resolved,12
WC004088,CUST039177,P0192,ST0047,2024-12-17,2025-06-07,Camera not focusing,Pending Pickup,12
WC004692,CUST002433,P0080,ST0034,2025-04-13,2025-06-07,Speaker/mic not working,Resolved,12
WC002129,CUST029747,P0072,ST0058,2025-06-02,2025-06-08,Network/SIM issue,Replaced,12
WC004591,CUST033016,P0359,ST0044,2025-03-07,2025-06-08,Physical damage - screen crack,In Progress,12
WC004781,CUST033675,P0054,ST0059,2024-09-24,2025-06-08,Network/SIM issue,Resolved,12
WC002484,CUST016027,P0108,ST0042,2025-01-08,2025-06-09,Software update issue,Rejected - Out of Warranty,12
WC003369,CUST031618,P0533,ST0001,2024-12-26,2025-06-09,Speaker/mic not working,Replaced,12
WC003420,CUST014694,P0437,ST0046,2024-09-04,2025-06-09,Network/SIM issue,In Progress,12
WC004966,CUST046972,P0498,ST0047,2024-09-29,2025-06-09,Software update issue,Replaced,12
WC000334,CUST004087,P0266,ST0008,2024-12-05,2025-06-10,Charging port not working,Resolved,12
WC001271,CUST039088,P0489,ST0015,2024-01-04,2025-06-10,Camera not focusing,Resolved,24
WC001373,CUST022105,P0230,ST0028,2024-12-06,2025-06-10,Water damage,Pending Pickup,12
WC001655,CUST048946,P0195,ST0046,2024-07-17,2025-06-10,Battery draining fast,In Progress,12
WC002395,CUST032203,P0330,ST0017,2024-10-28,2025-06-10,Network/SIM issue,Rejected - Out of Warranty,12
WC003394,CUST027216,P0242,ST0055,2024-10-26,2025-06-10,Charging port not working,Replaced,12
WC003491,CUST047059,P0428,ST0041,2024-10-20,2025-06-10,Software update issue,Resolved,12
WC000763,CUST028022,P0471,ST0042,2025-05-09,2025-06-11,Screen flickering,Replaced,12
WC000976,CUST043427,P0159,ST0044,2025-03-04,2025-06-11,Speaker/mic not working,In Progress,12
WC001086,CUST006747,P0551,ST0058,2024-11-07,2025-06-11,Camera not focusing,Pending Pickup,12
WC002076,CUST044841,P0528,ST0028,2025-03-01,2025-06-11,Camera not focusing,Resolved,24
WC004628,CUST044065,P0055,ST0014,2024-06-27,2025-06-11,Software update issue,Pending Pickup,12
WC005900,CUST001918,P0270,ST0014,2024-12-19,2025-06-11,Speaker/mic not working,Replaced,12
WC000521,CUST022431,P0412,ST0007,2024-12-22,2025-06-12,Software update issue,In Progress,12
WC000822,CUST014525,P0558,ST0030,2025-01-16,2025-06-12,Camera not focusing,Pending Pickup,12
WC001261,CUST008699,P0116,ST0021,2025-05-26,2025-06-12,Water damage,Resolved,12
WC002818,CUST033386,P0437,ST0001,2025-06-04,2025-06-12,Screen flickering,Replaced,12
WC003651,CUST036548,P0021,ST0037,2024-10-25,2025-06-12,Software update issue,Pending Pickup,12
WC004259,CUST047469,P0071,ST0032,2024-11-15,2025-06-12,Screen flickering,Pending Pickup,12
WC004797,CUST044184,P0500,ST0037,2024-11-04,2025-06-12,Screen flickering,In Progress,12
WC005654,CUST038249,P0597,ST0019,2024-08-18,2025-06-12,Water damage,Pending Pickup,12
WC005791,CUST019471,P0002,ST0052,2024-12-24,2025-06-12,Camera not focusing,Pending Pickup,12
WC002323,CUST024821,P0106,ST0047,2025-01-13,2025-06-13,Camera not focusing,Resolved,12
WC003120,CUST035452,P0017,ST0024,2025-02-23,2025-06-13,Software update issue,Replaced,12
WC004963,CUST013874,P0086,ST0026,2025-01-09,2025-06-13,Screen flickering,Pending Pickup,12
WC005463,CUST033379,P0589,ST0027,2024-08-20,2025-06-13,Charging port not working,Pending Pickup,12
WC005687,CUST042168,P0591,ST0001,2024-08-13,2025-06-13,Speaker/mic not working,Rejected - Out of Warranty,12
WC000392,CUST049977,P0460,ST0016,2025-01-02,2025-06-14,Charging port not working,Resolved,12
WC001121,CUST023921,P0051,ST0044,2025-02-15,2025-06-14,Physical damage - screen crack,In Progress,12
WC001980,CUST036988,P0373,ST0031,2025-02-09,2025-06-14,Camera not focusing,In Progress,12
WC002735,CUST034823,P0024,ST0055,2024-12-22,2025-06-14,Battery draining fast,Resolved,12
WC002873,CUST011403,P0279,ST0005,2025-02-25,2025-06-14,Speaker/mic not working,Resolved,12
WC003042,CUST023664,P0380,ST0055,2025-02-06,2025-06-14,Charging port not working,Pending Pickup,12
WC003184,CUST038793,P0098,ST0040,2024-12-20,2025-06-14,Speaker/mic not working,Replaced,12
WC003258,CUST013833,P0596,ST0007,2024-07-02,2025-06-14,Screen flickering,Pending Pickup,12
WC003631,CUST038175,P0126,ST0056,2024-04-28,2025-06-14,Water damage,Replaced,24
WC003801,CUST023781,P0089,ST0005,2024-10-27,2025-06-14,Charging port not working,Resolved,12
WC005047,CUST040597,P0584,ST0049,2024-08-12,2025-06-15,Overheating during use,Replaced,12
WC000367,CUST017216,P0178,ST0005,2024-12-18,2025-06-16,Camera not focusing,In Progress,24
WC003806,CUST043186,P0300,ST0050,2025-05-24,2025-06-16,Water damage,Resolved,12
WC004935,CUST027942,P0174,ST0058,2024-07-02,2025-06-16,Camera not focusing,Rejected - Out of Warranty,12
WC000387,CUST005337,P0253,ST0036,2024-06-28,2025-06-17,Charging port not working,Resolved,12
WC003154,CUST041976,P0065,ST0020,2025-01-14,2025-06-17,Network/SIM issue,Resolved,12
WC003616,CUST047977,P0515,ST0001,2025-01-18,2025-06-17,Physical damage - screen crack,Pending Pickup,12
WC003922,CUST023451,P0179,ST0011,2025-04-14,2025-06-17,Water damage,Rejected - Out of Warranty,12
WC005838,CUST039054,P0294,ST0020,2025-02-02,2025-06-17,Screen flickering,Resolved,12
WC000020,CUST040879,P0386,ST0056,2025-03-04,2025-06-18,Water damage,Resolved,12
WC000571,CUST027267,P0039,ST0031,2024-08-19,2025-06-18,Software update issue,Resolved,12
WC000779,CUST035479,P0227,ST0046,2024-11-22,2025-06-18,Speaker/mic not working,In Progress,24
WC001196,CUST006678,P0070,ST0032,2024-10-13,2025-06-18,Speaker/mic not working,Resolved,12
WC001484,CUST002423,P0311,ST0047,2024-08-24,2025-06-18,Charging port not working,Resolved,12
WC002029,CUST044521,P0328,ST0007,2025-05-01,2025-06-18,Overheating during use,In Progress,12
WC003508,CUST027523,P0182,ST0041,2025-02-26,2025-06-18,Software update issue,In Progress,12
WC003659,CUST000250,P0549,ST0002,2025-01-31,2025-06-18,Network/SIM issue,Resolved,12
WC004265,CUST015033,P0041,ST0013,2025-03-30,2025-06-18,Software update issue,Rejected - Out of Warranty,12
WC000406,CUST032390,P0498,ST0020,2025-02-14,2025-06-19,Charging port not working,In Progress,12
WC002318,CUST012965,P0127,ST0045,2024-12-10,2025-06-19,Physical damage - screen crack,In Progress,12
WC004959,CUST031425,P0565,ST0036,2025-02-20,2025-06-19,Water damage,In Progress,12
WC000181,CUST015501,P0336,ST0039,2025-01-24,2025-06-20,Camera not focusing,Resolved,12
WC002436,CUST017677,P0092,ST0014,2025-05-01,2025-06-20,Charging port not working,Resolved,12
WC002499,CUST005182,P0320,ST0052,2024-12-10,2025-06-20,Screen flickering,Resolved,12
WC003771,CUST010194,P0597,ST0028,2025-01-30,2025-06-20,Battery draining fast,Resolved,12
WC004156,CUST008549,P0367,ST0031,2025-06-08,2025-06-20,Physical damage - screen crack,Resolved,12
WC005305,CUST029995,P0205,ST0010,2024-12-14,2025-06-20,Camera not focusing,Replaced,12
WC000338,CUST008589,P0358,ST0059,2024-05-22,2025-06-21,Battery draining fast,Rejected - Out of Warranty,24
WC001902,CUST004540,P0031,ST0004,2025-05-17,2025-06-21,Network/SIM issue,Rejected - Out of Warranty,12
WC002641,CUST034611,P0404,ST0016,2024-12-02,2025-06-21,Battery draining fast,Pending Pickup,12
WC002888,CUST002988,P0062,ST0049,2025-01-22,2025-06-21,Speaker/mic not working,Resolved,12
WC003033,CUST044906,P0027,ST0020,2025-01-21,2025-06-21,Overheating during use,Replaced,12
WC003376,CUST026494,P0065,ST0034,2024-07-20,2025-06-21,Charging port not working,Resolved,12
WC005659,CUST020168,P0408,ST0023,2024-12-05,2025-06-21,Battery draining fast,In Progress,12
WC005772,CUST042465,P0547,ST0045,2024-10-11,2025-06-21,Overheating during use,Resolved,12
WC000576,CUST014344,P0364,ST0046,2023-12-25,2025-06-22,Software update issue,Pending Pickup,24
WC005374,CUST031421,P0382,ST0058,2024-11-29,2025-06-22,Water damage,In Progress,12
WC005803,CUST003168,P0533,ST0015,2024-10-22,2025-06-22,Speaker/mic not working,Rejected - Out of Warranty,12
WC005854,CUST026808,P0067,ST0023,2025-05-04,2025-06-22,Water damage,Replaced,12
WC000306,CUST024362,P0111,ST0001,2024-09-14,2025-06-23,Camera not focusing,Resolved,12
WC003389,CUST033890,P0597,ST0053,2024-08-28,2025-06-23,Screen flickering,Pending Pickup,12
WC003588,CUST004119,P0508,ST0015,2024-10-08,2025-06-23,Screen flickering,Pending Pickup,12
WC004071,CUST006655,P0132,ST0056,2024-10-04,2025-06-23,Overheating during use,Resolved,12
WC004972,CUST030715,P0137,ST0001,2025-06-11,2025-06-23,Charging port not working,Resolved,12
WC005640,CUST011286,P0600,ST0028,2025-06-10,2025-06-23,Network/SIM issue,Resolved,12
WC000389,CUST032186,P0114,ST0039,2025-01-22,2025-06-24,Battery draining fast,Resolved,12
WC001305,CUST009820,P0140,ST0030,2025-03-04,2025-06-24,Battery draining fast,Pending Pickup,12
WC001686,CUST036815,P0031,ST0059,2024-10-27,2025-06-24,Speaker/mic not working,Resolved,12
WC002372,CUST033518,P0142,ST0053,2024-10-06,2025-06-24,Speaker/mic not working,In Progress,12
WC004072,CUST006600,P0210,ST0059,2024-07-17,2025-06-24,Screen flickering,In Progress,12
WC000675,CUST045513,P0244,ST0051,2024-09-16,2025-06-25,Camera not focusing,Resolved,12
WC002791,CUST017975,P0006,ST0006,2025-04-19,2025-06-25,Charging port not working,Pending Pickup,24
WC004208,CUST019109,P0048,ST0008,2024-07-01,2025-06-25,Overheating during use,Pending Pickup,12
WC004914,CUST036744,P0106,ST0002,2024-11-19,2025-06-25,Screen flickering,Resolved,12
WC005505,CUST028787,P0476,ST0029,2024-09-18,2025-06-25,Screen flickering,Replaced,24
WC000182,CUST022483,P0373,ST0014,2024-12-12,2025-06-26,Camera not focusing,Rejected - Out of Warranty,12
WC000242,CUST046570,P0348,ST0002,2025-03-15,2025-06-26,Battery draining fast,Replaced,12
WC002576,CUST021751,P0237,ST0017,2025-05-13,2025-06-26,Speaker/mic not working,Resolved,12
WC003345,CUST032979,P0441,ST0035,2025-01-21,2025-06-26,Charging port not working,Replaced,12
WC003859,CUST041316,P0551,ST0032,2024-12-18,2025-06-26,Overheating during use,In Progress,12
WC004034,CUST046032,P0173,ST0030,2025-01-20,2025-06-26,Network/SIM issue,In Progress,12
WC005710,CUST019375,P0153,ST0060,2025-01-12,2025-06-26,Software update issue,Replaced,12
WC001638,CUST030063,P0035,ST0004,2025-02-09,2025-06-27,Network/SIM issue,Pending Pickup,12
WC002424,CUST049746,P0493,ST0018,2024-12-19,2025-06-27,Physical damage - screen crack,Rejected - Out of Warranty,12
WC003755,CUST023886,P0035,ST0004,2025-02-10,2025-06-27,Network/SIM issue,Resolved,12
WC004927,CUST036478,P0419,ST0037,2025-03-09,2025-06-27,Network/SIM issue,Resolved,12
WC005985,CUST037232,P0020,ST0042,2024-09-28,2025-06-27,Water damage,Pending Pickup,12
WC001588,CUST011425,P0065,ST0015,2024-12-27,2025-06-28,Physical damage - screen crack,Resolved,12
WC002355,CUST001499,P0508,ST0009,2025-02-24,2025-06-28,Water damage,Rejected - Out of Warranty,12
WC005844,CUST040004,P0330,ST0032,2025-01-01,2025-06-28,Speaker/mic not working,Pending Pickup,12
WC004218,CUST012081,P0457,ST0050,2024-12-28,2025-06-29,Screen flickering,Resolved,12
WC005404,CUST045973,P0136,ST0007,2025-02-20,2025-06-29,Physical damage - screen crack,Resolved,12
WC005874,CUST006015,P0574,ST0035,2024-09-10,2025-06-29,Overheating during use,Pending Pickup,12
WC001151,CUST016817,P0374,ST0034,2025-06-26,2025-06-30,Charging port not working,Resolved,12
WC001728,CUST008512,P0400,ST0034,2024-08-08,2025-06-30,Charging port not working,Resolved,12
WC002229,CUST049326,P0363,ST0003,2024-12-08,2025-06-30,Camera not focusing,Rejected - Out of Warranty,12
WC002694,CUST029603,P0128,ST0044,2025-03-05,2025-06-30,Battery draining fast,Replaced,12
WC005728,CUST044065,P0516,ST0016,2025-02-16,2025-06-30,Screen flickering,Pending Pickup,12
WC000778,CUST007931,P0281,ST0053,2024-11-23,2025-07-01,Water damage,In Progress,12
WC001417,CUST041658,P0269,ST0038,2024-08-08,2025-07-01,Speaker/mic not working,Rejected - Out of Warranty,12
WC004750,CUST018693,P0521,ST0060,2024-09-28,2025-07-01,Speaker/mic not working,Pending Pickup,12
WC004891,CUST014829,P0259,ST0033,2025-02-24,2025-07-01,Software update issue,Rejected - Out of Warranty,24
WC005434,CUST041088,P0136,ST0002,2024-11-30,2025-07-01,Physical damage - screen crack,Pending Pickup,12
WC000033,CUST024965,P0147,ST0037,2024-11-19,2025-07-02,Speaker/mic not working,Resolved,12
WC000757,CUST016004,P0449,ST0022,2025-04-27,2025-07-02,Battery draining fast,Rejected - Out of Warranty,12
WC001615,CUST023131,P0331,ST0042,2024-12-17,2025-07-02,Battery draining fast,Rejected - Out of Warranty,12
WC002290,CUST048173,P0144,ST0051,2024-11-18,2025-07-02,Speaker/mic not working,Replaced,12
WC003123,CUST016386,P0338,ST0014,2024-10-20,2025-07-02,Screen flickering,Resolved,12
WC004658,CUST046396,P0327,ST0018,2025-02-18,2025-07-02,Battery draining fast,Resolved,12
WC005341,CUST001826,P0532,ST0042,2025-01-05,2025-07-02,Screen flickering,Resolved,12
WC001038,CUST012932,P0272,ST0005,2025-02-14,2025-07-03,Battery draining fast,Rejected - Out of Warranty,12
WC001441,CUST011828,P0534,ST0025,2023-07-20,2025-07-03,Screen flickering,Resolved,24
WC002288,CUST035811,P0567,ST0006,2024-07-11,2025-07-03,Network/SIM issue,Resolved,12
WC002548,CUST035501,P0165,ST0035,2024-08-07,2025-07-03,Battery draining fast,In Progress,12
WC004085,CUST042349,P0522,ST0018,2025-01-12,2025-07-03,Charging port not working,Resolved,12
WC004510,CUST013361,P0017,ST0019,2025-06-06,2025-07-03,Battery draining fast,Rejected - Out of Warranty,12
WC004857,CUST019041,P0575,ST0006,2025-01-24,2025-07-03,Screen flickering,Rejected - Out of Warranty,24
WC005220,CUST003067,P0574,ST0053,2025-01-17,2025-07-03,Speaker/mic not working,In Progress,12
WC005575,CUST004304,P0472,ST0020,2024-01-15,2025-07-03,Camera not focusing,Replaced,24
WC005950,CUST002164,P0088,ST0055,2025-02-25,2025-07-03,Water damage,Resolved,12
WC001066,CUST033083,P0600,ST0056,2024-09-17,2025-07-04,Charging port not working,Pending Pickup,12
WC001428,CUST005600,P0219,ST0051,2025-01-21,2025-07-04,Charging port not working,In Progress,12
WC002437,CUST010941,P0360,ST0033,2025-04-26,2025-07-04,Network/SIM issue,In Progress,12
WC003001,CUST033904,P0261,ST0038,2024-12-28,2025-07-04,Screen flickering,Pending Pickup,12
WC003490,CUST013901,P0582,ST0036,2024-05-29,2025-07-04,Network/SIM issue,Resolved,24
WC005625,CUST028657,P0332,ST0009,2025-05-18,2025-07-04,Charging port not working,Resolved,12
WC000349,CUST003472,P0587,ST0057,2024-12-17,2025-07-05,Water damage,Resolved,12
WC000960,CUST007878,P0391,ST0044,2025-05-07,2025-07-05,Charging port not working,Replaced,12
WC001380,CUST015172,P0128,ST0053,2024-08-14,2025-07-05,Screen flickering,Replaced,12
WC002099,CUST024600,P0225,ST0015,2024-12-29,2025-07-05,Camera not focusing,Resolved,12
WC003965,CUST043244,P0265,ST0048,2025-06-08,2025-07-05,Network/SIM issue,Resolved,12
WC004764,CUST039056,P0237,ST0031,2024-08-04,2025-07-05,Screen flickering,In Progress,12
WC004998,CUST025812,P0199,ST0046,2025-01-06,2025-07-05,Software update issue,Resolved,12
WC005385,CUST036491,P0547,ST0008,2025-03-25,2025-07-05,Speaker/mic not working,Resolved,12
WC005743,CUST029933,P0458,ST0049,2024-09-13,2025-07-05,Camera not focusing,Replaced,12
WC000053,CUST001402,P0422,ST0008,2025-02-03,2025-07-06,Network/SIM issue,Replaced,12
WC000496,CUST037019,P0060,ST0012,2024-09-21,2025-07-06,Network/SIM issue,Resolved,12
WC003492,CUST042383,P0561,ST0032,2025-03-18,2025-07-06,Overheating during use,Replaced,12
WC004766,CUST006179,P0163,ST0028,2024-12-30,2025-07-06,Camera not focusing,Replaced,24
WC000966,CUST036739,P0006,ST0019,2025-01-02,2025-07-07,Software update issue,Pending Pickup,24
WC001241,CUST012459,P0184,ST0048,2025-04-17,2025-07-07,Software update issue,Pending Pickup,12
WC000007,CUST034950,P0215,ST0003,2024-08-16,2025-07-08,Network/SIM issue,Pending Pickup,12
WC002584,CUST037154,P0559,ST0050,2024-03-02,2025-07-08,Software update issue,Pending Pickup,24
WC003488,CUST038590,P0188,ST0037,2024-05-19,2025-07-08,Charging port not working,In Progress,24
WC004336,CUST030281,P0097,ST0007,2025-04-25,2025-07-08,Overheating during use,Replaced,12
WC005697,CUST034012,P0204,ST0053,2025-05-27,2025-07-08,Water damage,Resolved,12
WC000864,CUST044375,P0230,ST0002,2024-09-14,2025-07-09,Screen flickering,In Progress,12
WC001378,CUST033933,P0230,ST0046,2025-01-04,2025-07-09,Charging port not working,Resolved,12
WC001819,CUST003437,P0101,ST0025,2025-02-07,2025-07-09,Network/SIM issue,In Progress,12
WC002152,CUST000816,P0078,ST0017,2024-11-28,2025-07-09,Software update issue,Rejected - Out of Warranty,12
WC002377,CUST026483,P0145,ST0008,2024-08-14,2025-07-09,Camera not focusing,Resolved,12
WC003792,CUST016322,P0424,ST0033,2024-11-14,2025-07-09,Physical damage - screen crack,Pending Pickup,12
WC004105,CUST032849,P0127,ST0048,2025-04-01,2025-07-09,Software update issue,Replaced,12
WC005275,CUST042151,P0194,ST0055,2025-01-15,2025-07-09,Camera not focusing,Pending Pickup,12
WC005982,CUST042974,P0219,ST0050,2024-09-02,2025-07-09,Physical damage - screen crack,Replaced,12
WC000215,CUST036700,P0138,ST0029,2025-02-25,2025-07-10,Software update issue,Resolved,12
WC002897,CUST027331,P0346,ST0008,2025-06-23,2025-07-10,Water damage,Replaced,12
WC004043,CUST013920,P0337,ST0049,2024-09-08,2025-07-10,Camera not focusing,Resolved,12
WC004272,CUST011918,P0241,ST0005,2024-09-10,2025-07-10,Overheating during use,Resolved,12
WC000892,CUST003724,P0422,ST0004,2025-01-08,2025-07-11,Charging port not working,Resolved,12
WC001191,CUST022489,P0200,ST0033,2024-10-15,2025-07-11,Battery draining fast,Resolved,24
WC002067,CUST006670,P0462,ST0038,2024-06-15,2025-07-11,Charging port not working,Rejected - Out of Warranty,24
WC002375,CUST012724,P0097,ST0014,2024-11-01,2025-07-11,Physical damage - screen crack,Resolved,12
WC005421,CUST032717,P0334,ST0009,2024-08-06,2025-07-11,Water damage,Resolved,12
WC001433,CUST001024,P0239,ST0028,2024-12-13,2025-07-12,Network/SIM issue,In Progress,12
WC002293,CUST004889,P0376,ST0045,2025-02-05,2025-07-12,Camera not focusing,In Progress,12
WC003010,CUST048167,P0487,ST0045,2024-12-14,2025-07-12,Screen flickering,Resolved,12
WC004968,CUST014254,P0146,ST0024,2024-12-17,2025-07-12,Screen flickering,Resolved,12
WC000410,CUST020105,P0160,ST0041,2024-09-30,2025-07-13,Software update issue,Resolved,12
WC002080,CUST005280,P0587,ST0014,2024-08-23,2025-07-13,Battery draining fast,Rejected - Out of Warranty,12
WC004440,CUST028990,P0223,ST0035,2025-02-08,2025-07-13,Network/SIM issue,Pending Pickup,12
WC004694,CUST039682,P0047,ST0039,2025-01-18,2025-07-13,Charging port not working,Resolved,12
WC005384,CUST003078,P0560,ST0053,2024-11-22,2025-07-13,Overheating during use,Pending Pickup,12
WC005681,CUST000125,P0261,ST0054,2024-09-30,2025-07-13,Network/SIM issue,Replaced,12
WC000449,CUST018739,P0122,ST0009,2024-11-07,2025-07-14,Water damage,Resolved,12
WC001137,CUST013331,P0107,ST0003,2024-08-09,2025-07-14,Battery draining fast,Resolved,12
WC001653,CUST011711,P0048,ST0005,2025-02-10,2025-07-14,Screen flickering,Resolved,12
WC005574,CUST045557,P0230,ST0034,2024-10-17,2025-07-14,Screen flickering,In Progress,12
WC000805,CUST004582,P0191,ST0019,2025-01-31,2025-07-15,Water damage,Resolved,12
WC001568,CUST033966,P0299,ST0058,2024-08-12,2025-07-15,Water damage,Replaced,12
WC002834,CUST015468,P0205,ST0047,2024-10-19,2025-07-15,Software update issue,Resolved,12
WC003109,CUST039624,P0013,ST0035,2024-09-05,2025-07-15,Water damage,Pending Pickup,12
WC005065,CUST032313,P0561,ST0037,2024-08-12,2025-07-15,Battery draining fast,Resolved,12
WC000987,CUST000596,P0093,ST0038,2025-04-18,2025-07-16,Screen flickering,Resolved,12
WC001764,CUST020288,P0269,ST0032,2025-03-22,2025-07-16,Network/SIM issue,Pending Pickup,12
WC003159,CUST041303,P0439,ST0020,2025-04-14,2025-07-16,Screen flickering,Resolved,12
WC004493,CUST041099,P0480,ST0058,2025-06-23,2025-07-16,Software update issue,In Progress,12
WC004864,CUST032446,P0199,ST0032,2024-08-16,2025-07-16,Network/SIM issue,In Progress,12
WC005170,CUST002116,P0387,ST0016,2024-12-30,2025-07-16,Battery draining fast,Resolved,12
WC000674,CUST006221,P0382,ST0022,2024-08-26,2025-07-17,Camera not focusing,Resolved,12
WC002055,CUST033658,P0100,ST0056,2024-07-24,2025-07-17,Physical damage - screen crack,Replaced,12
WC002789,CUST033912,P0118,ST0021,2024-10-29,2025-07-17,Software update issue,Resolved,12
WC003099,CUST001589,P0563,ST0027,2024-07-27,2025-07-17,Overheating during use,In Progress,24
WC003466,CUST038950,P0006,ST0041,2023-12-24,2025-07-17,Camera not focusing,Resolved,24
WC003676,CUST026694,P0043,ST0022,2024-09-19,2025-07-17,Physical damage - screen crack,Rejected - Out of Warranty,12
WC004264,CUST018375,P0116,ST0050,2024-12-05,2025-07-17,Software update issue,Resolved,12
WC001452,CUST040980,P0291,ST0058,2025-03-05,2025-07-18,Network/SIM issue,Pending Pickup,12
WC001770,CUST018285,P0073,ST0027,2025-03-08,2025-07-18,Software update issue,Resolved,12
WC001784,CUST044640,P0555,ST0043,2025-07-11,2025-07-18,Speaker/mic not working,Resolved,12
WC001871,CUST010379,P0325,ST0021,2024-03-09,2025-07-18,Camera not focusing,Replaced,24
WC002128,CUST009450,P0517,ST0019,2024-09-26,2025-07-18,Charging port not working,In Progress,12
WC002589,CUST015869,P0298,ST0031,2024-08-14,2025-07-18,Camera not focusing,Resolved,12
WC003011,CUST010660,P0296,ST0059,2025-06-02,2025-07-18,Camera not focusing,In Progress,12
WC004802,CUST043182,P0124,ST0028,2024-11-16,2025-07-18,Network/SIM issue,Replaced,24
WC000771,CUST017689,P0395,ST0009,2024-12-13,2025-07-19,Speaker/mic not working,Resolved,12
WC001107,CUST022086,P0590,ST0038,2024-11-21,2025-07-19,Software update issue,Resolved,12
WC002178,CUST006001,P0077,ST0034,2024-10-03,2025-07-19,Network/SIM issue,Replaced,12
WC005233,CUST027283,P0084,ST0048,2024-12-09,2025-07-19,Water damage,Resolved,12
WC005425,CUST038640,P0017,ST0055,2024-12-12,2025-07-19,Camera not focusing,Replaced,12
WC000487,CUST031516,P0236,ST0057,2025-07-18,2025-07-20,Camera not focusing,Resolved,12
WC004068,CUST041568,P0144,ST0013,2025-06-19,2025-07-20,Water damage,Resolved,12
WC004241,CUST026661,P0520,ST0005,2025-02-18,2025-07-20,Screen flickering,In Progress,12
WC000626,CUST034498,P0432,ST0024,2025-01-11,2025-07-21,Charging port not working,Replaced,12
WC001037,CUST036696,P0315,ST0053,2024-11-02,2025-07-21,Speaker/mic not working,Resolved,12
WC001249,CUST041911,P0491,ST0047,2025-01-13,2025-07-21,Screen flickering,Resolved,12
WC001266,CUST029186,P0021,ST0015,2024-12-05,2025-07-21,Physical damage - screen crack,Pending Pickup,12
WC002881,CUST006526,P0493,ST0033,2025-02-11,2025-07-21,Battery draining fast,Resolved,12
WC003059,CUST019843,P0266,ST0038,2024-11-05,2025-07-21,Overheating during use,Resolved,12
WC005746,CUST042385,P0157,ST0029,2025-01-15,2025-07-21,Network/SIM issue,Resolved,12
WC001139,CUST014638,P0077,ST0021,2025-06-04,2025-07-22,Charging port not working,Rejected - Out of Warranty,12
WC001546,CUST002418,P0036,ST0045,2025-03-06,2025-07-22,Overheating during use,Resolved,12
WC002195,CUST042062,P0252,ST0021,2025-01-05,2025-07-22,Screen flickering,Resolved,12
WC004337,CUST022173,P0116,ST0059,2024-11-29,2025-07-22,Overheating during use,Resolved,12
WC004831,CUST016413,P0117,ST0015,2025-03-02,2025-07-22,Battery draining fast,In Progress,12
WC005773,CUST031999,P0415,ST0024,2024-10-20,2025-07-22,Overheating during use,Pending Pickup,12
WC001471,CUST020994,P0512,ST0003,2024-09-02,2025-07-23,Network/SIM issue,In Progress,12
WC001510,CUST011073,P0075,ST0021,2025-02-01,2025-07-23,Water damage,Resolved,12
WC004841,CUST020044,P0060,ST0054,2025-04-15,2025-07-23,Software update issue,Resolved,12
WC003589,CUST030499,P0498,ST0001,2025-05-26,2025-07-24,Physical damage - screen crack,Resolved,12
WC000933,CUST004562,P0374,ST0010,2024-11-16,2025-07-25,Camera not focusing,Resolved,12
WC001762,CUST048577,P0558,ST0003,2024-12-18,2025-07-25,Overheating during use,Resolved,12
WC002097,CUST017591,P0553,ST0035,2025-04-07,2025-07-25,Network/SIM issue,Replaced,12
WC002853,CUST036126,P0247,ST0025,2025-05-31,2025-07-25,Software update issue,In Progress,12
WC005790,CUST035770,P0492,ST0014,2024-12-10,2025-07-25,Speaker/mic not working,Resolved,12
WC002485,CUST000994,P0083,ST0035,2024-04-20,2025-07-26,Water damage,Replaced,24
WC002634,CUST013476,P0152,ST0010,2024-10-01,2025-07-26,Software update issue,Resolved,12
WC003639,CUST004142,P0484,ST0052,2024-12-15,2025-07-26,Charging port not working,Replaced,12
WC004411,CUST022683,P0581,ST0022,2025-04-01,2025-07-26,Overheating during use,Rejected - Out of Warranty,12
WC005591,CUST043655,P0587,ST0011,2025-02-26,2025-07-26,Screen flickering,Resolved,12
WC000233,CUST049144,P0293,ST0044,2025-01-01,2025-07-27,Overheating during use,Resolved,24
WC000512,CUST029961,P0493,ST0034,2024-12-21,2025-07-27,Water damage,Resolved,12
WC000758,CUST023103,P0318,ST0053,2025-04-23,2025-07-27,Software update issue,Replaced,12
WC001041,CUST045618,P0090,ST0001,2024-08-31,2025-07-27,Water damage,Pending Pickup,12
WC002511,CUST003464,P0439,ST0016,2025-01-22,2025-07-27,Speaker/mic not working,In Progress,12
WC002832,CUST046828,P0144,ST0025,2025-03-09,2025-07-27,Speaker/mic not working,Resolved,12
WC002855,CUST025399,P0373,ST0043,2025-01-11,2025-07-27,Physical damage - screen crack,Resolved,12
WC005080,CUST042126,P0361,ST0010,2024-10-11,2025-07-27,Battery draining fast,Pending Pickup,12
WC005850,CUST030694,P0049,ST0003,2025-05-12,2025-07-27,Camera not focusing,Resolved,12
WC001012,CUST029636,P0457,ST0052,2025-03-31,2025-07-28,Speaker/mic not working,Resolved,12
WC001669,CUST044610,P0065,ST0030,2024-08-06,2025-07-28,Software update issue,Replaced,12
WC004323,CUST007968,P0190,ST0051,2024-11-13,2025-07-28,Camera not focusing,Replaced,12
WC004423,CUST026633,P0371,ST0014,2025-01-30,2025-07-28,Software update issue,Resolved,12
WC004693,CUST006412,P0571,ST0053,2024-09-02,2025-07-28,Charging port not working,Resolved,12
WC004733,CUST026662,P0070,ST0036,2025-06-06,2025-07-28,Speaker/mic not working,In Progress,12
WC005473,CUST039943,P0462,ST0023,2025-06-21,2025-07-28,Speaker/mic not working,Resolved,24
WC005812,CUST019184,P0396,ST0040,2024-09-18,2025-07-28,Battery draining fast,Resolved,12
WC000552,CUST012120,P0316,ST0050,2024-10-28,2025-07-29,Overheating during use,Resolved,12
WC000840,CUST004638,P0336,ST0058,2025-07-09,2025-07-29,Physical damage - screen crack,Replaced,12
WC001863,CUST003406,P0210,ST0030,2024-11-26,2025-07-29,Water damage,Pending Pickup,12
WC002524,CUST042153,P0532,ST0010,2025-06-04,2025-07-29,Water damage,Rejected - Out of Warranty,12
WC003774,CUST038445,P0550,ST0024,2024-12-05,2025-07-29,Charging port not working,Resolved,12
WC003852,CUST037632,P0008,ST0043,2024-09-23,2025-07-30,Software update issue,Pending Pickup,12
WC004333,CUST043571,P0292,ST0034,2024-08-30,2025-07-30,Speaker/mic not working,Resolved,12
WC000488,CUST005487,P0106,ST0058,2024-08-28,2025-07-31,Charging port not working,Resolved,12
WC000630,CUST005642,P0049,ST0036,2025-05-09,2025-07-31,Physical damage - screen crack,Resolved,12
WC001951,CUST035971,P0273,ST0007,2025-06-27,2025-07-31,Software update issue,Resolved,12
WC002062,CUST030653,P0229,ST0045,2024-08-22,2025-07-31,Screen flickering,Rejected - Out of Warranty,12
WC003869,CUST030756,P0264,ST0038,2025-04-12,2025-07-31,Water damage,Replaced,12
WC004007,CUST043524,P0384,ST0047,2025-06-14,2025-07-31,Water damage,Resolved,12
WC004316,CUST045215,P0519,ST0055,2025-06-30,2025-07-31,Physical damage - screen crack,Rejected - Out of Warranty,12
WC004629,CUST002418,P0098,ST0030,2024-08-18,2025-07-31,Water damage,Resolved,12
WC005292,CUST007981,P0542,ST0002,2025-05-17,2025-07-31,Speaker/mic not working,Resolved,12
WC005888,CUST004352,P0396,ST0032,2024-10-13,2025-07-31,Water damage,Resolved,12
WC000021,CUST040939,P0387,ST0054,2025-05-04,2025-08-01,Network/SIM issue,Resolved,12
WC002310,CUST017552,P0008,ST0042,2024-12-20,2025-08-01,Screen flickering,Resolved,12
WC003949,CUST043111,P0493,ST0043,2024-12-21,2025-08-01,Battery draining fast,In Progress,12
WC001161,CUST025004,P0081,ST0032,2024-02-27,2025-08-02,Software update issue,Resolved,24
WC001610,CUST012072,P0119,ST0037,2025-03-18,2025-08-02,Charging port not working,Rejected - Out of Warranty,12
WC005200,CUST017342,P0020,ST0030,2025-03-25,2025-08-02,Camera not focusing,Resolved,12
WC005251,CUST000496,P0380,ST0023,2025-07-19,2025-08-02,Overheating during use,Rejected - Out of Warranty,12
WC005288,CUST012622,P0531,ST0052,2025-05-31,2025-08-02,Overheating during use,Resolved,12
WC005347,CUST029864,P0137,ST0059,2024-12-05,2025-08-02,Overheating during use,Resolved,12
WC005607,CUST020263,P0531,ST0041,2025-02-07,2025-08-02,Software update issue,Resolved,12
WC000909,CUST004452,P0330,ST0014,2025-04-24,2025-08-03,Battery draining fast,Rejected - Out of Warranty,12
WC001534,CUST026810,P0525,ST0005,2024-12-23,2025-08-03,Battery draining fast,Replaced,24
WC003230,CUST012584,P0138,ST0001,2025-03-18,2025-08-03,Water damage,Replaced,12
WC003463,CUST015316,P0152,ST0002,2025-05-06,2025-08-03,Software update issue,Rejected - Out of Warranty,12
WC003498,CUST004808,P0562,ST0060,2025-04-23,2025-08-03,Battery draining fast,Resolved,12
WC005569,CUST048842,P0366,ST0034,2024-11-25,2025-08-03,Overheating during use,Resolved,12
WC001053,CUST024276,P0439,ST0055,2025-04-10,2025-08-04,Battery draining fast,Pending Pickup,12
WC001620,CUST026070,P0510,ST0022,2024-11-18,2025-08-04,Screen flickering,In Progress,12
WC003296,CUST036079,P0594,ST0056,2025-03-09,2025-08-04,Physical damage - screen crack,Replaced,12
WC003335,CUST036348,P0188,ST0020,2024-03-29,2025-08-04,Physical damage - screen crack,Resolved,24
WC004483,CUST028943,P0237,ST0013,2025-01-24,2025-08-04,Battery draining fast,Resolved,12
WC005056,CUST008189,P0369,ST0029,2024-08-25,2025-08-04,Software update issue,Resolved,12
WC005539,CUST047664,P0213,ST0044,2025-01-03,2025-08-04,Software update issue,Replaced,12
WC000358,CUST017488,P0160,ST0020,2025-07-16,2025-08-05,Software update issue,Resolved,12
WC001974,CUST027886,P0451,ST0007,2024-09-21,2025-08-05,Network/SIM issue,Rejected - Out of Warranty,12
WC002164,CUST040023,P0588,ST0051,2025-07-30,2025-08-05,Physical damage - screen crack,Resolved,12
WC002937,CUST011603,P0337,ST0025,2025-06-05,2025-08-05,Camera not focusing,Pending Pickup,12
WC004327,CUST020817,P0104,ST0018,2024-11-14,2025-08-05,Software update issue,Replaced,12
WC004646,CUST015204,P0512,ST0052,2024-12-03,2025-08-05,Camera not focusing,Resolved,12
WC004688,CUST003272,P0192,ST0006,2024-09-12,2025-08-05,Software update issue,Resolved,12
WC000296,CUST026161,P0554,ST0040,2024-11-01,2025-08-06,Battery draining fast,Resolved,12
WC001363,CUST025293,P0322,ST0016,2025-01-19,2025-08-06,Water damage,Resolved,24
WC003228,CUST022348,P0088,ST0041,2025-04-17,2025-08-06,Network/SIM issue,Pending Pickup,12
WC003462,CUST043599,P0208,ST0007,2025-07-05,2025-08-06,Physical damage - screen crack,Rejected - Out of Warranty,12
WC004139,CUST040783,P0128,ST0004,2025-07-08,2025-08-06,Speaker/mic not working,Resolved,12
WC004771,CUST048063,P0454,ST0042,2024-09-03,2025-08-06,Network/SIM issue,In Progress,12
WC005057,CUST009793,P0013,ST0056,2024-11-04,2025-08-06,Network/SIM issue,Resolved,12
WC005669,CUST047952,P0347,ST0023,2024-11-25,2025-08-06,Screen flickering,Replaced,12
WC001277,CUST049484,P0296,ST0013,2024-12-02,2025-08-07,Battery draining fast,Pending Pickup,12
WC001474,CUST030113,P0567,ST0006,2024-12-22,2025-08-07,Battery draining fast,Resolved,12
WC001623,CUST037138,P0581,ST0018,2024-10-29,2025-08-07,Screen flickering,Resolved,12
WC003918,CUST045390,P0424,ST0048,2025-01-12,2025-08-07,Camera not focusing,Resolved,12
WC004494,CUST014771,P0115,ST0009,2024-10-10,2025-08-07,Camera not focusing,Rejected - Out of Warranty,12
WC001159,CUST020731,P0283,ST0048,2024-11-01,2025-08-08,Water damage,Resolved,12
WC003868,CUST014580,P0511,ST0024,2024-11-18,2025-08-08,Water damage,Resolved,12
WC004000,CUST011166,P0100,ST0013,2024-11-12,2025-08-08,Network/SIM issue,Resolved,12
WC004835,CUST043172,P0407,ST0025,2025-03-09,2025-08-08,Overheating during use,Resolved,12
WC002141,CUST011914,P0080,ST0022,2025-08-01,2025-08-09,Software update issue,In Progress,12
WC002759,CUST031038,P0369,ST0053,2025-01-17,2025-08-09,Software update issue,Rejected - Out of Warranty,12
WC003782,CUST042892,P0100,ST0003,2024-10-23,2025-08-09,Physical damage - screen crack,Resolved,12
WC000002,CUST014281,P0214,ST0037,2024-10-31,2025-08-10,Screen flickering,Pending Pickup,12
WC001593,CUST030717,P0352,ST0014,2024-11-27,2025-08-10,Screen flickering,Resolved,12
WC002419,CUST001543,P0331,ST0051,2025-08-03,2025-08-10,Physical damage - screen crack,Resolved,12
WC003798,CUST010050,P0258,ST0042,2025-01-15,2025-08-10,Water damage,In Progress,12
WC005201,CUST024337,P0114,ST0017,2024-12-31,2025-08-10,Physical damage - screen crack,Resolved,12
WC005343,CUST048394,P0087,ST0010,2023-09-16,2025-08-10,Software update issue,Rejected - Out of Warranty,24
WC005566,CUST015834,P0241,ST0019,2024-11-22,2025-08-10,Physical damage - screen crack,Pending Pickup,12
WC000657,CUST047511,P0566,ST0048,2025-07-27,2025-08-11,Screen flickering,Resolved,12
WC002666,CUST002419,P0422,ST0026,2025-03-23,2025-08-11,Overheating during use,Pending Pickup,12
WC003971,CUST037238,P0559,ST0030,2024-08-02,2025-08-11,Physical damage - screen crack,Replaced,24
WC004310,CUST027603,P0021,ST0053,2025-05-28,2025-08-11,Overheating during use,Resolved,12
WC005861,CUST019571,P0087,ST0041,2025-02-04,2025-08-11,Charging port not working,In Progress,24
WC001219,CUST032005,P0366,ST0037,2025-06-25,2025-08-12,Camera not focusing,Resolved,12
WC001265,CUST016445,P0101,ST0050,2024-10-29,2025-08-12,Physical damage - screen crack,Pending Pickup,12
WC001707,CUST027580,P0417,ST0023,2024-08-18,2025-08-12,Camera not focusing,Replaced,12
WC002509,CUST000879,P0396,ST0049,2025-01-26,2025-08-12,Charging port not working,Resolved,12
WC001218,CUST011178,P0010,ST0024,2025-08-05,2025-08-13,Network/SIM issue,Resolved,12
WC001931,CUST038216,P0298,ST0060,2025-01-08,2025-08-13,Water damage,Resolved,12
WC002174,CUST021520,P0246,ST0038,2025-01-31,2025-08-13,Battery draining fast,In Progress,12
WC002512,CUST027541,P0442,ST0027,2024-09-09,2025-08-13,Screen flickering,Rejected - Out of Warranty,12
WC002681,CUST003985,P0539,ST0004,2025-03-28,2025-08-13,Physical damage - screen crack,In Progress,12
WC003445,CUST029737,P0151,ST0032,2024-09-01,2025-08-13,Software update issue,Replaced,12
WC004023,CUST021620,P0142,ST0010,2025-07-28,2025-08-13,Network/SIM issue,In Progress,12
WC004239,CUST011482,P0335,ST0037,2025-08-07,2025-08-13,Charging port not working,Pending Pickup,12
WC004242,CUST033142,P0011,ST0054,2025-03-08,2025-08-13,Speaker/mic not working,Resolved,12
WC004882,CUST016822,P0386,ST0022,2025-01-10,2025-08-13,Camera not focusing,Resolved,12
WC005180,CUST035364,P0538,ST0029,2024-10-29,2025-08-13,Overheating during use,Replaced,12
WC001074,CUST014896,P0323,ST0001,2025-01-05,2025-08-14,Speaker/mic not working,Resolved,12
WC001768,CUST018814,P0583,ST0021,2025-01-19,2025-08-14,Battery draining fast,Resolved,12
WC004276,CUST005614,P0007,ST0052,2025-04-12,2025-08-14,Physical damage - screen crack,Pending Pickup,12
WC004451,CUST009945,P0196,ST0059,2025-02-27,2025-08-14,Battery draining fast,Resolved,12
WC005062,CUST007248,P0373,ST0010,2024-08-25,2025-08-14,Charging port not working,Resolved,12
WC000019,CUST002981,P0245,ST0055,2025-07-31,2025-08-15,Camera not focusing,Resolved,12
WC001617,CUST023069,P0191,ST0052,2025-07-02,2025-08-15,Charging port not working,Rejected - Out of Warranty,12
WC002591,CUST034548,P0365,ST0020,2025-03-06,2025-08-15,Screen flickering,In Progress,12
WC003866,CUST029846,P0148,ST0060,2025-04-14,2025-08-15,Network/SIM issue,Rejected - Out of Warranty,12
WC003941,CUST041889,P0544,ST0028,2024-09-18,2025-08-15,Screen flickering,Resolved,12
WC004018,CUST037433,P0592,ST0039,2024-08-02,2025-08-15,Screen flickering,In Progress,24
WC004389,CUST028465,P0253,ST0007,2025-08-04,2025-08-15,Charging port not working,Replaced,12
WC004986,CUST042947,P0449,ST0011,2024-12-28,2025-08-15,Camera not focusing,Resolved,12
WC000772,CUST032273,P0436,ST0004,2024-08-28,2025-08-16,Software update issue,Replaced,12
WC001099,CUST026784,P0329,ST0031,2024-11-10,2025-08-16,Battery draining fast,Replaced,12
WC001918,CUST042397,P0243,ST0001,2025-02-08,2025-08-16,Overheating during use,In Progress,12
WC002176,CUST044418,P0496,ST0009,2024-10-12,2025-08-16,Network/SIM issue,Rejected - Out of Warranty,12
WC002407,CUST030111,P0454,ST0030,2025-05-19,2025-08-16,Charging port not working,Replaced,12
WC003208,CUST006771,P0079,ST0020,2025-06-11,2025-08-16,Battery draining fast,Resolved,24
WC003275,CUST046621,P0133,ST0046,2025-07-06,2025-08-16,Camera not focusing,Resolved,12
WC003813,CUST021261,P0343,ST0051,2023-10-05,2025-08-16,Physical damage - screen crack,Resolved,24
WC003842,CUST015045,P0467,ST0033,2025-04-29,2025-08-16,Water damage,Resolved,12
WC004245,CUST039988,P0411,ST0049,2025-05-05,2025-08-16,Water damage,Resolved,12
WC005596,CUST031051,P0119,ST0025,2025-01-31,2025-08-16,Network/SIM issue,In Progress,12
WC005689,CUST042855,P0498,ST0027,2025-06-10,2025-08-16,Camera not focusing,Replaced,12
WC000317,CUST007284,P0152,ST0007,2025-01-02,2025-08-17,Charging port not working,Resolved,12
WC000340,CUST039254,P0204,ST0052,2025-05-07,2025-08-17,Speaker/mic not working,Replaced,12
WC000706,CUST042955,P0567,ST0059,2024-09-19,2025-08-17,Charging port not working,Rejected - Out of Warranty,12
WC001050,CUST019360,P0294,ST0006,2025-04-14,2025-08-17,Screen flickering,Resolved,12
WC001062,CUST015311,P0393,ST0026,2025-06-14,2025-08-17,Software update issue,Rejected - Out of Warranty,12
WC002263,CUST027744,P0205,ST0046,2025-05-03,2025-08-17,Camera not focusing,In Progress,12
WC003288,CUST020811,P0163,ST0003,2024-07-09,2025-08-17,Camera not focusing,Pending Pickup,24
WC003673,CUST030545,P0367,ST0006,2025-02-11,2025-08-17,Software update issue,Resolved,12
WC004278,CUST027468,P0570,ST0039,2024-10-24,2025-08-17,Overheating during use,Resolved,12
WC004508,CUST036715,P0213,ST0039,2024-10-27,2025-08-17,Overheating during use,Resolved,12
WC001733,CUST008472,P0126,ST0001,2024-06-25,2025-08-18,Overheating during use,Resolved,24
WC002138,CUST034204,P0137,ST0028,2025-02-01,2025-08-18,Charging port not working,Replaced,12
WC004108,CUST046446,P0061,ST0007,2025-01-21,2025-08-18,Screen flickering,In Progress,12
WC004260,CUST004311,P0482,ST0058,2025-06-05,2025-08-18,Speaker/mic not working,Resolved,24
WC005335,CUST001136,P0256,ST0004,2025-06-23,2025-08-18,Water damage,Replaced,12
WC000323,CUST010726,P0580,ST0036,2025-05-14,2025-08-19,Camera not focusing,Resolved,12
WC000790,CUST044823,P0569,ST0038,2025-02-18,2025-08-19,Charging port not working,In Progress,12
WC001646,CUST015214,P0119,ST0033,2025-06-07,2025-08-19,Camera not focusing,Replaced,12
WC002330,CUST002400,P0369,ST0054,2024-09-26,2025-08-19,Network/SIM issue,Replaced,12
WC004673,CUST006137,P0597,ST0050,2025-02-03,2025-08-19,Camera not focusing,Rejected - Out of Warranty,12
WC004691,CUST019524,P0268,ST0049,2025-08-18,2025-08-19,Water damage,Pending Pickup,12
WC000804,CUST041144,P0322,ST0043,2024-05-04,2025-08-20,Overheating during use,Pending Pickup,24
WC001165,CUST024275,P0045,ST0038,2025-08-12,2025-08-20,Camera not focusing,Resolved,12
WC001207,CUST004461,P0229,ST0044,2025-04-13,2025-08-20,Camera not focusing,Resolved,12
WC003152,CUST009549,P0028,ST0010,2024-10-07,2025-08-20,Water damage,Resolved,12
WC003891,CUST031671,P0266,ST0045,2024-12-04,2025-08-20,Camera not focusing,Resolved,12
WC004111,CUST039318,P0555,ST0051,2025-04-07,2025-08-20,Software update issue,Replaced,12
WC005957,CUST018695,P0418,ST0036,2025-07-30,2025-08-20,Physical damage - screen crack,Resolved,12
WC000941,CUST042306,P0322,ST0059,2023-10-12,2025-08-21,Screen flickering,Resolved,24
WC001634,CUST006202,P0401,ST0016,2025-04-29,2025-08-21,Water damage,Resolved,12
WC002669,CUST029162,P0491,ST0050,2025-08-19,2025-08-21,Overheating during use,In Progress,12
WC004675,CUST007822,P0040,ST0060,2025-03-29,2025-08-21,Software update issue,In Progress,12
WC005926,CUST023393,P0034,ST0028,2025-02-01,2025-08-21,Charging port not working,Resolved,12
WC005995,CUST005780,P0537,ST0026,2025-04-25,2025-08-21,Screen flickering,Replaced,12
WC000438,CUST043697,P0328,ST0019,2025-06-26,2025-08-22,Software update issue,Pending Pickup,12
WC001248,CUST015679,P0461,ST0019,2025-02-16,2025-08-22,Software update issue,In Progress,24
WC003795,CUST038336,P0311,ST0054,2024-12-17,2025-08-22,Water damage,Pending Pickup,12
WC003881,CUST021812,P0011,ST0053,2025-01-25,2025-08-22,Physical damage - screen crack,Resolved,12
WC000751,CUST049237,P0091,ST0039,2025-08-21,2025-08-23,Overheating during use,Resolved,12
WC001327,CUST037951,P0151,ST0003,2024-11-21,2025-08-23,Screen flickering,Pending Pickup,12
WC005859,CUST002649,P0558,ST0002,2024-10-25,2025-08-23,Physical damage - screen crack,Resolved,12
WC001108,CUST037607,P0117,ST0001,2025-03-02,2025-08-24,Charging port not working,Resolved,12
WC001253,CUST017071,P0405,ST0008,2025-02-24,2025-08-24,Software update issue,Pending Pickup,12
WC001925,CUST045260,P0307,ST0011,2025-03-27,2025-08-24,Charging port not working,Rejected - Out of Warranty,12
WC002896,CUST000946,P0431,ST0014,2025-02-17,2025-08-24,Physical damage - screen crack,Replaced,12
WC002917,CUST005487,P0519,ST0049,2025-05-22,2025-08-24,Charging port not working,Rejected - Out of Warranty,12
WC003766,CUST016804,P0235,ST0040,2024-11-04,2025-08-24,Physical damage - screen crack,Resolved,12
WC004421,CUST040495,P0445,ST0003,2025-04-21,2025-08-24,Screen flickering,Replaced,12
WC004449,CUST031291,P0275,ST0014,2024-10-24,2025-08-24,Physical damage - screen crack,Replaced,12
WC004716,CUST019700,P0505,ST0049,2024-12-04,2025-08-24,Software update issue,In Progress,12
WC000843,CUST020563,P0493,ST0022,2025-07-27,2025-08-25,Software update issue,Pending Pickup,12
WC000851,CUST047282,P0521,ST0017,2025-07-18,2025-08-25,Water damage,In Progress,12
WC004317,CUST011316,P0063,ST0011,2025-08-14,2025-08-25,Software update issue,Rejected - Out of Warranty,12
WC005441,CUST010799,P0173,ST0029,2024-12-13,2025-08-25,Overheating during use,Replaced,12
WC005840,CUST037502,P0163,ST0018,2025-01-10,2025-08-25,Physical damage - screen crack,Replaced,24
WC000043,CUST043810,P0288,ST0002,2024-10-04,2025-08-26,Charging port not working,Resolved,12
WC000084,CUST037013,P0450,ST0016,2025-06-09,2025-08-26,Network/SIM issue,Resolved,12
WC000793,CUST046770,P0553,ST0042,2025-05-23,2025-08-26,Network/SIM issue,Rejected - Out of Warranty,12
WC001336,CUST040888,P0407,ST0035,2024-12-31,2025-08-26,Speaker/mic not working,In Progress,12
WC004889,CUST008489,P0105,ST0036,2025-05-14,2025-08-26,Charging port not working,Rejected - Out of Warranty,12
WC001367,CUST023877,P0281,ST0017,2024-10-13,2025-08-27,Network/SIM issue,In Progress,12
WC003501,CUST020207,P0062,ST0010,2025-06-08,2025-08-27,Battery draining fast,Pending Pickup,12
WC005582,CUST040390,P0403,ST0029,2024-11-17,2025-08-27,Charging port not working,Resolved,12
WC000472,CUST028300,P0308,ST0020,2025-07-31,2025-08-28,Overheating during use,Resolved,12
WC001670,CUST048689,P0524,ST0055,2024-10-06,2025-08-28,Screen flickering,Resolved,12
WC002213,CUST006397,P0426,ST0016,2025-02-12,2025-08-28,Overheating during use,Resolved,12
WC002494,CUST000376,P0186,ST0034,2025-03-10,2025-08-28,Speaker/mic not working,Resolved,12
WC004601,CUST030864,P0388,ST0012,2024-10-06,2025-08-28,Camera not focusing,Replaced,24
WC000072,CUST013648,P0421,ST0033,2025-07-06,2025-08-29,Battery draining fast,Replaced,12
WC001839,CUST036351,P0238,ST0045,2025-01-15,2025-08-29,Camera not focusing,Pending Pickup,12
WC002790,CUST019213,P0535,ST0039,2025-02-09,2025-08-29,Software update issue,Replaced,12
WC002871,CUST038115,P0596,ST0056,2025-07-23,2025-08-29,Screen flickering,Resolved,12
WC003779,CUST018723,P0230,ST0051,2025-08-09,2025-08-29,Battery draining fast,Resolved,12
WC004103,CUST036975,P0219,ST0031,2025-01-19,2025-08-29,Physical damage - screen crack,Replaced,12
WC004557,CUST017775,P0468,ST0001,2025-08-18,2025-08-29,Battery draining fast,Pending Pickup,12
WC004925,CUST046015,P0258,ST0007,2024-12-29,2025-08-29,Water damage,Resolved,12
WC005097,CUST011610,P0331,ST0010,2024-09-10,2025-08-29,Software update issue,Replaced,12
WC000867,CUST028159,P0598,ST0028,2025-01-14,2025-08-30,Software update issue,Pending Pickup,12
WC001983,CUST026849,P0272,ST0058,2025-08-25,2025-08-30,Charging port not working,Pending Pickup,12
WC002115,CUST036239,P0357,ST0055,2023-10-31,2025-08-30,Battery draining fast,Resolved,24
WC002239,CUST019675,P0577,ST0012,2024-09-06,2025-08-30,Battery draining fast,Pending Pickup,12
WC003327,CUST000930,P0414,ST0051,2025-01-30,2025-08-30,Overheating during use,Replaced,12
WC004320,CUST022121,P0006,ST0050,2025-05-08,2025-08-30,Battery draining fast,In Progress,24
WC005860,CUST002212,P0009,ST0047,2024-09-27,2025-08-30,Network/SIM issue,Rejected - Out of Warranty,12
WC000263,CUST000486,P0019,ST0012,2025-06-10,2025-08-31,Camera not focusing,Pending Pickup,12
WC003770,CUST049576,P0279,ST0032,2025-03-28,2025-08-31,Network/SIM issue,In Progress,12
WC000614,CUST049542,P0063,ST0017,2025-02-28,2025-09-01,Overheating during use,Resolved,12
WC000678,CUST031773,P0558,ST0024,2025-08-04,2025-09-01,Physical damage - screen crack,Rejected - Out of Warranty,12
WC001279,CUST040569,P0344,ST0016,2025-01-30,2025-09-01,Overheating during use,Resolved,12
WC003391,CUST016094,P0346,ST0058,2025-02-10,2025-09-01,Overheating during use,Resolved,12
WC004812,CUST027636,P0374,ST0040,2025-06-17,2025-09-01,Network/SIM issue,Replaced,12
WC000608,CUST033508,P0204,ST0033,2025-08-31,2025-09-02,Network/SIM issue,In Progress,12
WC005508,CUST010434,P0551,ST0056,2025-02-24,2025-09-02,Software update issue,Rejected - Out of Warranty,12
WC003104,CUST008747,P0240,ST0047,2024-11-23,2025-09-03,Charging port not working,Resolved,12
WC003472,CUST007322,P0384,ST0036,2024-09-30,2025-09-03,Camera not focusing,In Progress,12
WC003911,CUST002402,P0494,ST0059,2025-02-04,2025-09-03,Charging port not working,Resolved,12
WC003953,CUST003668,P0600,ST0006,2025-08-15,2025-09-03,Overheating during use,Replaced,12
WC005004,CUST026803,P0500,ST0027,2025-02-28,2025-09-03,Screen flickering,In Progress,12
WC005287,CUST031938,P0001,ST0048,2025-05-21,2025-09-03,Screen flickering,Pending Pickup,12
WC000121,CUST029978,P0584,ST0051,2025-05-25,2025-09-04,Water damage,Resolved,12
WC001642,CUST009799,P0399,ST0039,2024-12-15,2025-09-04,Software update issue,Rejected - Out of Warranty,12
WC004011,CUST008933,P0348,ST0021,2025-04-06,2025-09-04,Speaker/mic not working,Resolved,12
WC002211,CUST046701,P0325,ST0046,2025-02-02,2025-09-05,Physical damage - screen crack,Resolved,24
WC002574,CUST029079,P0079,ST0001,2024-09-13,2025-09-05,Charging port not working,Replaced,24
WC003126,CUST011856,P0544,ST0013,2025-01-17,2025-09-05,Camera not focusing,Resolved,12
WC003439,CUST000735,P0227,ST0012,2023-11-23,2025-09-05,Software update issue,Pending Pickup,24
WC003843,CUST006980,P0523,ST0057,2024-10-17,2025-09-05,Battery draining fast,In Progress,12
WC005682,CUST007512,P0275,ST0016,2024-12-13,2025-09-05,Screen flickering,Resolved,12
WC005757,CUST024408,P0532,ST0047,2025-05-06,2025-09-05,Physical damage - screen crack,Rejected - Out of Warranty,12
WC001268,CUST015151,P0239,ST0006,2025-02-21,2025-09-06,Camera not focusing,In Progress,12
WC001689,CUST027748,P0073,ST0014,2025-08-25,2025-09-06,Camera not focusing,Replaced,12
WC003700,CUST047498,P0358,ST0049,2024-03-11,2025-09-06,Charging port not working,Pending Pickup,24
WC001475,CUST024666,P0096,ST0039,2025-08-21,2025-09-07,Network/SIM issue,Resolved,12
WC001490,CUST047870,P0233,ST0042,2025-02-17,2025-09-07,Battery draining fast,Pending Pickup,12
WC001648,CUST022382,P0261,ST0045,2025-06-25,2025-09-07,Physical damage - screen crack,Resolved,12
WC003883,CUST031648,P0224,ST0042,2025-08-31,2025-09-07,Physical damage - screen crack,Pending Pickup,12
WC004932,CUST005985,P0376,ST0010,2024-10-10,2025-09-07,Charging port not working,In Progress,12
WC005208,CUST043380,P0348,ST0028,2025-08-01,2025-09-07,Camera not focusing,Pending Pickup,12
WC005691,CUST027594,P0516,ST0006,2025-02-19,2025-09-07,Camera not focusing,Replaced,12
WC000280,CUST008317,P0119,ST0046,2024-11-04,2025-09-08,Screen flickering,Resolved,12
WC001443,CUST008712,P0503,ST0023,2024-11-09,2025-09-08,Screen flickering,Replaced,12
WC003364,CUST026407,P0166,ST0004,2025-04-02,2025-09-08,Software update issue,Replaced,12
WC004357,CUST015039,P0441,ST0059,2025-01-07,2025-09-08,Water damage,Resolved,12
WC000672,CUST030175,P0022,ST0007,2025-04-04,2025-09-09,Software update issue,Pending Pickup,12
WC005606,CUST027580,P0451,ST0032,2025-06-03,2025-09-09,Network/SIM issue,Replaced,12
WC005868,CUST031042,P0499,ST0028,2024-09-27,2025-09-09,Overheating during use,In Progress,12
WC000924,CUST017288,P0197,ST0026,2024-10-07,2025-09-10,Physical damage - screen crack,Resolved,12
WC001198,CUST033433,P0403,ST0049,2024-10-13,2025-09-10,Screen flickering,Pending Pickup,12
WC003248,CUST007631,P0158,ST0058,2024-07-17,2025-09-10,Network/SIM issue,Pending Pickup,24
WC003864,CUST025821,P0197,ST0043,2024-12-17,2025-09-10,Water damage,Rejected - Out of Warranty,12
WC005897,CUST004750,P0423,ST0047,2025-08-09,2025-09-10,Software update issue,Resolved,12
WC000929,CUST026955,P0531,ST0042,2024-10-31,2025-09-11,Charging port not working,Replaced,12
WC000943,CUST023000,P0254,ST0057,2025-08-15,2025-09-11,Speaker/mic not working,Resolved,12
WC001833,CUST029529,P0134,ST0044,2025-04-15,2025-09-11,Network/SIM issue,Resolved,12
WC003662,CUST004262,P0460,ST0032,2025-08-20,2025-09-11,Battery draining fast,Resolved,12
WC005337,CUST029434,P0469,ST0023,2024-12-31,2025-09-11,Camera not focusing,Rejected - Out of Warranty,12
WC005688,CUST046295,P0471,ST0041,2024-12-30,2025-09-11,Charging port not working,Pending Pickup,12
WC005706,CUST022305,P0473,ST0043,2025-08-11,2025-09-11,Screen flickering,Resolved,12
WC005730,CUST028152,P0146,ST0060,2024-09-24,2025-09-11,Charging port not working,Rejected - Out of Warranty,12
WC000162,CUST035769,P0423,ST0026,2025-07-17,2025-09-12,Network/SIM issue,Resolved,12
WC001116,CUST039948,P0560,ST0006,2025-01-07,2025-09-12,Water damage,Resolved,12
WC001347,CUST038613,P0330,ST0001,2024-11-06,2025-09-12,Battery draining fast,In Progress,12
WC001716,CUST025777,P0533,ST0005,2025-02-17,2025-09-12,Overheating during use,Resolved,12
WC003935,CUST043681,P0465,ST0029,2025-05-07,2025-09-12,Overheating during use,Pending Pickup,12
WC005918,CUST005685,P0307,ST0013,2025-03-04,2025-09-12,Charging port not working,Pending Pickup,12
WC000157,CUST028922,P0178,ST0015,2024-05-26,2025-09-13,Camera not focusing,Rejected - Out of Warranty,24
WC000977,CUST037026,P0505,ST0053,2025-09-02,2025-09-13,Software update issue,Resolved,12
WC001502,CUST044404,P0144,ST0055,2025-09-03,2025-09-13,Screen flickering,Pending Pickup,12
WC004478,CUST029072,P0540,ST0039,2025-07-25,2025-09-13,Camera not focusing,Resolved,12
WC005260,CUST002784,P0039,ST0056,2024-09-27,2025-09-13,Network/SIM issue,Resolved,12
WC001005,CUST013766,P0524,ST0051,2024-12-27,2025-09-14,Screen flickering,Resolved,12
WC001513,CUST025341,P0544,ST0017,2024-10-08,2025-09-14,Water damage,Resolved,12
WC001621,CUST049147,P0547,ST0060,2025-07-25,2025-09-14,Charging port not working,Rejected - Out of Warranty,12
WC001660,CUST026035,P0020,ST0051,2025-03-29,2025-09-14,Network/SIM issue,Resolved,12
WC002678,CUST049140,P0029,ST0057,2023-12-26,2025-09-14,Water damage,In Progress,24
WC003116,CUST019134,P0237,ST0011,2024-12-30,2025-09-14,Camera not focusing,Resolved,12
WC003884,CUST047240,P0131,ST0012,2024-12-29,2025-09-14,Camera not focusing,Replaced,12
WC004378,CUST037316,P0579,ST0017,2025-02-17,2025-09-14,Water damage,Resolved,12
WC004550,CUST005184,P0099,ST0056,2025-04-20,2025-09-14,Battery draining fast,In Progress,24
WC004638,CUST046656,P0178,ST0031,2025-01-02,2025-09-14,Screen flickering,In Progress,24
WC000055,CUST048045,P0578,ST0010,2024-12-13,2025-09-15,Battery draining fast,In Progress,12
WC000509,CUST024015,P0094,ST0056,2025-01-21,2025-09-15,Overheating during use,Rejected - Out of Warranty,12
WC005027,CUST020988,P0016,ST0026,2024-11-19,2025-09-15,Camera not focusing,Rejected - Out of Warranty,12
WC000927,CUST047500,P0158,ST0034,2024-07-02,2025-09-16,Battery draining fast,Pending Pickup,24
WC000982,CUST045918,P0393,ST0026,2025-07-25,2025-09-16,Physical damage - screen crack,Rejected - Out of Warranty,12
WC001222,CUST043990,P0003,ST0042,2025-05-13,2025-09-16,Speaker/mic not working,Resolved,12
WC002998,CUST036225,P0140,ST0011,2024-11-16,2025-09-16,Network/SIM issue,Resolved,12
WC003898,CUST039060,P0395,ST0030,2025-05-04,2025-09-16,Camera not focusing,Resolved,12
WC005279,CUST047985,P0126,ST0050,2025-07-04,2025-09-16,Speaker/mic not working,Resolved,24
WC000554,CUST002611,P0061,ST0042,2024-11-23,2025-09-17,Water damage,Resolved,12
WC001246,CUST042444,P0335,ST0003,2024-10-10,2025-09-17,Camera not focusing,Resolved,12
WC002712,CUST019875,P0052,ST0022,2024-12-15,2025-09-17,Speaker/mic not working,Resolved,12
WC003955,CUST019035,P0080,ST0004,2024-10-16,2025-09-17,Battery draining fast,In Progress,12
WC004138,CUST048041,P0436,ST0034,2025-08-01,2025-09-17,Overheating during use,Pending Pickup,12
WC005178,CUST033750,P0184,ST0041,2025-01-20,2025-09-17,Water damage,Resolved,12
WC005754,CUST003975,P0283,ST0004,2025-01-27,2025-09-17,Speaker/mic not working,Resolved,12
WC000269,CUST009570,P0238,ST0022,2025-06-17,2025-09-18,Camera not focusing,Resolved,12
WC001077,CUST049966,P0236,ST0004,2024-10-08,2025-09-18,Screen flickering,In Progress,12
WC001494,CUST012038,P0215,ST0001,2025-01-14,2025-09-18,Camera not focusing,Resolved,12
WC002406,CUST038408,P0315,ST0022,2025-06-17,2025-09-18,Software update issue,In Progress,12
WC002652,CUST041998,P0053,ST0017,2024-01-18,2025-09-18,Charging port not working,Resolved,24
WC003167,CUST025755,P0277,ST0029,2025-07-08,2025-09-18,Overheating during use,Resolved,12
WC003304,CUST033792,P0361,ST0007,2025-09-12,2025-09-18,Overheating during use,Replaced,12
WC004209,CUST040911,P0008,ST0052,2025-02-21,2025-09-18,Water damage,Rejected - Out of Warranty,12
WC005121,CUST046400,P0022,ST0034,2025-08-15,2025-09-18,Screen flickering,Resolved,12
WC005856,CUST019636,P0322,ST0037,2025-08-28,2025-09-18,Battery draining fast,In Progress,24
WC001343,CUST033392,P0442,ST0029,2025-07-12,2025-09-19,Overheating during use,Pending Pickup,12
WC002439,CUST041979,P0092,ST0057,2025-04-01,2025-09-19,Overheating during use,Rejected - Out of Warranty,12
WC003273,CUST002480,P0330,ST0020,2025-07-29,2025-09-19,Camera not focusing,Pending Pickup,12
WC004590,CUST049463,P0058,ST0016,2025-06-13,2025-09-19,Battery draining fast,Rejected - Out of Warranty,12
WC004734,CUST033670,P0260,ST0034,2025-05-13,2025-09-19,Speaker/mic not working,Pending Pickup,12
WC000129,CUST014633,P0481,ST0020,2025-03-11,2025-09-20,Physical damage - screen crack,Resolved,12
WC001694,CUST044344,P0067,ST0050,2025-08-28,2025-09-20,Physical damage - screen crack,Resolved,12
WC002110,CUST025237,P0489,ST0036,2024-03-11,2025-09-20,Screen flickering,In Progress,24
WC004293,CUST030286,P0600,ST0028,2025-04-14,2025-09-20,Water damage,Resolved,12
WC000482,CUST011283,P0203,ST0013,2025-07-11,2025-09-21,Charging port not working,In Progress,12
WC000600,CUST017364,P0120,ST0047,2025-01-18,2025-09-21,Battery draining fast,Resolved,12
WC002059,CUST002365,P0290,ST0018,2025-05-23,2025-09-21,Screen flickering,Replaced,24
WC003286,CUST025321,P0180,ST0005,2025-08-29,2025-09-21,Camera not focusing,Resolved,12
WC003938,CUST029419,P0149,ST0055,2025-01-10,2025-09-21,Network/SIM issue,In Progress,12
WC004708,CUST003414,P0408,ST0018,2025-03-16,2025-09-21,Camera not focusing,Rejected - Out of Warranty,12
WC004796,CUST006103,P0174,ST0013,2025-07-21,2025-09-21,Screen flickering,Resolved,12
WC004960,CUST027739,P0208,ST0026,2024-12-05,2025-09-21,Charging port not working,Replaced,12
WC000272,CUST028250,P0318,ST0042,2025-05-26,2025-09-22,Water damage,Rejected - Out of Warranty,12
WC000333,CUST035052,P0501,ST0029,2025-01-16,2025-09-22,Software update issue,Pending Pickup,12
WC002796,CUST016936,P0028,ST0020,2025-04-05,2025-09-22,Battery draining fast,Resolved,12
WC003832,CUST029001,P0018,ST0010,2025-02-20,2025-09-22,Physical damage - screen crack,In Progress,12
WC004768,CUST039167,P0565,ST0032,2025-03-13,2025-09-22,Camera not focusing,Resolved,12
WC000661,CUST036220,P0556,ST0060,2025-05-01,2025-09-23,Overheating during use,Resolved,12
WC001411,CUST020532,P0058,ST0043,2025-02-12,2025-09-23,Overheating during use,Resolved,12
WC002488,CUST008115,P0003,ST0015,2025-08-13,2025-09-23,Water damage,Rejected - Out of Warranty,12
WC002623,CUST019786,P0021,ST0042,2024-10-05,2025-09-23,Software update issue,Replaced,12
WC004521,CUST016762,P0113,ST0050,2024-11-05,2025-09-23,Screen flickering,Resolved,12
WC005199,CUST031919,P0131,ST0059,2024-12-26,2025-09-23,Water damage,Pending Pickup,12
WC005264,CUST032153,P0215,ST0015,2025-02-28,2025-09-23,Software update issue,In Progress,12
WC005362,CUST025348,P0085,ST0003,2024-10-22,2025-09-23,Water damage,Resolved,12
WC001936,CUST045070,P0554,ST0059,2025-01-30,2025-09-24,Charging port not working,Rejected - Out of Warranty,12
WC002153,CUST028258,P0472,ST0052,2025-07-04,2025-09-24,Screen flickering,Resolved,24
WC002321,CUST047400,P0310,ST0034,2025-03-08,2025-09-24,Screen flickering,Replaced,12
WC005128,CUST020406,P0015,ST0027,2024-10-13,2025-09-24,Screen flickering,Resolved,12
WC005709,CUST032869,P0162,ST0052,2024-05-27,2025-09-24,Speaker/mic not working,Pending Pickup,24
WC005833,CUST044991,P0271,ST0019,2025-08-19,2025-09-24,Software update issue,In Progress,12
WC000541,CUST000017,P0536,ST0050,2025-08-19,2025-09-25,Water damage,Resolved,12
WC000768,CUST022384,P0198,ST0038,2024-12-07,2025-09-25,Overheating during use,In Progress,12
WC001395,CUST023599,P0051,ST0031,2025-09-24,2025-09-25,Software update issue,Replaced,12
WC002729,CUST006182,P0199,ST0014,2025-02-19,2025-09-25,Charging port not working,Resolved,12
WC003302,CUST030809,P0084,ST0013,2025-03-06,2025-09-25,Screen flickering,Replaced,12
WC004001,CUST035141,P0362,ST0019,2024-10-03,2025-09-25,Overheating during use,Replaced,12
WC004101,CUST023953,P0376,ST0048,2025-03-01,2025-09-25,Charging port not working,Pending Pickup,12
WC004659,CUST025874,P0113,ST0013,2025-08-16,2025-09-25,Software update issue,Pending Pickup,12
WC004964,CUST001344,P0150,ST0049,2025-02-07,2025-09-25,Camera not focusing,Replaced,12
WC005236,CUST019124,P0177,ST0002,2023-12-03,2025-09-25,Battery draining fast,Resolved,24
WC005352,CUST047486,P0399,ST0055,2025-03-20,2025-09-25,Camera not focusing,In Progress,12
WC005831,CUST019396,P0447,ST0028,2025-05-24,2025-09-25,Camera not focusing,Rejected - Out of Warranty,12
WC001914,CUST044933,P0336,ST0056,2024-12-08,2025-09-26,Overheating during use,In Progress,12
WC005148,CUST020668,P0343,ST0058,2024-05-02,2025-09-26,Camera not focusing,Pending Pickup,24
WC005216,CUST017504,P0562,ST0030,2025-01-29,2025-09-26,Physical damage - screen crack,Resolved,12
WC005819,CUST006791,P0331,ST0001,2025-05-11,2025-09-26,Screen flickering,Resolved,12
WC001771,CUST031984,P0246,ST0053,2024-12-23,2025-09-27,Camera not focusing,Pending Pickup,12
WC005576,CUST003579,P0371,ST0017,2025-08-25,2025-09-27,Physical damage - screen crack,Pending Pickup,12
WC000228,CUST016807,P0391,ST0016,2025-08-20,2025-09-28,Camera not focusing,Pending Pickup,12
WC000412,CUST002391,P0052,ST0022,2025-09-19,2025-09-28,Battery draining fast,Resolved,12
WC002718,CUST044777,P0158,ST0036,2023-12-15,2025-09-28,Overheating during use,Resolved,24
WC003160,CUST020462,P0562,ST0029,2024-12-26,2025-09-28,Network/SIM issue,Rejected - Out of Warranty,12
WC004031,CUST007598,P0405,ST0012,2025-05-12,2025-09-28,Network/SIM issue,Rejected - Out of Warranty,12
WC005067,CUST031697,P0447,ST0021,2025-01-06,2025-09-28,Overheating during use,Resolved,12
WC005243,CUST041920,P0593,ST0017,2025-09-01,2025-09-28,Camera not focusing,Resolved,12
WC000738,CUST043840,P0001,ST0018,2025-01-20,2025-09-29,Water damage,Resolved,12
WC000831,CUST023809,P0566,ST0031,2025-06-19,2025-09-29,Screen flickering,Resolved,12
WC001101,CUST003728,P0378,ST0039,2025-09-25,2025-09-29,Software update issue,Replaced,12
WC001162,CUST032470,P0047,ST0033,2025-06-07,2025-09-29,Charging port not working,Resolved,12
WC001997,CUST008697,P0315,ST0023,2025-07-18,2025-09-29,Overheating during use,Rejected - Out of Warranty,12
WC001094,CUST009939,P0403,ST0008,2025-06-17,2025-09-30,Camera not focusing,Resolved,12
WC001973,CUST014504,P0189,ST0053,2025-03-13,2025-09-30,Overheating during use,Replaced,12
WC002859,CUST045766,P0089,ST0058,2025-04-11,2025-09-30,Network/SIM issue,Resolved,12
WC003324,CUST009306,P0174,ST0011,2024-12-20,2025-09-30,Physical damage - screen crack,Resolved,12
WC003981,CUST024661,P0351,ST0014,2025-06-20,2025-09-30,Speaker/mic not working,Replaced,12
WC003990,CUST049242,P0534,ST0037,2024-06-27,2025-09-30,Screen flickering,Resolved,24
WC004237,CUST013816,P0342,ST0009,2025-03-30,2025-09-30,Overheating during use,Pending Pickup,12
WC000865,CUST002465,P0098,ST0029,2024-12-01,2025-10-01,Software update issue,Rejected - Out of Warranty,12
WC000980,CUST048438,P0299,ST0032,2025-08-07,2025-10-01,Screen flickering,In Progress,12
WC003195,CUST005171,P0098,ST0049,2025-05-09,2025-10-01,Charging port not working,Resolved,12
WC003923,CUST008274,P0517,ST0059,2024-11-19,2025-10-01,Camera not focusing,Resolved,12
WC003968,CUST039863,P0439,ST0012,2025-08-17,2025-10-01,Screen flickering,Resolved,12
WC005077,CUST021003,P0428,ST0042,2025-08-24,2025-10-01,Network/SIM issue,Resolved,12
WC000624,CUST013777,P0206,ST0038,2025-01-30,2025-10-02,Overheating during use,Resolved,12
WC003646,CUST002014,P0079,ST0022,2025-04-07,2025-10-02,Camera not focusing,Resolved,24
WC004205,CUST039955,P0442,ST0030,2024-12-05,2025-10-02,Charging port not working,In Progress,12
WC004600,CUST042113,P0402,ST0018,2025-02-28,2025-10-02,Overheating during use,Replaced,12
WC004849,CUST000965,P0281,ST0055,2024-11-14,2025-10-02,Overheating during use,Resolved,12
WC005098,CUST009293,P0524,ST0060,2025-09-27,2025-10-02,Physical damage - screen crack,Resolved,12
WC005253,CUST008612,P0458,ST0010,2025-05-16,2025-10-02,Speaker/mic not working,Pending Pickup,12
WC000649,CUST006890,P0138,ST0034,2025-01-01,2025-10-03,Network/SIM issue,Resolved,12
WC002656,CUST000715,P0077,ST0010,2024-12-13,2025-10-03,Speaker/mic not working,Replaced,12
WC004164,CUST040564,P0577,ST0018,2025-02-21,2025-10-03,Speaker/mic not working,Replaced,12
WC005176,CUST029674,P0365,ST0014,2025-04-23,2025-10-03,Overheating during use,Replaced,12
WC000371,CUST032372,P0055,ST0046,2025-08-16,2025-10-04,Charging port not working,Pending Pickup,12
WC001616,CUST026198,P0476,ST0027,2024-04-12,2025-10-04,Speaker/mic not working,Rejected - Out of Warranty,24
WC002657,CUST025827,P0249,ST0054,2025-01-23,2025-10-04,Overheating during use,Resolved,12
WC005366,CUST037915,P0448,ST0053,2025-09-05,2025-10-04,Charging port not working,In Progress,24
WC000694,CUST035028,P0476,ST0044,2023-12-22,2025-10-05,Camera not focusing,Replaced,24
WC005535,CUST023576,P0391,ST0048,2024-12-08,2025-10-05,Physical damage - screen crack,Pending Pickup,12
WC001831,CUST016195,P0095,ST0018,2025-08-06,2025-10-06,Physical damage - screen crack,In Progress,12
WC003829,CUST004897,P0148,ST0031,2025-03-01,2025-10-06,Network/SIM issue,Resolved,12
WC004747,CUST047570,P0366,ST0027,2025-06-06,2025-10-06,Battery draining fast,Replaced,12
WC005181,CUST049640,P0178,ST0047,2025-02-23,2025-10-06,Water damage,Replaced,24
WC000642,CUST028411,P0494,ST0002,2025-08-21,2025-10-07,Water damage,Pending Pickup,12
WC001884,CUST033231,P0069,ST0014,2024-11-13,2025-10-07,Physical damage - screen crack,Resolved,12
WC005456,CUST034102,P0132,ST0008,2025-03-28,2025-10-07,Water damage,Rejected - Out of Warranty,12
WC000302,CUST013707,P0384,ST0031,2024-11-25,2025-10-08,Overheating during use,Replaced,12
WC001464,CUST026840,P0348,ST0015,2025-02-24,2025-10-08,Battery draining fast,Resolved,12
WC002001,CUST047708,P0026,ST0019,2024-11-16,2025-10-08,Physical damage - screen crack,Replaced,12
WC003050,CUST029792,P0468,ST0049,2025-07-15,2025-10-08,Physical damage - screen crack,Resolved,12
WC003064,CUST038914,P0248,ST0007,2025-07-06,2025-10-08,Speaker/mic not working,Pending Pickup,12
WC003190,CUST028111,P0268,ST0040,2025-01-28,2025-10-08,Screen flickering,In Progress,12
WC003679,CUST038578,P0083,ST0050,2025-02-01,2025-10-08,Physical damage - screen crack,Resolved,24
WC005003,CUST038116,P0215,ST0004,2025-01-23,2025-10-08,Overheating during use,Resolved,12
WC000122,CUST026876,P0093,ST0051,2024-12-15,2025-10-09,Overheating during use,Pending Pickup,12
WC001021,CUST003519,P0357,ST0007,2024-10-21,2025-10-09,Charging port not working,Resolved,24
WC001179,CUST012631,P0466,ST0024,2025-07-25,2025-10-09,Speaker/mic not working,Replaced,12
WC002272,CUST043854,P0516,ST0054,2025-08-09,2025-10-09,Charging port not working,Resolved,12
WC003005,CUST001568,P0429,ST0047,2025-02-26,2025-10-09,Physical damage - screen crack,Resolved,12
WC003758,CUST009628,P0139,ST0021,2025-10-01,2025-10-09,Software update issue,Rejected - Out of Warranty,24
WC005892,CUST015175,P0578,ST0041,2024-12-03,2025-10-09,Battery draining fast,Rejected - Out of Warranty,12
WC000165,CUST008401,P0494,ST0003,2024-10-28,2025-10-10,Camera not focusing,Resolved,12
WC002340,CUST042839,P0064,ST0012,2025-05-09,2025-10-10,Camera not focusing,Resolved,12
WC002571,CUST004184,P0160,ST0033,2025-01-29,2025-10-10,Charging port not working,Resolved,12
WC004351,CUST018510,P0313,ST0058,2025-02-15,2025-10-10,Water damage,Resolved,12
WC004862,CUST028173,P0472,ST0010,2024-11-13,2025-10-10,Battery draining fast,Resolved,24
WC005960,CUST010748,P0061,ST0007,2025-05-11,2025-10-10,Battery draining fast,Pending Pickup,12
WC001543,CUST039604,P0286,ST0038,2024-10-31,2025-10-11,Network/SIM issue,Pending Pickup,12
WC001672,CUST018032,P0291,ST0042,2024-11-15,2025-10-11,Physical damage - screen crack,Replaced,12
WC001867,CUST048916,P0070,ST0060,2025-04-11,2025-10-11,Software update issue,Resolved,12
WC002240,CUST021282,P0362,ST0008,2025-02-14,2025-10-11,Camera not focusing,Resolved,12
WC003242,CUST046292,P0153,ST0018,2024-12-24,2025-10-11,Speaker/mic not working,Resolved,12
WC003396,CUST027110,P0548,ST0012,2025-02-15,2025-10-11,Network/SIM issue,Resolved,12
WC004290,CUST010606,P0250,ST0060,2025-03-16,2025-10-11,Overheating during use,Replaced,12
WC005291,CUST024926,P0305,ST0015,2025-07-24,2025-10-11,Charging port not working,In Progress,12
WC000569,CUST001047,P0028,ST0034,2025-02-19,2025-10-12,Software update issue,Resolved,12
WC000894,CUST037638,P0074,ST0041,2024-12-12,2025-10-12,Camera not focusing,Rejected - Out of Warranty,24
WC001263,CUST017995,P0038,ST0032,2025-08-16,2025-10-12,Physical damage - screen crack,Rejected - Out of Warranty,24
WC001880,CUST012465,P0087,ST0012,2024-01-31,2025-10-12,Software update issue,Pending Pickup,24
WC000656,CUST017039,P0509,ST0025,2024-09-18,2025-10-13,Camera not focusing,Resolved,24
WC000773,CUST012636,P0411,ST0004,2025-02-17,2025-10-13,Screen flickering,Pending Pickup,12
WC001696,CUST039079,P0475,ST0026,2025-03-10,2025-10-13,Charging port not working,In Progress,24
WC001816,CUST046270,P0131,ST0048,2025-09-12,2025-10-13,Screen flickering,Replaced,12
WC002809,CUST025032,P0085,ST0018,2025-06-15,2025-10-13,Speaker/mic not working,Resolved,12
WC002812,CUST013566,P0006,ST0021,2025-04-07,2025-10-13,Physical damage - screen crack,Rejected - Out of Warranty,24
WC004342,CUST000213,P0342,ST0059,2025-10-11,2025-10-13,Battery draining fast,Resolved,12
WC004577,CUST012476,P0367,ST0023,2025-09-01,2025-10-13,Speaker/mic not working,Resolved,12
WC004892,CUST031857,P0361,ST0059,2025-04-20,2025-10-13,Water damage,Resolved,12
WC004990,CUST049354,P0153,ST0047,2025-10-08,2025-10-13,Speaker/mic not working,Pending Pickup,12
WC005289,CUST038221,P0269,ST0012,2025-06-21,2025-10-13,Water damage,Resolved,12
WC000114,CUST002142,P0578,ST0004,2025-06-20,2025-10-14,Speaker/mic not working,Resolved,12
WC000423,CUST022717,P0313,ST0056,2025-08-06,2025-10-14,Water damage,In Progress,12
WC003261,CUST014576,P0217,ST0020,2025-05-29,2025-10-14,Software update issue,In Progress,12
WC003882,CUST019279,P0363,ST0026,2024-12-24,2025-10-14,Screen flickering,Resolved,12
WC004120,CUST031196,P0126,ST0010,2024-09-20,2025-10-14,Battery draining fast,Replaced,24
WC002849,CUST006162,P0388,ST0039,2025-01-07,2025-10-15,Charging port not working,In Progress,24
WC002996,CUST008596,P0596,ST0020,2025-02-11,2025-10-15,Overheating during use,Resolved,12
WC004248,CUST004172,P0551,ST0013,2025-03-28,2025-10-15,Screen flickering,Resolved,12
WC005992,CUST007422,P0497,ST0034,2024-10-23,2025-10-15,Speaker/mic not working,Resolved,12
WC000216,CUST006078,P0399,ST0043,2024-11-11,2025-10-16,Battery draining fast,Resolved,12
WC000365,CUST030441,P0398,ST0051,2025-02-20,2025-10-16,Water damage,Resolved,12
WC000842,CUST043807,P0055,ST0011,2025-01-02,2025-10-16,Water damage,In Progress,12
WC000988,CUST044661,P0062,ST0011,2025-05-27,2025-10-16,Camera not focusing,Resolved,12
WC001550,CUST000176,P0448,ST0040,2024-05-22,2025-10-16,Overheating during use,Resolved,24
WC001085,CUST011589,P0392,ST0026,2025-01-12,2025-10-17,Software update issue,Resolved,12
WC004415,CUST034113,P0141,ST0004,2025-04-18,2025-10-17,Network/SIM issue,Resolved,12
WC004902,CUST009785,P0557,ST0038,2025-03-28,2025-10-17,Screen flickering,Resolved,12
WC005229,CUST008019,P0314,ST0017,2025-03-07,2025-10-17,Camera not focusing,Rejected - Out of Warranty,12
WC005532,CUST030064,P0232,ST0026,2025-01-19,2025-10-17,Charging port not working,In Progress,12
WC000328,CUST021104,P0064,ST0026,2025-02-26,2025-10-18,Physical damage - screen crack,Resolved,12
WC000505,CUST026277,P0400,ST0025,2025-06-07,2025-10-18,Battery draining fast,Pending Pickup,12
WC000592,CUST001557,P0362,ST0014,2025-06-10,2025-10-18,Charging port not working,In Progress,12
WC002956,CUST030710,P0423,ST0004,2025-02-11,2025-10-18,Battery draining fast,Rejected - Out of Warranty,12
WC003455,CUST024918,P0514,ST0037,2025-03-24,2025-10-18,Physical damage - screen crack,Pending Pickup,12
WC003876,CUST027713,P0557,ST0002,2025-09-29,2025-10-18,Battery draining fast,Resolved,12
WC004038,CUST031340,P0402,ST0047,2025-05-13,2025-10-18,Battery draining fast,Pending Pickup,12
WC004346,CUST040636,P0012,ST0021,2025-06-11,2025-10-18,Charging port not working,Resolved,12
WC000954,CUST029607,P0145,ST0050,2025-05-11,2025-10-19,Camera not focusing,Pending Pickup,12
WC001337,CUST048214,P0058,ST0003,2025-04-22,2025-10-19,Network/SIM issue,In Progress,12
WC004491,CUST025041,P0059,ST0044,2024-11-24,2025-10-19,Camera not focusing,Resolved,12
WC000217,CUST037896,P0563,ST0033,2025-10-02,2025-10-20,Screen flickering,In Progress,24
WC001169,CUST006237,P0320,ST0059,2025-08-05,2025-10-20,Software update issue,Resolved,12
WC003021,CUST000671,P0211,ST0032,2024-10-31,2025-10-20,Speaker/mic not working,Resolved,12
WC003564,CUST031886,P0330,ST0003,2025-04-17,2025-10-20,Network/SIM issue,Resolved,12
WC003575,CUST021787,P0058,ST0020,2025-10-09,2025-10-20,Screen flickering,In Progress,12
WC004167,CUST038581,P0328,ST0001,2025-06-04,2025-10-20,Overheating during use,Resolved,12
WC004214,CUST017779,P0161,ST0033,2024-12-24,2025-10-20,Charging port not working,Resolved,12
WC004698,CUST046048,P0131,ST0040,2025-10-09,2025-10-20,Water damage,Resolved,12
WC000211,CUST013276,P0499,ST0008,2025-06-23,2025-10-21,Network/SIM issue,Replaced,12
WC000243,CUST046249,P0550,ST0005,2025-07-16,2025-10-21,Charging port not working,Resolved,12
WC000342,CUST018251,P0202,ST0024,2025-08-05,2025-10-21,Camera not focusing,Resolved,12
WC002171,CUST022990,P0573,ST0023,2024-11-10,2025-10-21,Software update issue,Replaced,12
WC003544,CUST017101,P0382,ST0047,2025-01-05,2025-10-21,Screen flickering,Resolved,12
WC004416,CUST034497,P0491,ST0051,2024-10-28,2025-10-21,Physical damage - screen crack,Resolved,12
WC000377,CUST024670,P0025,ST0046,2023-11-15,2025-10-22,Battery draining fast,Resolved,24
WC001558,CUST020415,P0284,ST0057,2025-07-30,2025-10-22,Overheating during use,In Progress,12
WC004198,CUST036219,P0411,ST0058,2025-09-26,2025-10-22,Network/SIM issue,Pending Pickup,12
WC004666,CUST011657,P0069,ST0008,2025-03-22,2025-10-22,Speaker/mic not working,Rejected - Out of Warranty,12
WC004811,CUST029454,P0292,ST0004,2024-10-31,2025-10-22,Screen flickering,Rejected - Out of Warranty,12
WC002404,CUST028570,P0257,ST0056,2025-05-11,2025-10-23,Speaker/mic not working,Resolved,12
WC002557,CUST033099,P0147,ST0037,2025-09-19,2025-10-23,Water damage,Replaced,12
WC003926,CUST024473,P0302,ST0015,2024-12-11,2025-10-23,Network/SIM issue,Pending Pickup,12
WC005708,CUST026144,P0465,ST0011,2025-03-29,2025-10-23,Overheating during use,Resolved,12
WC000123,CUST044553,P0198,ST0048,2024-11-09,2025-10-24,Physical damage - screen crack,Resolved,12
WC001754,CUST005022,P0442,ST0019,2024-11-08,2025-10-24,Charging port not working,Resolved,12
WC004199,CUST048769,P0563,ST0048,2024-05-23,2025-10-24,Physical damage - screen crack,In Progress,24
WC005961,CUST026427,P0260,ST0059,2025-09-24,2025-10-24,Battery draining fast,Replaced,12
WC000452,CUST039700,P0534,ST0047,2025-05-01,2025-10-25,Software update issue,Resolved,24
WC000542,CUST041310,P0492,ST0037,2025-02-15,2025-10-25,Battery draining fast,Resolved,12
WC002068,CUST019175,P0336,ST0042,2024-12-01,2025-10-25,Physical damage - screen crack,In Progress,12
WC003516,CUST005689,P0072,ST0031,2025-03-10,2025-10-25,Battery draining fast,Resolved,12
WC005655,CUST019511,P0432,ST0026,2025-03-11,2025-10-25,Water damage,Rejected - Out of Warranty,12
WC005934,CUST032019,P0600,ST0047,2025-02-16,2025-10-25,Camera not focusing,Resolved,12
WC000214,CUST005859,P0068,ST0047,2025-02-21,2025-10-26,Physical damage - screen crack,Resolved,12
WC000693,CUST046085,P0350,ST0039,2025-01-13,2025-10-26,Overheating during use,Resolved,12
WC002498,CUST002693,P0252,ST0016,2025-06-01,2025-10-26,Network/SIM issue,Resolved,12
WC002769,CUST036644,P0098,ST0023,2025-05-29,2025-10-26,Charging port not working,In Progress,12
WC003847,CUST045582,P0236,ST0029,2024-11-09,2025-10-26,Software update issue,In Progress,12
WC005562,CUST044419,P0531,ST0035,2025-02-25,2025-10-26,Charging port not working,Resolved,12
WC005648,CUST006815,P0482,ST0054,2024-01-30,2025-10-26,Speaker/mic not working,Replaced,24
WC005825,CUST024680,P0443,ST0005,2025-08-23,2025-10-26,Battery draining fast,Resolved,12
WC000591,CUST005449,P0537,ST0042,2024-12-25,2025-10-27,Speaker/mic not working,Rejected - Out of Warranty,12
WC001697,CUST036597,P0462,ST0036,2025-10-10,2025-10-27,Battery draining fast,Resolved,24
WC002450,CUST004369,P0386,ST0037,2025-04-22,2025-10-27,Physical damage - screen crack,In Progress,12
WC002939,CUST000492,P0448,ST0058,2024-09-09,2025-10-27,Screen flickering,Resolved,24
WC003655,CUST006963,P0486,ST0018,2024-11-23,2025-10-27,Battery draining fast,Resolved,24
WC000835,CUST049648,P0184,ST0043,2025-09-26,2025-10-28,Camera not focusing,In Progress,12
WC001304,CUST032378,P0179,ST0009,2025-06-23,2025-10-28,Overheating during use,Resolved,12
WC001514,CUST044069,P0342,ST0018,2024-12-08,2025-10-28,Speaker/mic not working,Replaced,12
WC001698,CUST029022,P0095,ST0019,2025-06-19,2025-10-28,Battery draining fast,Resolved,12
WC003447,CUST025478,P0356,ST0005,2024-12-09,2025-10-28,Software update issue,Resolved,12
WC003558,CUST010573,P0036,ST0049,2025-03-15,2025-10-28,Water damage,Resolved,12
WC003735,CUST012645,P0527,ST0006,2025-10-17,2025-10-28,Speaker/mic not working,Rejected - Out of Warranty,12
WC004036,CUST017664,P0276,ST0019,2024-11-25,2025-10-28,Water damage,Resolved,24
WC000246,CUST031713,P0203,ST0021,2024-12-21,2025-10-29,Battery draining fast,Replaced,12
WC001156,CUST004432,P0487,ST0032,2025-02-21,2025-10-29,Battery draining fast,Replaced,12
WC004684,CUST002344,P0193,ST0022,2024-12-02,2025-10-29,Screen flickering,In Progress,12
WC004896,CUST008999,P0582,ST0030,2025-02-14,2025-10-29,Network/SIM issue,Replaced,24
WC005593,CUST041026,P0381,ST0028,2025-10-24,2025-10-29,Water damage,Resolved,12
WC001811,CUST017885,P0356,ST0026,2025-03-01,2025-10-30,Battery draining fast,In Progress,12
WC003250,CUST049754,P0329,ST0024,2025-02-27,2025-10-30,Water damage,Resolved,12
WC000879,CUST027736,P0475,ST0002,2024-06-04,2025-10-31,Water damage,Replaced,24
WC001565,CUST011908,P0324,ST0057,2025-05-28,2025-10-31,Battery draining fast,Resolved,12
WC005002,CUST014017,P0052,ST0047,2025-07-16,2025-11-01,Physical damage - screen crack,Resolved,12
WC005032,CUST039105,P0186,ST0010,2025-09-30,2025-11-01,Charging port not working,Pending Pickup,12
WC005263,CUST048343,P0135,ST0044,2024-12-07,2025-11-01,Software update issue,Rejected - Out of Warranty,12
WC005361,CUST009192,P0480,ST0043,2025-07-13,2025-11-01,Charging port not working,Rejected - Out of Warranty,12
WC005363,CUST014625,P0362,ST0001,2025-02-11,2025-11-01,Software update issue,In Progress,12
WC000970,CUST042877,P0367,ST0020,2025-01-09,2025-11-02,Software update issue,Resolved,12
WC001517,CUST009166,P0342,ST0033,2025-08-24,2025-11-02,Physical damage - screen crack,Pending Pickup,12
WC004135,CUST042253,P0557,ST0045,2025-01-15,2025-11-02,Camera not focusing,Pending Pickup,12
WC004541,CUST036946,P0281,ST0041,2025-05-11,2025-11-02,Overheating during use,Resolved,12
WC005187,CUST035841,P0291,ST0032,2025-09-19,2025-11-02,Network/SIM issue,Resolved,12
WC005209,CUST015163,P0153,ST0059,2025-05-15,2025-11-02,Camera not focusing,In Progress,12
WC000502,CUST023853,P0593,ST0052,2025-01-29,2025-11-03,Battery draining fast,Replaced,12
WC000893,CUST028374,P0370,ST0039,2024-12-11,2025-11-03,Camera not focusing,Resolved,12
WC003333,CUST038707,P0352,ST0026,2025-04-03,2025-11-03,Camera not focusing,Pending Pickup,12
WC003597,CUST025183,P0315,ST0050,2025-09-16,2025-11-03,Water damage,Resolved,12
WC005278,CUST023968,P0505,ST0048,2025-01-24,2025-11-03,Network/SIM issue,Rejected - Out of Warranty,12
WC001170,CUST040580,P0028,ST0007,2025-08-16,2025-11-04,Software update issue,Pending Pickup,12
WC001982,CUST013971,P0238,ST0052,2025-03-17,2025-11-04,Screen flickering,Resolved,12
WC002144,CUST041312,P0476,ST0001,2024-12-01,2025-11-04,Speaker/mic not working,Rejected - Out of Warranty,24
WC003925,CUST046020,P0283,ST0055,2025-08-04,2025-11-04,Speaker/mic not working,Resolved,12
WC003974,CUST010190,P0100,ST0058,2025-02-17,2025-11-04,Speaker/mic not working,In Progress,12
WC004740,CUST003519,P0589,ST0038,2025-06-14,2025-11-04,Water damage,Pending Pickup,12
WC004800,CUST030203,P0501,ST0018,2025-10-05,2025-11-04,Battery draining fast,Rejected - Out of Warranty,12
WC000231,CUST031717,P0454,ST0049,2024-12-03,2025-11-05,Physical damage - screen crack,Resolved,12
WC001729,CUST048681,P0486,ST0046,2025-06-13,2025-11-05,Physical damage - screen crack,Resolved,24
WC001938,CUST024671,P0091,ST0007,2025-03-21,2025-11-05,Water damage,Resolved,12
WC004870,CUST035579,P0395,ST0003,2025-09-06,2025-11-05,Screen flickering,Resolved,12
WC005268,CUST008004,P0244,ST0038,2025-10-30,2025-11-05,Software update issue,Resolved,12
WC002559,CUST037856,P0134,ST0007,2025-07-27,2025-11-06,Physical damage - screen crack,Replaced,12
WC002575,CUST043813,P0137,ST0038,2024-12-26,2025-11-06,Overheating during use,Resolved,12
WC003145,CUST048241,P0088,ST0005,2025-06-22,2025-11-06,Speaker/mic not working,In Progress,12
WC003151,CUST017065,P0440,ST0015,2024-12-02,2025-11-06,Camera not focusing,Resolved,12
WC004898,CUST012217,P0598,ST0017,2024-11-26,2025-11-06,Water damage,Pending Pickup,12
WC005614,CUST043599,P0496,ST0025,2025-05-25,2025-11-06,Battery draining fast,Resolved,12
WC005797,CUST014991,P0485,ST0036,2025-05-10,2025-11-06,Battery draining fast,Resolved,12
WC000056,CUST011124,P0568,ST0047,2025-04-01,2025-11-07,Screen flickering,Rejected - Out of Warranty,12
WC000651,CUST010013,P0158,ST0008,2024-05-29,2025-11-07,Water damage,Resolved,24
WC002684,CUST020405,P0006,ST0051,2024-08-29,2025-11-07,Charging port not working,Resolved,24
WC003339,CUST049248,P0336,ST0052,2025-04-19,2025-11-07,Speaker/mic not working,Resolved,12
WC005182,CUST024191,P0119,ST0037,2025-02-01,2025-11-07,Screen flickering,Resolved,12
WC005395,CUST031839,P0010,ST0052,2025-08-20,2025-11-07,Speaker/mic not working,Resolved,12
WC005613,CUST047600,P0440,ST0056,2025-02-04,2025-11-07,Water damage,Resolved,12
WC000783,CUST033794,P0263,ST0012,2024-12-16,2025-11-08,Screen flickering,Resolved,24
WC000856,CUST042917,P0571,ST0037,2025-01-29,2025-11-08,Network/SIM issue,Resolved,12
WC003055,CUST005131,P0487,ST0053,2025-08-29,2025-11-08,Network/SIM issue,Pending Pickup,12
WC004207,CUST047795,P0084,ST0047,2025-02-22,2025-11-08,Network/SIM issue,Pending Pickup,12
WC004398,CUST019975,P0600,ST0040,2025-03-03,2025-11-08,Screen flickering,Resolved,12
WC004407,CUST035831,P0455,ST0042,2025-05-17,2025-11-08,Water damage,Resolved,12
WC004827,CUST019874,P0419,ST0012,2025-07-17,2025-11-08,Software update issue,Pending Pickup,12
WC005141,CUST036692,P0294,ST0030,2024-12-13,2025-11-08,Software update issue,In Progress,12
WC001242,CUST035833,P0520,ST0004,2025-07-28,2025-11-09,Software update issue,Resolved,12
WC001594,CUST040480,P0191,ST0054,2025-07-25,2025-11-09,Physical damage - screen crack,Replaced,12
WC002014,CUST016114,P0111,ST0016,2025-10-20,2025-11-09,Physical damage - screen crack,Resolved,12
WC002191,CUST013130,P0426,ST0039,2025-06-07,2025-11-09,Water damage,Resolved,12
WC002383,CUST036221,P0431,ST0020,2024-12-31,2025-11-09,Software update issue,Resolved,12
WC003191,CUST042950,P0051,ST0046,2025-02-04,2025-11-09,Overheating during use,Resolved,12
WC003636,CUST015968,P0167,ST0005,2024-04-13,2025-11-09,Overheating during use,Resolved,24
WC003786,CUST047141,P0213,ST0058,2025-05-21,2025-11-09,Charging port not working,Replaced,12
WC004174,CUST028493,P0019,ST0056,2025-06-27,2025-11-09,Speaker/mic not working,Pending Pickup,12
WC005126,CUST020397,P0091,ST0007,2025-02-22,2025-11-09,Charging port not working,Resolved,12
WC000984,CUST025702,P0388,ST0046,2024-01-24,2025-11-10,Overheating during use,Rejected - Out of Warranty,24
WC001445,CUST026953,P0505,ST0012,2025-09-14,2025-11-10,Physical damage - screen crack,Resolved,12
WC002362,CUST047575,P0142,ST0023,2025-02-01,2025-11-10,Charging port not working,Resolved,12
WC002763,CUST007962,P0496,ST0016,2025-02-06,2025-11-10,Screen flickering,Resolved,12
WC001730,CUST022027,P0009,ST0021,2025-10-18,2025-11-11,Speaker/mic not working,Resolved,12
WC001894,CUST031110,P0355,ST0027,2024-12-07,2025-11-11,Speaker/mic not working,Resolved,12
WC002079,CUST031255,P0020,ST0059,2025-10-23,2025-11-11,Camera not focusing,Pending Pickup,12
WC003970,CUST046869,P0065,ST0050,2025-02-04,2025-11-11,Network/SIM issue,Resolved,12
WC005319,CUST020875,P0359,ST0001,2025-10-31,2025-11-11,Battery draining fast,Pending Pickup,12
WC005767,CUST049649,P0318,ST0015,2024-12-31,2025-11-11,Water damage,Resolved,12
WC004537,CUST027623,P0272,ST0027,2024-11-20,2025-11-12,Battery draining fast,Resolved,12
WC002447,CUST022661,P0493,ST0012,2025-02-16,2025-11-13,Network/SIM issue,Resolved,12
WC004081,CUST002920,P0150,ST0051,2025-11-03,2025-11-13,Network/SIM issue,Resolved,12
WC004814,CUST047965,P0150,ST0024,2025-03-10,2025-11-13,Screen flickering,Rejected - Out of Warranty,12
WC005046,CUST040551,P0154,ST0008,2025-04-26,2025-11-13,Network/SIM issue,Resolved,12
WC005417,CUST031272,P0373,ST0060,2025-05-05,2025-11-13,Water damage,Replaced,12
WC005902,CUST003055,P0495,ST0037,2025-05-27,2025-11-13,Software update issue,Resolved,12
WC002024,CUST012187,P0555,ST0018,2025-03-22,2025-11-14,Charging port not working,Resolved,12
WC002188,CUST045487,P0130,ST0051,2024-11-28,2025-11-14,Speaker/mic not working,Resolved,12
WC002943,CUST026663,P0576,ST0047,2025-10-07,2025-11-14,Battery draining fast,In Progress,12
WC004326,CUST007553,P0556,ST0042,2024-11-28,2025-11-14,Overheating during use,Resolved,12
WC004410,CUST003043,P0367,ST0041,2025-04-13,2025-11-14,Water damage,Rejected - Out of Warranty,12
WC004823,CUST020495,P0580,ST0042,2025-10-10,2025-11-14,Network/SIM issue,In Progress,12
WC005142,CUST047204,P0289,ST0036,2025-07-21,2025-11-14,Charging port not working,Rejected - Out of Warranty,24
WC005316,CUST003154,P0060,ST0012,2025-10-25,2025-11-14,Charging port not working,In Progress,12
WC005378,CUST012016,P0167,ST0041,2025-09-30,2025-11-14,Screen flickering,Replaced,24
WC005560,CUST029437,P0531,ST0006,2025-04-20,2025-11-14,Software update issue,Rejected - Out of Warranty,12
WC005626,CUST002384,P0399,ST0045,2025-10-22,2025-11-14,Speaker/mic not working,Rejected - Out of Warranty,12
WC004686,CUST000915,P0015,ST0029,2025-02-24,2025-11-15,Network/SIM issue,In Progress,12
WC005720,CUST036402,P0401,ST0054,2025-10-02,2025-11-15,Speaker/mic not working,Replaced,12
WC004462,CUST017457,P0431,ST0046,2025-03-03,2025-11-16,Overheating during use,Replaced,12
WC004526,CUST016645,P0039,ST0026,2025-03-04,2025-11-16,Overheating during use,Resolved,12
WC005483,CUST049800,P0361,ST0035,2025-07-27,2025-11-16,Network/SIM issue,In Progress,12
WC004186,CUST014909,P0166,ST0036,2025-01-09,2025-11-17,Speaker/mic not working,Pending Pickup,12
WC004626,CUST011942,P0400,ST0006,2025-01-15,2025-11-17,Screen flickering,In Progress,12
WC005924,CUST034291,P0010,ST0042,2025-07-18,2025-11-17,Camera not focusing,Pending Pickup,12
WC001483,CUST007788,P0236,ST0023,2025-02-17,2025-11-18,Screen flickering,Resolved,12
WC000523,CUST013653,P0409,ST0026,2025-10-11,2025-11-19,Water damage,Rejected - Out of Warranty,12
WC002620,CUST009264,P0458,ST0030,2025-03-17,2025-11-19,Network/SIM issue,Replaced,12
WC002911,CUST042450,P0486,ST0038,2024-06-21,2025-11-19,Physical damage - screen crack,Resolved,24
WC004763,CUST048390,P0404,ST0033,2025-01-07,2025-11-19,Overheating during use,Resolved,12
WC004905,CUST046816,P0028,ST0039,2025-04-22,2025-11-19,Software update issue,In Progress,12
WC005816,CUST000079,P0204,ST0035,2025-05-06,2025-11-19,Camera not focusing,Resolved,12
WC000418,CUST008498,P0134,ST0050,2025-04-21,2025-11-20,Physical damage - screen crack,Replaced,12
WC001613,CUST039688,P0556,ST0025,2025-05-28,2025-11-20,Screen flickering,In Progress,12
WC002933,CUST043700,P0307,ST0027,2025-10-27,2025-11-20,Charging port not working,Resolved,12
WC003041,CUST011958,P0200,ST0014,2024-12-10,2025-11-20,Screen flickering,Replaced,24
WC003545,CUST018018,P0241,ST0015,2025-09-24,2025-11-20,Water damage,Rejected - Out of Warranty,12
WC003596,CUST023136,P0589,ST0038,2024-12-07,2025-11-20,Software update issue,Resolved,12
WC004651,CUST041745,P0427,ST0036,2024-12-07,2025-11-20,Physical damage - screen crack,Resolved,12
WC000061,CUST019267,P0201,ST0055,2025-08-30,2025-11-21,Speaker/mic not working,Resolved,12
WC000208,CUST018484,P0561,ST0007,2025-05-19,2025-11-21,Speaker/mic not working,In Progress,12
WC000919,CUST027771,P0267,ST0026,2025-10-05,2025-11-21,Overheating during use,Rejected - Out of Warranty,12
WC002995,CUST013164,P0597,ST0004,2025-05-29,2025-11-21,Charging port not working,Resolved,12
WC003404,CUST035077,P0408,ST0044,2025-07-16,2025-11-21,Speaker/mic not working,In Progress,12
WC005796,CUST017163,P0023,ST0056,2025-03-01,2025-11-21,Network/SIM issue,Replaced,12
WC001174,CUST005138,P0583,ST0021,2024-11-28,2025-11-22,Physical damage - screen crack,In Progress,12
WC002329,CUST023628,P0575,ST0050,2025-06-07,2025-11-22,Charging port not working,Rejected - Out of Warranty,24
WC003749,CUST034359,P0104,ST0017,2025-07-01,2025-11-22,Battery draining fast,Replaced,12
WC003972,CUST024772,P0137,ST0037,2025-05-16,2025-11-22,Network/SIM issue,Replaced,12
WC004070,CUST025269,P0156,ST0050,2025-02-14,2025-11-22,Software update issue,Pending Pickup,12
WC002234,CUST031645,P0268,ST0038,2025-05-16,2025-11-23,Software update issue,Pending Pickup,12
WC003306,CUST024524,P0280,ST0012,2025-01-10,2025-11-23,Charging port not working,Pending Pickup,24
WC003915,CUST023469,P0101,ST0015,2025-02-28,2025-11-23,Speaker/mic not working,Resolved,12
WC000131,CUST032635,P0500,ST0014,2025-07-17,2025-11-24,Camera not focusing,Resolved,12
WC001724,CUST028262,P0244,ST0014,2025-03-05,2025-11-24,Screen flickering,In Progress,12
WC003317,CUST035441,P0476,ST0035,2024-12-12,2025-11-24,Water damage,Pending Pickup,24
WC003704,CUST040866,P0101,ST0060,2025-01-15,2025-11-24,Charging port not working,Resolved,12
WC004992,CUST010071,P0582,ST0010,2024-01-10,2025-11-24,Network/SIM issue,Resolved,24
WC000629,CUST026329,P0221,ST0044,2025-09-11,2025-11-26,Network/SIM issue,Resolved,12
WC001971,CUST013070,P0501,ST0053,2025-03-13,2025-11-26,Battery draining fast,Rejected - Out of Warranty,12
WC002604,CUST048122,P0245,ST0053,2024-12-25,2025-11-26,Water damage,Resolved,12
WC003586,CUST020001,P0212,ST0026,2025-04-26,2025-11-26,Charging port not working,Resolved,12
WC004452,CUST015966,P0376,ST0028,2025-05-11,2025-11-26,Water damage,Pending Pickup,12
WC005348,CUST046623,P0090,ST0010,2024-12-04,2025-11-26,Overheating during use,Resolved,12
WC000042,CUST046723,P0500,ST0013,2025-05-31,2025-11-27,Physical damage - screen crack,Rejected - Out of Warranty,12
WC001276,CUST048019,P0057,ST0044,2025-07-27,2025-11-27,Overheating during use,In Progress,12
WC003720,CUST040331,P0104,ST0032,2025-11-07,2025-11-27,Network/SIM issue,Replaced,12
WC003928,CUST015880,P0399,ST0060,2025-02-26,2025-11-27,Water damage,Rejected - Out of Warranty,12
WC004428,CUST045961,P0384,ST0037,2025-03-03,2025-11-27,Software update issue,Replaced,12
WC004648,CUST038221,P0397,ST0004,2025-10-27,2025-11-27,Camera not focusing,Resolved,12
WC005197,CUST040104,P0416,ST0053,2025-03-07,2025-11-27,Screen flickering,Resolved,12
WC000841,CUST001104,P0167,ST0031,2025-09-24,2025-11-28,Camera not focusing,Pending Pickup,24
WC001296,CUST009337,P0571,ST0029,2025-02-28,2025-11-28,Physical damage - screen crack,In Progress,12
WC004790,CUST018248,P0093,ST0047,2025-10-14,2025-11-28,Camera not focusing,Resolved,12
WC005750,CUST000154,P0501,ST0051,2025-01-17,2025-11-28,Speaker/mic not working,Resolved,12
WC000862,CUST019155,P0153,ST0029,2025-08-19,2025-11-29,Water damage,Replaced,12
WC000915,CUST017926,P0120,ST0005,2025-08-29,2025-11-29,Battery draining fast,Rejected - Out of Warranty,12
WC003265,CUST024606,P0495,ST0043,2025-04-20,2025-11-29,Network/SIM issue,In Progress,12
WC004195,CUST020324,P0486,ST0030,2025-11-16,2025-11-29,Overheating during use,Pending Pickup,24
WC005050,CUST026632,P0331,ST0049,2025-07-04,2025-11-29,Camera not focusing,Pending Pickup,12
WC000503,CUST049674,P0183,ST0013,2025-06-07,2025-11-30,Battery draining fast,Rejected - Out of Warranty,12
WC001142,CUST047024,P0450,ST0040,2025-09-03,2025-11-30,Speaker/mic not working,Replaced,12
WC001661,CUST035929,P0239,ST0023,2025-05-30,2025-11-30,Screen flickering,Pending Pickup,12
WC004030,CUST032606,P0470,ST0049,2025-04-08,2025-11-30,Charging port not working,Resolved,12
WC004473,CUST041966,P0014,ST0014,2025-02-05,2025-11-30,Speaker/mic not working,Resolved,12
WC004852,CUST005361,P0170,ST0047,2025-10-30,2025-11-30,Screen flickering,Pending Pickup,12
WC004922,CUST029267,P0080,ST0060,2025-04-14,2025-11-30,Speaker/mic not working,In Progress,12
WC005055,CUST027960,P0534,ST0015,2024-03-11,2025-11-30,Charging port not working,Resolved,24
WC003076,CUST039163,P0159,ST0035,2025-04-20,2025-12-01,Battery draining fast,Resolved,12
WC003206,CUST032284,P0157,ST0029,2025-05-14,2025-12-01,Network/SIM issue,Resolved,12
WC004848,CUST044772,P0532,ST0050,2025-11-09,2025-12-01,Water damage,In Progress,12
WC005488,CUST037142,P0265,ST0038,2025-02-06,2025-12-01,Software update issue,Resolved,12
WC000101,CUST017703,P0261,ST0058,2025-05-07,2025-12-02,Camera not focusing,Replaced,12
WC000759,CUST009000,P0304,ST0043,2025-01-29,2025-12-02,Speaker/mic not working,Resolved,12
WC003826,CUST047152,P0435,ST0020,2024-12-19,2025-12-02,Charging port not working,Resolved,12
WC001282,CUST033651,P0339,ST0029,2025-08-29,2025-12-03,Physical damage - screen crack,Resolved,12
WC002827,CUST012435,P0274,ST0051,2025-11-27,2025-12-03,Software update issue,Resolved,12
WC002865,CUST014855,P0248,ST0002,2025-11-27,2025-12-03,Software update issue,Resolved,12
WC004656,CUST029100,P0578,ST0022,2024-12-30,2025-12-03,Charging port not working,Resolved,12
WC005076,CUST008350,P0299,ST0023,2025-01-30,2025-12-03,Physical damage - screen crack,Pending Pickup,12
WC005383,CUST021994,P0522,ST0060,2025-01-26,2025-12-03,Software update issue,Pending Pickup,12
WC001830,CUST033456,P0143,ST0056,2025-09-11,2025-12-04,Battery draining fast,In Progress,12
WC002313,CUST013380,P0003,ST0009,2025-10-02,2025-12-04,Overheating during use,In Progress,12
WC002958,CUST029508,P0113,ST0021,2025-01-05,2025-12-04,Physical damage - screen crack,Replaced,12
WC004438,CUST022884,P0049,ST0060,2025-07-01,2025-12-04,Charging port not working,Pending Pickup,12
WC004608,CUST002455,P0302,ST0044,2025-09-19,2025-12-04,Speaker/mic not working,Resolved,12
WC000277,CUST042293,P0250,ST0045,2025-09-04,2025-12-05,Overheating during use,Resolved,12
WC000404,CUST042645,P0277,ST0022,2025-02-14,2025-12-05,Physical damage - screen crack,Pending Pickup,12
WC000426,CUST012556,P0290,ST0012,2024-02-04,2025-12-05,Charging port not working,Pending Pickup,24
WC000507,CUST014668,P0106,ST0033,2025-03-21,2025-12-05,Water damage,Pending Pickup,12
WC003628,CUST001659,P0587,ST0004,2025-04-10,2025-12-05,Speaker/mic not working,Rejected - Out of Warranty,12
WC003946,CUST030634,P0007,ST0023,2025-06-21,2025-12-05,Speaker/mic not working,In Progress,12
WC004460,CUST014787,P0508,ST0024,2025-06-25,2025-12-05,Screen flickering,Resolved,12
WC004501,CUST035538,P0487,ST0042,2025-11-12,2025-12-05,Speaker/mic not working,Resolved,12
WC004572,CUST009637,P0155,ST0055,2024-12-19,2025-12-05,Camera not focusing,Rejected - Out of Warranty,12
WC004727,CUST013873,P0258,ST0049,2025-06-24,2025-12-05,Camera not focusing,Resolved,12
WC004821,CUST012032,P0080,ST0016,2025-02-26,2025-12-05,Speaker/mic not working,In Progress,12
WC004839,CUST030022,P0014,ST0034,2025-07-06,2025-12-05,Charging port not working,Pending Pickup,12
WC000260,CUST010006,P0115,ST0036,2025-11-03,2025-12-06,Screen flickering,Resolved,12
WC000431,CUST037966,P0417,ST0033,2025-05-28,2025-12-06,Physical damage - screen crack,Resolved,12
WC001115,CUST021644,P0508,ST0023,2025-04-22,2025-12-06,Water damage,Resolved,12
WC001384,CUST047258,P0549,ST0043,2025-10-18,2025-12-06,Software update issue,Replaced,12
WC004304,CUST036645,P0220,ST0032,2025-02-18,2025-12-06,Network/SIM issue,Resolved,12
WC005742,CUST024434,P0230,ST0003,2025-08-08,2025-12-06,Charging port not working,Resolved,12
WC005966,CUST045151,P0498,ST0017,2025-03-10,2025-12-06,Camera not focusing,In Progress,12
WC004168,CUST034145,P0533,ST0030,2025-10-22,2025-12-07,Screen flickering,Resolved,12
WC005896,CUST009177,P0353,ST0015,2025-05-22,2025-12-07,Physical damage - screen crack,In Progress,12
WC004047,CUST018495,P0370,ST0014,2025-11-28,2025-12-08,Network/SIM issue,Resolved,12
WC004752,CUST030646,P0072,ST0005,2025-04-26,2025-12-08,Overheating during use,Rejected - Out of Warranty,12
WC000102,CUST039853,P0226,ST0008,2025-11-20,2025-12-09,Speaker/mic not working,Replaced,12
WC002704,CUST021016,P0184,ST0023,2025-01-08,2025-12-09,Overheating during use,Replaced,12
WC003111,CUST013549,P0202,ST0025,2025-05-04,2025-12-09,Speaker/mic not working,Replaced,12
WC004446,CUST044430,P0577,ST0038,2025-06-09,2025-12-09,Overheating during use,Pending Pickup,12
WC005518,CUST031107,P0043,ST0016,2025-04-09,2025-12-09,Physical damage - screen crack,In Progress,12
WC005878,CUST007211,P0427,ST0035,2025-05-29,2025-12-09,Physical damage - screen crack,Pending Pickup,12
WC003426,CUST001015,P0023,ST0003,2025-07-19,2025-12-10,Physical damage - screen crack,Resolved,12
WC004671,CUST019220,P0454,ST0060,2025-10-20,2025-12-10,Charging port not working,Rejected - Out of Warranty,12
WC005541,CUST040519,P0448,ST0052,2024-03-11,2025-12-10,Battery draining fast,Replaced,24
WC002916,CUST022652,P0270,ST0033,2025-10-02,2025-12-11,Screen flickering,Rejected - Out of Warranty,12
WC003187,CUST010514,P0445,ST0007,2025-09-25,2025-12-11,Overheating during use,Replaced,12
WC003897,CUST019525,P0200,ST0006,2025-07-07,2025-12-11,Network/SIM issue,Resolved,24
WC004717,CUST022601,P0579,ST0007,2025-09-07,2025-12-11,Charging port not working,Pending Pickup,12
WC005814,CUST000660,P0341,ST0014,2025-08-03,2025-12-11,Network/SIM issue,In Progress,12
WC000282,CUST046571,P0422,ST0049,2025-09-22,2025-12-12,Network/SIM issue,Resolved,12
WC001267,CUST025999,P0041,ST0047,2025-11-07,2025-12-12,Physical damage - screen crack,In Progress,12
WC001710,CUST010288,P0411,ST0027,2025-06-14,2025-12-12,Physical damage - screen crack,Resolved,12
WC002209,CUST010558,P0197,ST0024,2025-08-11,2025-12-12,Physical damage - screen crack,Replaced,12
WC005119,CUST010611,P0439,ST0055,2025-07-03,2025-12-12,Network/SIM issue,Resolved,12
WC001735,CUST013887,P0544,ST0036,2025-11-11,2025-12-13,Network/SIM issue,Resolved,12
WC002938,CUST002948,P0365,ST0055,2025-10-12,2025-12-13,Charging port not working,Resolved,12
WC003062,CUST004949,P0135,ST0047,2025-02-23,2025-12-13,Physical damage - screen crack,Replaced,12
WC003906,CUST009597,P0378,ST0047,2024-12-21,2025-12-13,Network/SIM issue,Replaced,12
WC003961,CUST021004,P0582,ST0022,2025-10-01,2025-12-13,Network/SIM issue,Resolved,24
WC001836,CUST034822,P0458,ST0047,2025-02-04,2025-12-14,Network/SIM issue,In Progress,12
WC003675,CUST044033,P0379,ST0004,2025-10-15,2025-12-14,Speaker/mic not working,Resolved,12
WC005676,CUST026983,P0289,ST0041,2024-03-23,2025-12-14,Water damage,Resolved,24
WC005999,CUST045336,P0250,ST0021,2025-08-16,2025-12-14,Network/SIM issue,Resolved,12
WC000386,CUST033558,P0306,ST0017,2025-05-21,2025-12-15,Battery draining fast,Pending Pickup,12
WC001629,CUST025366,P0500,ST0035,2025-04-26,2025-12-15,Overheating during use,In Progress,12
WC001656,CUST043381,P0550,ST0036,2024-12-29,2025-12-15,Overheating during use,Resolved,12
WC002074,CUST016097,P0170,ST0016,2025-06-23,2025-12-15,Network/SIM issue,Resolved,12
WC001515,CUST039648,P0204,ST0026,2025-02-18,2025-12-16,Water damage,Resolved,12
WC001813,CUST023461,P0515,ST0024,2025-09-26,2025-12-16,Camera not focusing,Resolved,12
WC002181,CUST041922,P0316,ST0054,2025-03-20,2025-12-16,Water damage,Resolved,12
WC003633,CUST002352,P0503,ST0020,2025-05-30,2025-12-16,Overheating during use,Resolved,12
WC004006,CUST047486,P0227,ST0015,2024-03-12,2025-12-16,Speaker/mic not working,Resolved,24
WC005058,CUST039850,P0535,ST0040,2025-02-09,2025-12-16,Water damage,Resolved,12
WC005136,CUST038418,P0113,ST0053,2025-05-07,2025-12-16,Software update issue,Resolved,12
WC005484,CUST044148,P0053,ST0012,2024-09-06,2025-12-16,Charging port not working,Replaced,24
WC005867,CUST018175,P0089,ST0059,2025-06-12,2025-12-16,Speaker/mic not working,Rejected - Out of Warranty,12
WC005898,CUST044378,P0119,ST0015,2025-10-29,2025-12-16,Screen flickering,In Progress,12
WC000462,CUST006497,P0276,ST0041,2024-01-05,2025-12-17,Camera not focusing,In Progress,24
WC000615,CUST000877,P0425,ST0051,2025-08-10,2025-12-17,Physical damage - screen crack,Resolved,12
WC005941,CUST034804,P0175,ST0008,2025-07-19,2025-12-17,Camera not focusing,Resolved,12
WC001432,CUST020574,P0507,ST0014,2025-01-18,2025-12-18,Overheating during use,Pending Pickup,12
WC001527,CUST003692,P0381,ST0058,2025-08-23,2025-12-18,Charging port not working,Resolved,12
WC001792,CUST023434,P0386,ST0007,2025-02-23,2025-12-18,Network/SIM issue,Resolved,12
WC003572,CUST039459,P0449,ST0009,2025-09-08,2025-12-18,Overheating during use,In Progress,12
WC001804,CUST030580,P0459,ST0034,2025-10-19,2025-12-19,Overheating during use,Resolved,12
WC000059,CUST047043,P0213,ST0050,2025-03-28,2025-12-20,Network/SIM issue,Resolved,12
WC000373,CUST009938,P0137,ST0023,2025-06-14,2025-12-20,Physical damage - screen crack,Resolved,12
WC000442,CUST010753,P0089,ST0009,2025-07-31,2025-12-20,Screen flickering,Resolved,12
WC001872,CUST022106,P0053,ST0040,2025-01-28,2025-12-20,Camera not focusing,Resolved,24
WC001933,CUST023923,P0511,ST0022,2025-04-07,2025-12-20,Water damage,Resolved,12
WC002546,CUST025214,P0079,ST0059,2024-04-23,2025-12-20,Speaker/mic not working,Rejected - Out of Warranty,24
WC004633,CUST041190,P0585,ST0055,2025-06-16,2025-12-20,Screen flickering,Rejected - Out of Warranty,12
WC001699,CUST047244,P0553,ST0014,2025-11-04,2025-12-21,Battery draining fast,Pending Pickup,12
WC004285,CUST029722,P0525,ST0012,2025-05-25,2025-12-21,Battery draining fast,Resolved,24
WC000268,CUST006442,P0408,ST0036,2025-11-06,2025-12-22,Water damage,In Progress,12
WC000379,CUST026353,P0476,ST0004,2024-02-05,2025-12-22,Speaker/mic not working,Pending Pickup,24
WC000881,CUST040273,P0126,ST0006,2025-09-17,2025-12-22,Speaker/mic not working,Pending Pickup,24
WC000968,CUST019814,P0265,ST0032,2025-09-18,2025-12-22,Speaker/mic not working,Replaced,12
WC001018,CUST040702,P0073,ST0055,2025-05-03,2025-12-22,Camera not focusing,Pending Pickup,12
WC001289,CUST043412,P0188,ST0018,2024-11-07,2025-12-22,Battery draining fast,Resolved,24
WC001446,CUST017226,P0305,ST0053,2025-02-28,2025-12-22,Camera not focusing,Resolved,12
WC001485,CUST013700,P0386,ST0058,2025-06-01,2025-12-22,Camera not focusing,Pending Pickup,12
WC002994,CUST044454,P0128,ST0056,2025-01-26,2025-12-22,Charging port not working,Replaced,12
WC003303,CUST040021,P0475,ST0013,2024-02-16,2025-12-22,Charging port not working,Resolved,24
WC000138,CUST008876,P0245,ST0002,2025-10-27,2025-12-23,Network/SIM issue,Rejected - Out of Warranty,12
WC000648,CUST031454,P0212,ST0035,2025-06-10,2025-12-23,Water damage,Replaced,12
WC002003,CUST046015,P0332,ST0030,2025-07-25,2025-12-23,Software update issue,In Progress,12
WC002560,CUST022247,P0042,ST0041,2025-09-12,2025-12-23,Network/SIM issue,Replaced,12
WC002622,CUST029297,P0164,ST0011,2025-10-14,2025-12-23,Charging port not working,Replaced,12
WC003452,CUST012657,P0388,ST0007,2025-08-01,2025-12-23,Charging port not working,Resolved,24
WC005318,CUST007923,P0598,ST0033,2025-08-17,2025-12-23,Network/SIM issue,In Progress,12
WC005753,CUST010569,P0214,ST0034,2025-07-17,2025-12-23,Overheating during use,Pending Pickup,12
WC001713,CUST016301,P0306,ST0041,2025-06-10,2025-12-24,Physical damage - screen crack,Resolved,12
WC005239,CUST017257,P0561,ST0012,2025-07-26,2025-12-24,Water damage,Resolved,12
WC000137,CUST034052,P0195,ST0042,2025-12-20,2025-12-25,Water damage,In Progress,12
WC000335,CUST049085,P0346,ST0019,2025-10-20,2025-12-25,Software update issue,Rejected - Out of Warranty,12
WC000989,CUST029224,P0429,ST0011,2025-02-03,2025-12-25,Camera not focusing,Replaced,12
WC003784,CUST013240,P0543,ST0004,2024-12-28,2025-12-25,Physical damage - screen crack,Resolved,24
WC000209,CUST006150,P0461,ST0009,2025-08-21,2025-12-26,Charging port not working,Resolved,24
WC001893,CUST003373,P0425,ST0038,2025-11-04,2025-12-26,Battery draining fast,Resolved,12
WC001976,CUST032302,P0310,ST0015,2025-05-18,2025-12-26,Water damage,Resolved,12
WC002242,CUST047199,P0432,ST0016,2025-07-15,2025-12-26,Software update issue,Resolved,12
WC003878,CUST036421,P0597,ST0034,2025-12-12,2025-12-26,Charging port not working,Resolved,12
WC004605,CUST010412,P0075,ST0013,2025-04-15,2025-12-26,Software update issue,Replaced,12
WC000498,CUST027419,P0584,ST0015,2025-11-07,2025-12-27,Charging port not working,Pending Pickup,12
WC001822,CUST036312,P0599,ST0018,2025-08-30,2025-12-27,Overheating during use,Resolved,12
WC001868,CUST013623,P0274,ST0046,2025-04-02,2025-12-27,Overheating during use,Resolved,12
WC004429,CUST044000,P0060,ST0044,2025-05-28,2025-12-27,Speaker/mic not working,Rejected - Out of Warranty,12
WC002847,CUST032674,P0024,ST0032,2025-06-10,2025-12-28,Overheating during use,Replaced,12
WC003674,CUST049806,P0319,ST0049,2025-09-10,2025-12-28,Physical damage - screen crack,Resolved,12
WC004074,CUST044258,P0046,ST0044,2025-11-24,2025-12-28,Network/SIM issue,Rejected - Out of Warranty,12
WC001070,CUST009711,P0471,ST0048,2025-04-27,2025-12-29,Software update issue,Rejected - Out of Warranty,12
WC001201,CUST013321,P0405,ST0049,2025-03-01,2025-12-29,Water damage,Resolved,12
WC002109,CUST025990,P0399,ST0007,2025-05-16,2025-12-29,Screen flickering,Resolved,12
WC002250,CUST023288,P0563,ST0012,2025-01-30,2025-12-29,Speaker/mic not working,Resolved,24
WC003334,CUST046482,P0035,ST0023,2025-06-30,2025-12-29,Charging port not working,Resolved,12
WC003377,CUST005082,P0417,ST0044,2025-05-25,2025-12-29,Battery draining fast,In Progress,12
WC003511,CUST034857,P0173,ST0023,2025-07-17,2025-12-29,Software update issue,Pending Pickup,12
WC001556,CUST046017,P0427,ST0046,2025-02-05,2025-12-30,Water damage,In Progress,12
WC002281,CUST012527,P0006,ST0023,2024-07-21,2025-12-30,Overheating during use,Resolved,24
WC000916,CUST049921,P0565,ST0055,2025-05-26,2025-12-31,Charging port not working,Resolved,12
WC001507,CUST025135,P0056,ST0032,2025-02-19,2025-12-31,Software update issue,Pending Pickup,24
WC001777,CUST006079,P0355,ST0012,2025-07-12,2025-12-31,Speaker/mic not working,Pending Pickup,12
WC002915,CUST015286,P0260,ST0050,2025-10-31,2025-12-31,Overheating during use,Resolved,12
WC003043,CUST019998,P0235,ST0042,2025-05-19,2025-12-31,Software update issue,Resolved,12
WC003384,CUST015643,P0576,ST0021,2025-03-23,2025-12-31,Overheating during use,Replaced,12
WC005242,CUST027123,P0300,ST0035,2025-07-08,2025-12-31,Physical damage - screen crack,Rejected - Out of Warranty,12
WC000904,CUST031714,P0238,ST0029,2025-06-07,2026-01-01,Battery draining fast,Resolved,12
WC001353,CUST036611,P0552,ST0006,2025-09-26,2026-01-01,Speaker/mic not working,Pending Pickup,12
WC001928,CUST040817,P0042,ST0053,2025-09-20,2026-01-01,Camera not focusing,In Progress,12
WC004347,CUST029615,P0545,ST0013,2025-05-02,2026-01-01,Speaker/mic not working,Rejected - Out of Warranty,12
WC004670,CUST007958,P0095,ST0002,2025-06-13,2026-01-01,Network/SIM issue,Resolved,12
WC000160,CUST045198,P0108,ST0042,2025-07-04,2026-01-02,Speaker/mic not working,Replaced,12
WC000932,CUST041048,P0467,ST0050,2025-07-01,2026-01-02,Charging port not working,Resolved,12
WC000936,CUST011850,P0036,ST0010,2025-09-09,2026-01-02,Battery draining fast,Rejected - Out of Warranty,12
WC001387,CUST023940,P0125,ST0040,2025-05-04,2026-01-02,Screen flickering,Rejected - Out of Warranty,12
WC001945,CUST033494,P0250,ST0005,2025-07-01,2026-01-02,Water damage,Replaced,12
WC002303,CUST018029,P0239,ST0035,2025-04-20,2026-01-02,Water damage,Replaced,12
WC003684,CUST027949,P0081,ST0020,2025-09-21,2026-01-02,Software update issue,Resolved,24
WC004887,CUST044569,P0318,ST0059,2025-01-17,2026-01-02,Speaker/mic not working,Resolved,12
WC005210,CUST003050,P0564,ST0031,2025-12-24,2026-01-02,Physical damage - screen crack,Resolved,12
WC005846,CUST035468,P0122,ST0008,2025-12-24,2026-01-02,Charging port not working,Resolved,12
WC000038,CUST045108,P0588,ST0003,2025-03-18,2026-01-03,Network/SIM issue,Resolved,12
WC000360,CUST026744,P0600,ST0035,2025-01-29,2026-01-03,Overheating during use,Rejected - Out of Warranty,12
WC001247,CUST020472,P0483,ST0050,2024-03-17,2026-01-03,Speaker/mic not working,Resolved,24
WC001293,CUST025340,P0381,ST0036,2025-04-25,2026-01-03,Water damage,Resolved,12
WC001350,CUST029512,P0020,ST0055,2025-10-25,2026-01-03,Screen flickering,Resolved,12
WC003036,CUST005971,P0339,ST0045,2025-09-02,2026-01-03,Network/SIM issue,Replaced,12
WC003162,CUST045085,P0471,ST0019,2025-10-30,2026-01-03,Software update issue,In Progress,12
WC003164,CUST015327,P0209,ST0005,2025-08-12,2026-01-03,Speaker/mic not working,Pending Pickup,12
WC000594,CUST045564,P0473,ST0027,2025-01-23,2026-01-04,Battery draining fast,Resolved,12
WC001118,CUST043903,P0452,ST0001,2025-12-12,2026-01-04,Charging port not working,Resolved,24
WC001361,CUST036086,P0371,ST0025,2025-07-11,2026-01-04,Screen flickering,Resolved,12
WC004884,CUST016485,P0043,ST0041,2025-02-27,2026-01-04,Physical damage - screen crack,Resolved,12
WC000578,CUST022556,P0137,ST0050,2025-12-20,2026-01-05,Network/SIM issue,In Progress,12
WC001250,CUST046591,P0410,ST0010,2025-10-03,2026-01-05,Water damage,Resolved,12
WC002223,CUST000123,P0486,ST0025,2025-07-06,2026-01-05,Screen flickering,Rejected - Out of Warranty,24
WC003534,CUST044254,P0469,ST0043,2025-11-08,2026-01-05,Overheating during use,In Progress,12
WC004819,CUST005534,P0292,ST0004,2025-03-22,2026-01-05,Water damage,Resolved,12
WC004868,CUST015564,P0028,ST0036,2025-06-29,2026-01-05,Screen flickering,Replaced,12
WC003610,CUST005282,P0542,ST0013,2025-05-12,2026-01-06,Software update issue,Resolved,12
WC005486,CUST049778,P0210,ST0045,2025-11-21,2026-01-06,Screen flickering,Rejected - Out of Warranty,12
WC000159,CUST043155,P0275,ST0001,2025-05-19,2026-01-07,Camera not focusing,In Progress,12
WC003635,CUST006503,P0456,ST0029,2025-02-09,2026-01-07,Software update issue,Replaced,12
WC004618,CUST042650,P0320,ST0053,2025-08-23,2026-01-07,Camera not focusing,Resolved,12
WC004941,CUST025738,P0298,ST0035,2025-04-21,2026-01-07,Physical damage - screen crack,Pending Pickup,12
WC005134,CUST014724,P0049,ST0035,2025-06-13,2026-01-07,Physical damage - screen crack,Resolved,12
WC005863,CUST016929,P0278,ST0034,2025-06-05,2026-01-07,Overheating during use,Replaced,12
WC002212,CUST013997,P0205,ST0038,2025-12-11,2026-01-08,Charging port not working,In Progress,12
WC002672,CUST041387,P0252,ST0027,2025-08-19,2026-01-08,Charging port not working,In Progress,12
WC003507,CUST022905,P0101,ST0026,2025-04-06,2026-01-08,Network/SIM issue,Resolved,12
WC005542,CUST025374,P0065,ST0047,2025-09-14,2026-01-08,Camera not focusing,Replaced,12
WC000770,CUST013532,P0286,ST0032,2025-07-16,2026-01-09,Screen flickering,Rejected - Out of Warranty,12
WC000972,CUST012669,P0082,ST0005,2025-12-20,2026-01-09,Camera not focusing,Resolved,12
WC001509,CUST006577,P0381,ST0051,2025-09-06,2026-01-09,Speaker/mic not working,Pending Pickup,12
WC003038,CUST033156,P0098,ST0043,2025-09-28,2026-01-09,Charging port not working,Pending Pickup,12
WC003197,CUST018333,P0226,ST0060,2025-11-25,2026-01-09,Charging port not working,Resolved,12
WC004294,CUST049368,P0323,ST0035,2025-12-01,2026-01-09,Overheating during use,Pending Pickup,12
WC004314,CUST005617,P0090,ST0039,2025-07-11,2026-01-09,Charging port not working,In Progress,12
WC005031,CUST013577,P0561,ST0011,2025-07-23,2026-01-09,Network/SIM issue,Resolved,12
WC000967,CUST048673,P0384,ST0024,2025-12-26,2026-01-10,Camera not focusing,Pending Pickup,12
WC002762,CUST032750,P0384,ST0059,2025-03-13,2026-01-10,Charging port not working,In Progress,12
WC003790,CUST047397,P0175,ST0054,2025-12-30,2026-01-10,Speaker/mic not working,Pending Pickup,12
WC005196,CUST042420,P0149,ST0053,2026-01-05,2026-01-10,Water damage,Resolved,12
WC005895,CUST012572,P0010,ST0026,2025-08-06,2026-01-10,Screen flickering,Replaced,12
WC000617,CUST038042,P0099,ST0010,2025-04-02,2026-01-11,Network/SIM issue,Resolved,24
WC001024,CUST041118,P0236,ST0040,2025-09-19,2026-01-11,Charging port not working,Resolved,12
WC001046,CUST042305,P0039,ST0002,2025-06-10,2026-01-11,Battery draining fast,Pending Pickup,12
WC001259,CUST034585,P0051,ST0013,2025-09-15,2026-01-11,Water damage,In Progress,12
WC002350,CUST040255,P0069,ST0035,2025-10-20,2026-01-11,Screen flickering,Pending Pickup,12
WC003392,CUST008797,P0438,ST0011,2025-10-26,2026-01-11,Overheating during use,Resolved,12
WC002304,CUST037709,P0545,ST0006,2025-02-12,2026-01-12,Speaker/mic not working,Pending Pickup,12
WC002314,CUST036778,P0350,ST0039,2025-09-02,2026-01-12,Physical damage - screen crack,Pending Pickup,12
WC002527,CUST032169,P0027,ST0056,2025-04-23,2026-01-12,Charging port not working,Rejected - Out of Warranty,12
WC003053,CUST030731,P0225,ST0041,2025-04-01,2026-01-12,Overheating during use,Resolved,12
WC004723,CUST029463,P0289,ST0038,2024-03-06,2026-01-12,Overheating during use,Pending Pickup,24
WC000562,CUST047619,P0106,ST0013,2025-11-13,2026-01-13,Charging port not working,Resolved,12
WC000718,CUST048495,P0599,ST0003,2025-01-26,2026-01-13,Screen flickering,In Progress,12
WC001497,CUST040662,P0036,ST0057,2025-05-06,2026-01-13,Overheating during use,Pending Pickup,12
WC001692,CUST001311,P0065,ST0003,2025-05-27,2026-01-13,Battery draining fast,Rejected - Out of Warranty,12
WC001794,CUST026796,P0200,ST0051,2024-11-24,2026-01-13,Camera not focusing,Resolved,24
WC002185,CUST017771,P0098,ST0009,2025-09-08,2026-01-13,Water damage,Replaced,12
WC002370,CUST004322,P0120,ST0057,2025-09-30,2026-01-13,Software update issue,Rejected - Out of Warranty,12
WC003013,CUST032432,P0348,ST0047,2025-05-05,2026-01-13,Screen flickering,Replaced,12
WC003086,CUST015050,P0084,ST0014,2025-07-16,2026-01-13,Charging port not working,In Progress,12
WC003411,CUST043888,P0505,ST0029,2025-08-30,2026-01-13,Battery draining fast,Replaced,12
WC003486,CUST033335,P0028,ST0036,2025-02-21,2026-01-13,Camera not focusing,Resolved,12
WC004466,CUST003488,P0498,ST0008,2025-02-12,2026-01-13,Software update issue,Replaced,12
WC001014,CUST042843,P0006,ST0043,2024-08-11,2026-01-14,Battery draining fast,In Progress,24
WC001117,CUST000135,P0457,ST0014,2025-04-05,2026-01-14,Charging port not working,In Progress,12
WC002889,CUST030063,P0401,ST0007,2025-11-27,2026-01-14,Software update issue,Resolved,12
WC003177,CUST046814,P0496,ST0052,2025-10-21,2026-01-14,Water damage,Resolved,12
WC000332,CUST016415,P0428,ST0023,2025-10-12,2026-01-15,Software update issue,Replaced,12
WC002810,CUST049164,P0145,ST0011,2025-06-08,2026-01-15,Overheating during use,Resolved,12
WC003023,CUST037400,P0174,ST0022,2025-07-16,2026-01-15,Camera not focusing,Resolved,12
WC000739,CUST004953,P0413,ST0047,2025-04-30,2026-01-16,Water damage,Resolved,12
WC001700,CUST002763,P0358,ST0021,2025-02-01,2026-01-16,Speaker/mic not working,Rejected - Out of Warranty,24
WC001954,CUST007369,P0419,ST0030,2025-06-14,2026-01-16,Speaker/mic not working,Replaced,12
WC002308,CUST034277,P0366,ST0023,2025-11-27,2026-01-16,Speaker/mic not working,Resolved,12
WC002474,CUST044229,P0380,ST0029,2025-02-19,2026-01-16,Physical damage - screen crack,Pending Pickup,12
WC003209,CUST013729,P0555,ST0046,2025-06-23,2026-01-16,Network/SIM issue,Pending Pickup,12
WC004434,CUST019203,P0187,ST0028,2025-04-05,2026-01-16,Software update issue,Resolved,12
WC000540,CUST004456,P0346,ST0002,2025-01-26,2026-01-17,Charging port not working,Replaced,12
WC001078,CUST006877,P0355,ST0029,2025-01-29,2026-01-17,Screen flickering,Replaced,12
WC002352,CUST008692,P0233,ST0029,2025-03-28,2026-01-17,Speaker/mic not working,Resolved,12
WC001251,CUST030546,P0505,ST0028,2025-08-16,2026-01-18,Battery draining fast,Rejected - Out of Warranty,12
WC001479,CUST007201,P0356,ST0021,2026-01-14,2026-01-18,Camera not focusing,Resolved,12
WC002513,CUST020942,P0367,ST0041,2025-09-24,2026-01-18,Physical damage - screen crack,Resolved,12
WC002596,CUST020688,P0018,ST0003,2025-10-03,2026-01-18,Water damage,Resolved,12
WC004262,CUST021193,P0140,ST0003,2025-10-20,2026-01-18,Camera not focusing,Resolved,12
WC004450,CUST045040,P0429,ST0036,2026-01-12,2026-01-18,Overheating during use,Resolved,12
WC000898,CUST036268,P0085,ST0031,2025-11-07,2026-01-19,Charging port not working,In Progress,12
WC001028,CUST036634,P0095,ST0017,2025-08-18,2026-01-19,Overheating during use,Resolved,12
WC001553,CUST011720,P0077,ST0053,2025-12-14,2026-01-19,Speaker/mic not working,Resolved,12
WC002333,CUST046039,P0121,ST0021,2025-06-10,2026-01-19,Camera not focusing,Replaced,12
WC003138,CUST003748,P0208,ST0030,2025-10-01,2026-01-19,Charging port not working,Replaced,12
WC003259,CUST012839,P0303,ST0049,2025-05-23,2026-01-19,Battery draining fast,Replaced,12
WC003531,CUST025156,P0517,ST0057,2025-07-27,2026-01-19,Speaker/mic not working,Pending Pickup,12
WC003630,CUST017033,P0331,ST0038,2025-06-06,2026-01-19,Overheating during use,In Progress,12
WC004400,CUST039192,P0182,ST0006,2025-08-24,2026-01-19,Water damage,Resolved,12
WC005420,CUST029073,P0204,ST0032,2025-05-15,2026-01-19,Screen flickering,Replaced,12
WC005823,CUST008831,P0417,ST0053,2025-02-03,2026-01-19,Camera not focusing,Pending Pickup,12
WC005989,CUST018878,P0586,ST0030,2025-11-01,2026-01-19,Battery draining fast,Replaced,12
WC005990,CUST049042,P0095,ST0034,2025-05-04,2026-01-19,Overheating during use,Resolved,12
WC000682,CUST033861,P0473,ST0044,2025-02-17,2026-01-20,Screen flickering,In Progress,12
WC000991,CUST033166,P0075,ST0018,2025-04-15,2026-01-20,Physical damage - screen crack,Resolved,12
WC001970,CUST009338,P0275,ST0016,2025-06-20,2026-01-20,Screen flickering,Resolved,12
WC002363,CUST046344,P0410,ST0027,2025-08-18,2026-01-20,Software update issue,Replaced,12
WC003512,CUST043350,P0127,ST0010,2025-03-19,2026-01-20,Software update issue,In Progress,12
WC004890,CUST039028,P0525,ST0027,2024-08-28,2026-01-20,Software update issue,Resolved,24
WC002371,CUST029342,P0288,ST0053,2025-06-20,2026-01-21,Speaker/mic not working,Pending Pickup,12
WC002490,CUST037077,P0336,ST0056,2025-11-08,2026-01-21,Camera not focusing,Replaced,12
WC002936,CUST012744,P0228,ST0019,2025-06-20,2026-01-21,Charging port not working,Resolved,12
WC003097,CUST030807,P0329,ST0013,2025-07-30,2026-01-21,Overheating during use,Replaced,12
WC003174,CUST020621,P0278,ST0005,2025-06-17,2026-01-21,Software update issue,In Progress,12
WC003728,CUST038435,P0350,ST0018,2025-11-18,2026-01-21,Network/SIM issue,Pending Pickup,12
WC004721,CUST015278,P0061,ST0005,2025-09-27,2026-01-21,Overheating during use,Rejected - Out of Warranty,12
WC005494,CUST038839,P0503,ST0005,2025-10-29,2026-01-21,Charging port not working,Resolved,12
WC001243,CUST042941,P0074,ST0021,2024-06-11,2026-01-22,Screen flickering,Replaced,24
WC002410,CUST008284,P0167,ST0044,2025-10-30,2026-01-22,Overheating during use,Rejected - Out of Warranty,24
WC003835,CUST033125,P0299,ST0049,2025-12-31,2026-01-22,Water damage,Pending Pickup,12
WC000039,CUST034099,P0234,ST0020,2025-08-25,2026-01-23,Physical damage - screen crack,Pending Pickup,12
WC000111,CUST015523,P0296,ST0045,2025-11-29,2026-01-23,Physical damage - screen crack,In Progress,12
WC000193,CUST016738,P0390,ST0057,2025-02-01,2026-01-23,Battery draining fast,Rejected - Out of Warranty,12
WC000565,CUST007012,P0533,ST0055,2025-06-05,2026-01-23,Speaker/mic not working,Resolved,12
WC000625,CUST037564,P0293,ST0007,2025-12-24,2026-01-23,Water damage,Resolved,24
WC001017,CUST040677,P0025,ST0033,2025-05-05,2026-01-23,Water damage,Resolved,24
WC001555,CUST031377,P0333,ST0047,2025-08-15,2026-01-23,Battery draining fast,Replaced,12
WC002768,CUST007047,P0521,ST0035,2025-12-08,2026-01-23,Camera not focusing,Resolved,12
WC003729,CUST001254,P0036,ST0037,2025-03-13,2026-01-23,Overheating during use,Resolved,12
WC003939,CUST022669,P0199,ST0005,2025-06-21,2026-01-23,Network/SIM issue,Pending Pickup,12
WC004187,CUST023553,P0047,ST0019,2026-01-21,2026-01-23,Water damage,Resolved,12
WC005198,CUST005656,P0508,ST0055,2025-10-12,2026-01-23,Speaker/mic not working,Rejected - Out of Warranty,12
WC000720,CUST038176,P0557,ST0004,2025-12-19,2026-01-24,Physical damage - screen crack,Replaced,12
WC003527,CUST019925,P0274,ST0029,2025-04-23,2026-01-24,Camera not focusing,Resolved,12
WC004312,CUST017520,P0133,ST0055,2025-07-25,2026-01-24,Physical damage - screen crack,Resolved,12
WC004585,CUST020582,P0544,ST0051,2025-07-29,2026-01-24,Charging port not working,In Progress,12
WC000048,CUST045106,P0330,ST0038,2025-11-29,2026-01-25,Speaker/mic not working,Replaced,12
WC001030,CUST031632,P0293,ST0030,2024-03-30,2026-01-25,Charging port not working,Pending Pickup,24
WC002842,CUST026947,P0080,ST0019,2025-05-23,2026-01-25,Software update issue,Resolved,12
WC003224,CUST029734,P0084,ST0010,2025-11-28,2026-01-25,Charging port not working,Pending Pickup,12
WC003361,CUST006130,P0442,ST0008,2025-12-23,2026-01-25,Screen flickering,Rejected - Out of Warranty,12
WC004888,CUST039029,P0263,ST0009,2025-03-09,2026-01-25,Charging port not working,Resolved,24
WC005602,CUST014091,P0406,ST0033,2025-07-06,2026-01-25,Camera not focusing,Resolved,12
WC000551,CUST049514,P0543,ST0050,2024-06-16,2026-01-26,Screen flickering,Resolved,24
WC001083,CUST016582,P0502,ST0045,2025-08-03,2026-01-26,Physical damage - screen crack,Resolved,12
WC001177,CUST022219,P0470,ST0059,2025-12-09,2026-01-26,Speaker/mic not working,Resolved,12
WC002732,CUST032104,P0095,ST0055,2025-07-07,2026-01-26,Camera not focusing,Resolved,12
WC002912,CUST008674,P0161,ST0009,2025-04-22,2026-01-26,Overheating during use,Resolved,12
WC000293,CUST036538,P0270,ST0016,2025-11-01,2026-01-27,Speaker/mic not working,Pending Pickup,12
WC001130,CUST012478,P0297,ST0026,2025-12-23,2026-01-27,Software update issue,In Progress,24
WC001889,CUST013295,P0266,ST0010,2025-12-17,2026-01-27,Overheating during use,Resolved,12
WC002121,CUST026137,P0375,ST0030,2024-09-11,2026-01-27,Network/SIM issue,Resolved,24
WC002326,CUST039166,P0476,ST0058,2024-10-17,2026-01-27,Software update issue,Resolved,24
WC003751,CUST044081,P0444,ST0051,2025-10-09,2026-01-27,Camera not focusing,Resolved,12
WC003805,CUST043030,P0432,ST0018,2026-01-10,2026-01-27,Water damage,Pending Pickup,12
WC001342,CUST014092,P0482,ST0024,2025-06-02,2026-01-28,Physical damage - screen crack,Rejected - Out of Warranty,24
WC001865,CUST038872,P0096,ST0010,2025-03-30,2026-01-28,Water damage,Resolved,12
WC002117,CUST008714,P0600,ST0002,2025-02-03,2026-01-28,Camera not focusing,Resolved,12
WC003326,CUST032787,P0075,ST0059,2025-10-22,2026-01-28,Screen flickering,Pending Pickup,12
WC004536,CUST007178,P0415,ST0028,2025-02-08,2026-01-28,Battery draining fast,Resolved,12
WC004643,CUST024761,P0383,ST0012,2025-10-28,2026-01-28,Physical damage - screen crack,Replaced,24
WC004838,CUST043611,P0359,ST0019,2026-01-18,2026-01-28,Network/SIM issue,In Progress,12
WC005922,CUST032045,P0379,ST0034,2025-12-25,2026-01-28,Overheating during use,Resolved,12
WC001033,CUST025832,P0011,ST0004,2025-05-21,2026-01-29,Camera not focusing,Resolved,12
WC002894,CUST045028,P0456,ST0050,2025-12-28,2026-01-29,Overheating during use,Resolved,12
WC003203,CUST046775,P0359,ST0007,2025-06-04,2026-01-29,Charging port not working,Pending Pickup,12
WC004547,CUST000363,P0084,ST0053,2025-04-12,2026-01-29,Physical damage - screen crack,Resolved,12
WC004873,CUST010716,P0099,ST0027,2024-06-30,2026-01-29,Physical damage - screen crack,Resolved,24
WC001204,CUST028756,P0393,ST0058,2025-12-02,2026-01-30,Network/SIM issue,Pending Pickup,12
WC001587,CUST003862,P0077,ST0011,2025-09-24,2026-01-30,Overheating during use,Pending Pickup,12
WC001614,CUST009643,P0372,ST0024,2025-12-07,2026-01-30,Water damage,In Progress,12
WC003975,CUST010355,P0594,ST0009,2025-02-11,2026-01-30,Charging port not working,Replaced,12
WC000385,CUST038023,P0307,ST0058,2025-11-12,2026-01-31,Charging port not working,Rejected - Out of Warranty,12
WC001448,CUST013087,P0358,ST0059,2025-03-07,2026-01-31,Battery draining fast,In Progress,24
WC005611,CUST005165,P0162,ST0020,2024-05-09,2026-01-31,Speaker/mic not working,Resolved,24
WC000414,CUST037962,P0448,ST0021,2024-06-21,2026-02-01,Software update issue,Resolved,24
WC000754,CUST005968,P0088,ST0017,2025-10-09,2026-02-01,Water damage,Pending Pickup,12
WC002090,CUST024520,P0054,ST0004,2025-03-25,2026-02-01,Charging port not working,In Progress,12
WC002487,CUST032643,P0505,ST0035,2025-08-24,2026-02-01,Network/SIM issue,In Progress,12
WC005563,CUST027502,P0462,ST0039,2024-12-31,2026-02-01,Water damage,Rejected - Out of Warranty,24
WC005828,CUST029443,P0492,ST0018,2025-07-28,2026-02-01,Overheating during use,Resolved,12
WC001184,CUST047308,P0454,ST0057,2025-04-23,2026-02-02,Overheating during use,Rejected - Out of Warranty,12
WC002158,CUST045192,P0456,ST0008,2025-08-01,2026-02-02,Overheating during use,Replaced,12
WC005813,CUST040822,P0320,ST0060,2025-05-19,2026-02-02,Speaker/mic not working,Pending Pickup,12
WC000150,CUST008595,P0170,ST0030,2025-11-02,2026-02-03,Screen flickering,Resolved,12
WC000309,CUST020413,P0042,ST0054,2025-10-20,2026-02-03,Overheating during use,In Progress,12
WC001058,CUST043859,P0493,ST0016,2025-10-31,2026-02-03,Battery draining fast,Pending Pickup,12
WC001089,CUST001493,P0248,ST0028,2025-07-24,2026-02-03,Physical damage - screen crack,In Progress,12
WC001935,CUST031059,P0578,ST0045,2025-05-22,2026-02-03,Water damage,Pending Pickup,12
WC003991,CUST042078,P0350,ST0056,2025-07-04,2026-02-03,Network/SIM issue,Resolved,12
WC004657,CUST009955,P0021,ST0014,2025-03-22,2026-02-03,Water damage,Resolved,12
WC005424,CUST036449,P0402,ST0059,2025-07-06,2026-02-03,Battery draining fast,Pending Pickup,12
WC005741,CUST013639,P0046,ST0014,2025-07-08,2026-02-03,Speaker/mic not working,Replaced,12
WC005817,CUST004650,P0081,ST0008,2025-05-09,2026-02-03,Software update issue,Resolved,24
WC005821,CUST020879,P0175,ST0053,2026-01-02,2026-02-03,Network/SIM issue,Resolved,12
WC001287,CUST032143,P0177,ST0019,2024-05-09,2026-02-04,Charging port not working,Replaced,24
WC005577,CUST005621,P0049,ST0049,2025-12-27,2026-02-04,Battery draining fast,Resolved,12
WC000247,CUST046011,P0312,ST0048,2025-06-19,2026-02-05,Overheating during use,Resolved,12
WC003113,CUST017348,P0425,ST0031,2025-10-09,2026-02-05,Software update issue,Resolved,12
WC004801,CUST047595,P0420,ST0056,2025-04-05,2026-02-05,Screen flickering,Resolved,12
WC001462,CUST003502,P0017,ST0015,2025-03-12,2026-02-06,Overheating during use,Rejected - Out of Warranty,12
WC002081,CUST033932,P0347,ST0051,2025-11-02,2026-02-06,Speaker/mic not working,Resolved,12
WC003441,CUST032880,P0445,ST0046,2025-08-03,2026-02-06,Screen flickering,In Progress,12
WC003583,CUST012057,P0109,ST0028,2025-11-29,2026-02-06,Software update issue,Resolved,12
WC004720,CUST044281,P0564,ST0037,2025-05-16,2026-02-06,Overheating during use,Resolved,12
WC000433,CUST030505,P0155,ST0056,2025-03-27,2026-02-08,Water damage,Resolved,12
WC001051,CUST043884,P0255,ST0022,2025-09-20,2026-02-08,Water damage,Pending Pickup,12
WC001223,CUST013369,P0156,ST0035,2025-08-22,2026-02-08,Camera not focusing,Resolved,12
WC002120,CUST015919,P0302,ST0011,2025-09-06,2026-02-08,Battery draining fast,Replaced,12
WC003318,CUST011564,P0490,ST0031,2026-01-18,2026-02-08,Overheating during use,In Progress,12
WC003781,CUST017864,P0316,ST0057,2025-05-27,2026-02-08,Software update issue,Resolved,12
WC004951,CUST009254,P0373,ST0005,2025-03-02,2026-02-08,Overheating during use,Resolved,12
WC005837,CUST020549,P0441,ST0057,2025-11-27,2026-02-08,Network/SIM issue,Replaced,12
WC000618,CUST024034,P0537,ST0018,2026-01-23,2026-02-09,Software update issue,In Progress,12
WC001442,CUST042908,P0007,ST0039,2025-11-19,2026-02-09,Battery draining fast,Pending Pickup,12
WC003118,CUST015462,P0529,ST0055,2026-01-22,2026-02-09,Water damage,Rejected - Out of Warranty,12
WC004535,CUST013216,P0106,ST0011,2025-08-14,2026-02-09,Network/SIM issue,Pending Pickup,12
WC004669,CUST009877,P0565,ST0026,2025-05-16,2026-02-09,Charging port not working,In Progress,12
WC000090,CUST049079,P0390,ST0014,2026-02-06,2026-02-10,Battery draining fast,Resolved,12
WC000171,CUST020055,P0011,ST0040,2025-03-02,2026-02-10,Network/SIM issue,Resolved,12
WC001532,CUST009326,P0103,ST0053,2025-04-16,2026-02-10,Overheating during use,Resolved,12
WC002784,CUST019223,P0067,ST0045,2025-08-31,2026-02-10,Software update issue,Replaced,12
WC003599,CUST034259,P0330,ST0030,2025-07-29,2026-02-10,Overheating during use,In Progress,12
WC004468,CUST001039,P0274,ST0049,2025-11-04,2026-02-10,Water damage,Resolved,12
WC005088,CUST045012,P0037,ST0024,2025-11-24,2026-02-10,Overheating during use,Resolved,12
WC000015,CUST015010,P0532,ST0027,2025-05-18,2026-02-11,Water damage,Rejected - Out of Warranty,12
WC000031,CUST003940,P0463,ST0045,2024-08-05,2026-02-11,Water damage,Resolved,24
WC000628,CUST031117,P0212,ST0006,2025-12-10,2026-02-11,Charging port not working,Resolved,12
WC002468,CUST046294,P0139,ST0024,2026-01-29,2026-02-11,Camera not focusing,Replaced,24
WC003840,CUST029432,P0598,ST0018,2025-02-28,2026-02-11,Screen flickering,Pending Pickup,12
WC004644,CUST017109,P0163,ST0012,2024-08-14,2026-02-11,Software update issue,Pending Pickup,24
WC004739,CUST043588,P0434,ST0029,2025-10-01,2026-02-11,Camera not focusing,Replaced,12
WC001604,CUST049752,P0133,ST0051,2026-01-20,2026-02-12,Software update issue,Replaced,12
WC001732,CUST005539,P0236,ST0012,2025-05-14,2026-02-12,Battery draining fast,In Progress,12
WC001846,CUST039703,P0488,ST0009,2026-01-30,2026-02-12,Water damage,Rejected - Out of Warranty,12
WC005127,CUST023745,P0389,ST0057,2024-08-28,2026-02-12,Overheating during use,Rejected - Out of Warranty,24
WC005325,CUST033552,P0536,ST0023,2025-03-28,2026-02-12,Battery draining fast,In Progress,12
WC003179,CUST037162,P0054,ST0014,2025-08-10,2026-02-13,Speaker/mic not working,Resolved,12
WC003247,CUST004184,P0440,ST0060,2025-11-15,2026-02-13,Camera not focusing,Resolved,12
WC003606,CUST003979,P0414,ST0012,2025-03-18,2026-02-13,Camera not focusing,Resolved,12
WC004319,CUST008022,P0016,ST0057,2025-04-12,2026-02-13,Water damage,Resolved,12
WC004513,CUST012767,P0404,ST0038,2025-05-16,2026-02-13,Charging port not working,Pending Pickup,12
WC002205,CUST007323,P0137,ST0030,2025-08-21,2026-02-14,Water damage,Pending Pickup,12
WC003920,CUST049649,P0531,ST0040,2026-01-03,2026-02-14,Physical damage - screen crack,Resolved,12
WC004455,CUST014721,P0594,ST0004,2026-01-12,2026-02-14,Screen flickering,Resolved,12
WC004858,CUST045895,P0155,ST0019,2025-07-01,2026-02-14,Physical damage - screen crack,Resolved,12
WC005262,CUST042208,P0233,ST0055,2026-01-13,2026-02-14,Network/SIM issue,Pending Pickup,12
WC005471,CUST029573,P0376,ST0052,2025-04-24,2026-02-14,Screen flickering,Pending Pickup,12
WC000829,CUST046487,P0546,ST0038,2025-06-04,2026-02-15,Battery draining fast,Rejected - Out of Warranty,12
WC002010,CUST041926,P0171,ST0014,2025-07-23,2026-02-15,Charging port not working,Rejected - Out of Warranty,12
WC002635,CUST012240,P0031,ST0055,2026-01-30,2026-02-15,Camera not focusing,Replaced,12
WC003395,CUST046503,P0431,ST0016,2025-08-13,2026-02-15,Physical damage - screen crack,Resolved,12
WC003967,CUST008302,P0307,ST0006,2025-05-10,2026-02-15,Camera not focusing,Resolved,12
WC000761,CUST027681,P0375,ST0037,2025-02-20,2026-02-16,Charging port not working,Resolved,24
WC001158,CUST008927,P0444,ST0028,2025-12-30,2026-02-16,Software update issue,Resolved,12
WC001414,CUST002158,P0384,ST0015,2025-07-03,2026-02-16,Network/SIM issue,Resolved,12
WC001659,CUST002437,P0264,ST0023,2025-04-29,2026-02-16,Overheating during use,Resolved,12
WC001802,CUST049373,P0413,ST0003,2025-10-18,2026-02-16,Speaker/mic not working,Resolved,12
WC003204,CUST039607,P0056,ST0036,2025-08-10,2026-02-16,Screen flickering,Resolved,24
WC005789,CUST020570,P0161,ST0056,2025-05-26,2026-02-16,Battery draining fast,Resolved,12
WC002122,CUST009583,P0510,ST0009,2025-11-27,2026-02-17,Physical damage - screen crack,Replaced,12
WC002663,CUST045965,P0513,ST0024,2025-10-30,2026-02-17,Water damage,Resolved,12
WC002783,CUST011645,P0125,ST0009,2025-11-10,2026-02-17,Charging port not working,Replaced,12
WC002895,CUST013278,P0404,ST0050,2025-03-20,2026-02-17,Network/SIM issue,Resolved,12
WC003019,CUST042515,P0127,ST0023,2025-12-13,2026-02-17,Battery draining fast,Pending Pickup,12
WC005605,CUST012691,P0199,ST0049,2025-05-06,2026-02-17,Network/SIM issue,In Progress,12
WC000732,CUST033543,P0577,ST0050,2025-09-01,2026-02-18,Software update issue,Resolved,12
WC000950,CUST010260,P0432,ST0033,2026-02-17,2026-02-18,Software update issue,In Progress,12
WC001035,CUST019099,P0190,ST0053,2025-03-07,2026-02-18,Charging port not working,Replaced,12
WC001416,CUST005370,P0374,ST0050,2025-06-28,2026-02-18,Charging port not working,Resolved,12
WC002473,CUST028594,P0022,ST0014,2025-03-12,2026-02-18,Network/SIM issue,Pending Pickup,12
WC000185,CUST025582,P0571,ST0007,2026-01-25,2026-02-19,Charging port not working,In Progress,12
WC000611,CUST037151,P0123,ST0008,2024-12-19,2026-02-19,Camera not focusing,Replaced,24
WC001042,CUST003757,P0590,ST0051,2025-10-05,2026-02-19,Overheating during use,Resolved,12
WC002052,CUST032697,P0189,ST0056,2026-02-04,2026-02-19,Battery draining fast,Replaced,12
WC002175,CUST010515,P0216,ST0005,2025-08-23,2026-02-20,Camera not focusing,Replaced,12
WC002578,CUST048102,P0583,ST0030,2025-08-06,2026-02-20,Screen flickering,Resolved,12
WC003999,CUST027610,P0572,ST0056,2025-06-14,2026-02-20,Charging port not working,In Progress,24
WC004188,CUST022666,P0397,ST0013,2026-01-11,2026-02-20,Software update issue,Pending Pickup,12
WC004611,CUST048743,P0102,ST0057,2025-10-06,2026-02-20,Speaker/mic not working,Resolved,12
WC005039,CUST007302,P0184,ST0037,2025-12-21,2026-02-20,Screen flickering,Pending Pickup,12
WC000252,CUST030253,P0418,ST0049,2025-10-30,2026-02-21,Camera not focusing,Rejected - Out of Warranty,12
WC000291,CUST047385,P0145,ST0022,2026-02-01,2026-02-21,Overheating during use,Replaced,12
WC000742,CUST028009,P0177,ST0014,2025-05-23,2026-02-21,Camera not focusing,In Progress,24
WC002903,CUST005627,P0596,ST0046,2025-10-25,2026-02-21,Speaker/mic not working,Replaced,12
WC004099,CUST040685,P0280,ST0042,2024-12-10,2026-02-21,Physical damage - screen crack,In Progress,24
WC004392,CUST004750,P0544,ST0048,2025-12-29,2026-02-21,Software update issue,Rejected - Out of Warranty,12
WC003330,CUST020781,P0564,ST0051,2025-05-17,2026-02-22,Network/SIM issue,Resolved,12
WC004308,CUST035888,P0441,ST0014,2025-07-21,2026-02-22,Overheating during use,Pending Pickup,12
WC004893,CUST023134,P0503,ST0020,2025-05-30,2026-02-22,Speaker/mic not working,Resolved,12
WC005299,CUST003088,P0172,ST0039,2026-01-05,2026-02-22,Camera not focusing,Pending Pickup,12
WC005643,CUST049138,P0481,ST0059,2025-04-02,2026-02-22,Charging port not working,Resolved,12
WC000866,CUST011456,P0438,ST0033,2025-07-19,2026-02-23,Charging port not working,Resolved,12
WC002481,CUST049191,P0280,ST0021,2026-01-18,2026-02-23,Battery draining fast,Resolved,24
WC002626,CUST046194,P0376,ST0030,2025-06-15,2026-02-23,Software update issue,Resolved,12
WC002880,CUST009752,P0284,ST0060,2025-09-20,2026-02-23,Overheating during use,Pending Pickup,12
WC003193,CUST036060,P0035,ST0057,2025-03-04,2026-02-23,Charging port not working,Rejected - Out of Warranty,12
WC004495,CUST037002,P0135,ST0042,2025-11-10,2026-02-23,Software update issue,Resolved,12
WC001332,CUST000730,P0402,ST0056,2025-12-09,2026-02-24,Water damage,In Progress,12
WC001906,CUST029961,P0433,ST0023,2025-10-21,2026-02-24,Speaker/mic not working,Resolved,12
WC003905,CUST031058,P0144,ST0006,2026-01-12,2026-02-24,Water damage,Resolved,12
WC001580,CUST015127,P0287,ST0040,2024-05-30,2026-02-25,Network/SIM issue,Resolved,24
WC002289,CUST034495,P0531,ST0021,2025-03-27,2026-02-25,Screen flickering,Resolved,12
WC002705,CUST030617,P0566,ST0050,2025-10-19,2026-02-25,Charging port not working,In Progress,12
WC002840,CUST036374,P0449,ST0047,2025-05-13,2026-02-25,Network/SIM issue,Resolved,12
WC002983,CUST015166,P0368,ST0019,2025-12-10,2026-02-25,Overheating during use,Pending Pickup,12
WC004019,CUST013834,P0064,ST0055,2025-11-28,2026-02-25,Overheating during use,Pending Pickup,12
WC005492,CUST048751,P0580,ST0001,2025-08-12,2026-02-25,Battery draining fast,Resolved,12
WC005886,CUST047323,P0312,ST0005,2025-08-17,2026-02-25,Battery draining fast,Replaced,12
WC000942,CUST037311,P0264,ST0038,2025-03-30,2026-02-26,Physical damage - screen crack,Replaced,12
WC001153,CUST008788,P0146,ST0048,2025-10-27,2026-02-26,Screen flickering,Resolved,12
WC001748,CUST046691,P0492,ST0052,2025-04-17,2026-02-26,Speaker/mic not working,Replaced,12
WC002828,CUST025903,P0296,ST0023,2025-09-28,2026-02-26,Speaker/mic not working,Pending Pickup,12
WC004065,CUST036301,P0477,ST0056,2025-07-13,2026-02-26,Overheating during use,Pending Pickup,12
WC004212,CUST049972,P0428,ST0002,2026-01-17,2026-02-26,Battery draining fast,Resolved,12
WC004397,CUST016217,P0435,ST0016,2025-09-21,2026-02-26,Physical damage - screen crack,In Progress,12
WC004926,CUST038448,P0595,ST0023,2026-02-01,2026-02-26,Screen flickering,Rejected - Out of Warranty,12
WC005786,CUST033185,P0093,ST0029,2026-02-23,2026-02-26,Physical damage - screen crack,Pending Pickup,12
WC005836,CUST046198,P0355,ST0029,2026-01-14,2026-02-26,Charging port not working,Replaced,12
WC000199,CUST027862,P0147,ST0011,2026-02-19,2026-02-27,Physical damage - screen crack,Pending Pickup,12
WC000359,CUST010276,P0252,ST0012,2025-09-25,2026-02-27,Water damage,Rejected - Out of Warranty,12
WC000627,CUST032074,P0102,ST0028,2025-04-16,2026-02-27,Physical damage - screen crack,Resolved,12
WC000766,CUST038899,P0202,ST0036,2025-03-21,2026-02-27,Screen flickering,In Progress,12
WC002590,CUST004028,P0193,ST0023,2025-10-15,2026-02-27,Charging port not working,Resolved,12
WC002941,CUST022457,P0409,ST0011,2026-01-09,2026-02-27,Overheating during use,In Progress,12
WC003867,CUST031424,P0327,ST0026,2026-01-22,2026-02-27,Water damage,Pending Pickup,12
WC004292,CUST023575,P0308,ST0026,2025-08-29,2026-02-27,Screen flickering,Pending Pickup,12
WC004469,CUST034371,P0122,ST0039,2025-09-26,2026-02-27,Physical damage - screen crack,Pending Pickup,12
WC005271,CUST048001,P0239,ST0032,2025-11-09,2026-02-27,Water damage,Resolved,12
WC002335,CUST042021,P0272,ST0027,2025-05-12,2026-02-28,Physical damage - screen crack,Resolved,12
WC002780,CUST008043,P0219,ST0039,2025-12-02,2026-02-28,Water damage,In Progress,12
WC003185,CUST021239,P0438,ST0043,2025-03-24,2026-02-28,Speaker/mic not working,Resolved,12
WC004488,CUST021380,P0193,ST0009,2025-04-07,2026-02-28,Screen flickering,Resolved,12
WC004695,CUST000299,P0564,ST0050,2025-05-30,2026-02-28,Physical damage - screen crack,Rejected - Out of Warranty,12
WC005140,CUST018889,P0234,ST0023,2025-05-22,2026-02-28,Overheating during use,Resolved,12
WC005524,CUST025799,P0378,ST0028,2025-05-23,2026-02-28,Physical damage - screen crack,Rejected - Out of Warranty,12
WC000092,CUST025662,P0150,ST0021,2025-10-25,2026-03-01,Screen flickering,Resolved,12
WC001312,CUST009273,P0180,ST0003,2025-07-22,2026-03-01,Overheating during use,Resolved,12
WC002351,CUST048883,P0519,ST0040,2025-06-18,2026-03-01,Overheating during use,Replaced,12
WC002627,CUST043275,P0126,ST0016,2025-09-23,2026-03-01,Camera not focusing,Replaced,24
WC004086,CUST032161,P0208,ST0036,2025-08-25,2026-03-01,Charging port not working,Resolved,12
WC004975,CUST029166,P0165,ST0006,2025-12-26,2026-03-01,Camera not focusing,Resolved,12
WC000443,CUST013827,P0180,ST0032,2025-04-15,2026-03-02,Screen flickering,Replaced,12
WC002253,CUST034305,P0351,ST0053,2025-10-29,2026-03-02,Overheating during use,Rejected - Out of Warranty,12
WC002644,CUST005846,P0489,ST0050,2025-01-11,2026-03-02,Screen flickering,Resolved,24
WC002844,CUST020259,P0337,ST0035,2025-11-09,2026-03-02,Physical damage - screen crack,Resolved,12
WC005100,CUST021392,P0294,ST0013,2025-11-19,2026-03-02,Water damage,Replaced,12
WC005171,CUST045096,P0338,ST0015,2025-05-07,2026-03-02,Charging port not working,In Progress,12
WC000230,CUST020056,P0380,ST0033,2025-10-28,2026-03-03,Battery draining fast,Pending Pickup,12
WC001421,CUST047479,P0263,ST0018,2024-09-04,2026-03-03,Water damage,Resolved,24
WC002285,CUST047100,P0107,ST0033,2025-12-05,2026-03-03,Battery draining fast,Resolved,12
WC002416,CUST036424,P0295,ST0002,2025-07-17,2026-03-03,Water damage,Resolved,12
WC002767,CUST014599,P0306,ST0054,2026-01-04,2026-03-03,Physical damage - screen crack,In Progress,12
WC004442,CUST004425,P0245,ST0052,2025-11-26,2026-03-03,Charging port not working,Replaced,12
WC005498,CUST007207,P0108,ST0020,2025-05-03,2026-03-03,Water damage,Pending Pickup,12
WC001712,CUST013946,P0053,ST0003,2024-05-24,2026-03-04,Speaker/mic not working,Resolved,24
WC002433,CUST018438,P0376,ST0008,2025-11-26,2026-03-04,Speaker/mic not working,Pending Pickup,12
WC002988,CUST003734,P0567,ST0006,2025-09-08,2026-03-04,Camera not focusing,Resolved,12
WC004113,CUST017076,P0144,ST0007,2025-06-16,2026-03-04,Charging port not working,Pending Pickup,12
WC001364,CUST021628,P0164,ST0001,2026-03-03,2026-03-05,Camera not focusing,Resolved,12
WC003149,CUST025182,P0172,ST0028,2025-12-29,2026-03-05,Water damage,In Progress,12
WC004396,CUST004387,P0279,ST0054,2025-09-29,2026-03-05,Software update issue,In Progress,12
WC005020,CUST031012,P0419,ST0007,2025-10-23,2026-03-05,Battery draining fast,In Progress,12
WC005805,CUST006357,P0495,ST0001,2026-02-06,2026-03-05,Charging port not working,In Progress,12
WC005909,CUST008890,P0196,ST0043,2026-02-11,2026-03-05,Screen flickering,Replaced,12
WC000134,CUST032910,P0261,ST0010,2025-10-13,2026-03-06,Network/SIM issue,Resolved,12
WC001193,CUST028884,P0479,ST0030,2025-11-13,2026-03-06,Speaker/mic not working,Resolved,12
WC002757,CUST003563,P0235,ST0043,2025-12-03,2026-03-06,Battery draining fast,Resolved,12
WC004053,CUST009735,P0512,ST0041,2026-01-07,2026-03-06,Physical damage - screen crack,Replaced,12
WC004196,CUST036999,P0483,ST0010,2025-04-03,2026-03-06,Physical damage - screen crack,Resolved,24
WC005955,CUST046268,P0485,ST0022,2025-06-02,2026-03-06,Overheating during use,Replaced,12
WC000973,CUST012586,P0225,ST0044,2025-12-23,2026-03-07,Water damage,Replaced,12
WC001787,CUST019769,P0358,ST0051,2026-02-25,2026-03-07,Physical damage - screen crack,Resolved,24
WC002461,CUST047504,P0420,ST0043,2026-01-12,2026-03-07,Screen flickering,Resolved,12
WC003235,CUST026254,P0594,ST0031,2026-01-24,2026-03-07,Network/SIM issue,Rejected - Out of Warranty,12
WC000341,CUST028947,P0489,ST0017,2024-10-04,2026-03-08,Water damage,Resolved,24
WC002273,CUST014427,P0235,ST0023,2025-06-04,2026-03-08,Charging port not working,Resolved,12
WC003642,CUST004452,P0068,ST0056,2026-02-24,2026-03-08,Software update issue,In Progress,12
WC000142,CUST041874,P0222,ST0014,2025-06-20,2026-03-09,Camera not focusing,Pending Pickup,12
WC003716,CUST018418,P0588,ST0037,2025-08-19,2026-03-09,Speaker/mic not working,Rejected - Out of Warranty,12
WC003969,CUST034614,P0194,ST0031,2025-05-19,2026-03-09,Battery draining fast,Resolved,12
WC005214,CUST035324,P0453,ST0059,2025-05-14,2026-03-09,Network/SIM issue,In Progress,12
WC005224,CUST037950,P0529,ST0009,2025-10-06,2026-03-09,Camera not focusing,Resolved,12
WC005667,CUST045674,P0003,ST0020,2026-01-22,2026-03-09,Camera not focusing,Rejected - Out of Warranty,12
WC001199,CUST018368,P0359,ST0039,2025-03-24,2026-03-10,Screen flickering,Resolved,12
WC001403,CUST023849,P0434,ST0023,2025-11-23,2026-03-10,Overheating during use,Rejected - Out of Warranty,12
WC004227,CUST035404,P0454,ST0050,2025-10-02,2026-03-10,Charging port not working,Pending Pickup,12
WC005014,CUST013230,P0279,ST0036,2026-01-01,2026-03-10,Network/SIM issue,Pending Pickup,12
WC001324,CUST036934,P0403,ST0002,2025-07-06,2026-03-11,Overheating during use,In Progress,12
WC002556,CUST034768,P0223,ST0057,2025-08-21,2026-03-11,Water damage,Pending Pickup,12
WC002772,CUST009281,P0222,ST0001,2025-12-08,2026-03-11,Speaker/mic not working,Resolved,12
WC002891,CUST007809,P0583,ST0056,2025-04-11,2026-03-11,Physical damage - screen crack,Resolved,12
WC004627,CUST001346,P0030,ST0011,2025-09-04,2026-03-11,Screen flickering,In Progress,24
WC005060,CUST029862,P0197,ST0046,2025-09-07,2026-03-11,Water damage,In Progress,12
WC005165,CUST040269,P0224,ST0028,2025-05-27,2026-03-11,Charging port not working,Resolved,12
WC000348,CUST042758,P0431,ST0006,2025-08-13,2026-03-12,Software update issue,Resolved,12
WC001423,CUST023715,P0471,ST0046,2025-12-01,2026-03-12,Water damage,Resolved,12
WC001503,CUST030337,P0312,ST0035,2025-03-23,2026-03-12,Physical damage - screen crack,Resolved,12
WC003067,CUST005832,P0139,ST0031,2025-09-27,2026-03-12,Camera not focusing,Resolved,24
WC004180,CUST039004,P0319,ST0014,2025-06-17,2026-03-12,Speaker/mic not working,Pending Pickup,12
WC002617,CUST011950,P0213,ST0011,2025-07-21,2026-03-13,Camera not focusing,Resolved,12
WC003726,CUST042038,P0537,ST0005,2025-03-25,2026-03-13,Network/SIM issue,Resolved,12
WC003872,CUST027294,P0227,ST0002,2025-06-24,2026-03-13,Screen flickering,Resolved,24
WC005120,CUST009591,P0496,ST0059,2025-12-24,2026-03-13,Network/SIM issue,Resolved,12
WC000329,CUST031528,P0589,ST0044,2025-11-10,2026-03-14,Charging port not working,In Progress,12
WC001650,CUST041260,P0169,ST0050,2025-09-25,2026-03-14,Screen flickering,In Progress,12
WC003299,CUST027663,P0338,ST0059,2026-02-13,2026-03-14,Camera not focusing,Pending Pickup,12
WC000141,CUST021265,P0447,ST0050,2026-01-20,2026-03-15,Physical damage - screen crack,In Progress,12
WC000957,CUST031559,P0520,ST0028,2025-09-29,2026-03-15,Screen flickering,Replaced,12
WC002807,CUST041902,P0119,ST0036,2025-04-15,2026-03-15,Screen flickering,Resolved,12
WC002919,CUST002595,P0485,ST0019,2026-01-21,2026-03-15,Battery draining fast,In Progress,12
WC003071,CUST004939,P0132,ST0006,2026-02-11,2026-03-15,Camera not focusing,Pending Pickup,12
WC004177,CUST031593,P0563,ST0030,2024-04-11,2026-03-15,Battery draining fast,Rejected - Out of Warranty,24
WC000236,CUST001246,P0373,ST0010,2025-07-10,2026-03-16,Screen flickering,Resolved,12
WC001205,CUST015007,P0089,ST0012,2026-02-16,2026-03-16,Water damage,Resolved,12
WC001233,CUST035025,P0549,ST0028,2026-02-17,2026-03-16,Water damage,Replaced,12
WC001401,CUST004212,P0587,ST0052,2026-03-04,2026-03-16,Speaker/mic not working,Resolved,12
WC002197,CUST014312,P0364,ST0029,2025-11-25,2026-03-16,Software update issue,Resolved,24
WC002255,CUST003594,P0108,ST0017,2025-08-18,2026-03-16,Software update issue,Resolved,12
WC002802,CUST028370,P0011,ST0025,2025-07-14,2026-03-16,Battery draining fast,Resolved,12
WC003100,CUST032261,P0151,ST0036,2025-06-13,2026-03-16,Water damage,Pending Pickup,12
WC003213,CUST027335,P0229,ST0028,2026-01-13,2026-03-16,Camera not focusing,Pending Pickup,12
WC003489,CUST038780,P0566,ST0050,2025-12-10,2026-03-16,Physical damage - screen crack,Resolved,12
WC003543,CUST006711,P0057,ST0057,2025-12-05,2026-03-16,Screen flickering,Resolved,12
WC004217,CUST034686,P0445,ST0002,2025-05-02,2026-03-16,Physical damage - screen crack,In Progress,12
WC004492,CUST003029,P0143,ST0017,2026-02-06,2026-03-16,Software update issue,Replaced,12
WC005727,CUST049934,P0376,ST0060,2025-09-07,2026-03-16,Software update issue,Replaced,12
WC000168,CUST034183,P0217,ST0051,2025-08-21,2026-03-17,Charging port not working,Resolved,12
WC000579,CUST037248,P0263,ST0045,2026-01-29,2026-03-17,Software update issue,Resolved,24
WC001860,CUST041475,P0532,ST0052,2026-02-08,2026-03-17,Battery draining fast,In Progress,12
WC002900,CUST019415,P0150,ST0058,2025-06-08,2026-03-17,Battery draining fast,In Progress,12
WC003538,CUST034724,P0096,ST0042,2026-02-13,2026-03-17,Overheating during use,In Progress,12
WC003863,CUST026239,P0485,ST0014,2026-03-12,2026-03-17,Camera not focusing,Resolved,12
WC004437,CUST014492,P0499,ST0019,2025-06-13,2026-03-17,Overheating during use,Resolved,12
WC004690,CUST047067,P0555,ST0058,2025-04-22,2026-03-17,Overheating during use,Resolved,12
WC004987,CUST015212,P0454,ST0048,2026-01-28,2026-03-17,Speaker/mic not working,Resolved,12
WC000561,CUST048535,P0534,ST0060,2025-04-04,2026-03-18,Physical damage - screen crack,Resolved,24
WC003627,CUST037064,P0168,ST0022,2025-05-19,2026-03-18,Network/SIM issue,In Progress,12
WC004918,CUST030237,P0071,ST0025,2025-07-17,2026-03-18,Physical damage - screen crack,Resolved,12
WC005072,CUST003096,P0064,ST0018,2026-03-16,2026-03-18,Physical damage - screen crack,In Progress,12
WC001424,CUST000791,P0344,ST0041,2025-11-26,2026-03-19,Screen flickering,Resolved,12
WC001429,CUST033168,P0178,ST0034,2025-08-18,2026-03-19,Overheating during use,Resolved,24
WC002387,CUST021490,P0343,ST0048,2025-08-11,2026-03-19,Camera not focusing,Replaced,24
WC004213,CUST002308,P0073,ST0034,2025-04-16,2026-03-19,Water damage,Resolved,12
WC004325,CUST000371,P0178,ST0040,2024-06-01,2026-03-19,Network/SIM issue,Resolved,24
WC004934,CUST009870,P0593,ST0037,2026-02-09,2026-03-19,Camera not focusing,Resolved,12
WC005876,CUST041162,P0160,ST0041,2025-07-10,2026-03-19,Charging port not working,In Progress,12
WC000313,CUST035951,P0300,ST0032,2025-05-06,2026-03-20,Charging port not working,Resolved,12
WC004634,CUST026855,P0474,ST0045,2026-01-04,2026-03-20,Overheating during use,Replaced,12
WC000705,CUST040749,P0494,ST0058,2026-01-07,2026-03-21,Speaker/mic not working,Rejected - Out of Warranty,12
WC001294,CUST007716,P0350,ST0018,2025-04-19,2026-03-21,Battery draining fast,Rejected - Out of Warranty,12
WC001990,CUST041565,P0123,ST0006,2025-05-18,2026-03-21,Overheating during use,Resolved,24
WC002779,CUST000890,P0034,ST0032,2026-02-23,2026-03-21,Network/SIM issue,Resolved,12
WC004406,CUST000933,P0553,ST0026,2025-12-05,2026-03-21,Software update issue,In Progress,12
WC005430,CUST005743,P0457,ST0029,2026-01-27,2026-03-21,Speaker/mic not working,Replaced,12
WC005530,CUST001559,P0210,ST0010,2025-09-26,2026-03-21,Software update issue,Resolved,12
WC005671,CUST034670,P0246,ST0007,2025-10-28,2026-03-21,Speaker/mic not working,In Progress,12
WC000844,CUST021433,P0116,ST0058,2025-06-12,2026-03-22,Charging port not working,Resolved,12
WC001195,CUST040771,P0218,ST0028,2025-07-25,2026-03-22,Battery draining fast,Resolved,12
WC003046,CUST028259,P0347,ST0036,2026-03-06,2026-03-22,Overheating during use,In Progress,12
WC003924,CUST015579,P0426,ST0022,2025-09-28,2026-03-22,Network/SIM issue,Rejected - Out of Warranty,12
WC005636,CUST011417,P0109,ST0013,2025-09-21,2026-03-22,Screen flickering,Resolved,12
WC000459,CUST048191,P0163,ST0007,2025-07-06,2026-03-23,Speaker/mic not working,Resolved,24
WC000741,CUST026440,P0463,ST0008,2026-02-20,2026-03-23,Overheating during use,Resolved,24
WC001362,CUST004638,P0592,ST0046,2025-07-12,2026-03-24,Speaker/mic not working,Rejected - Out of Warranty,24
WC004012,CUST024478,P0271,ST0008,2026-01-25,2026-03-24,Charging port not working,In Progress,12
WC004064,CUST003909,P0579,ST0046,2025-08-23,2026-03-24,Overheating during use,Resolved,12
WC000645,CUST023490,P0445,ST0055,2025-10-06,2026-03-25,Physical damage - screen crack,Resolved,12
WC000938,CUST009463,P0542,ST0028,2025-08-28,2026-03-25,Overheating during use,Resolved,12
WC001163,CUST040518,P0540,ST0002,2025-12-17,2026-03-25,Camera not focusing,Resolved,12
WC001840,CUST003575,P0355,ST0057,2025-10-13,2026-03-25,Software update issue,Resolved,12
WC000074,CUST023332,P0457,ST0012,2025-07-01,2026-03-26,Camera not focusing,Resolved,12
WC000110,CUST030057,P0115,ST0005,2025-08-10,2026-03-26,Software update issue,In Progress,12
WC000652,CUST024488,P0397,ST0014,2025-11-12,2026-03-26,Overheating during use,Replaced,12
WC000821,CUST011774,P0041,ST0047,2025-10-15,2026-03-26,Overheating during use,Replaced,12
WC003073,CUST043526,P0177,ST0006,2025-02-15,2026-03-26,Physical damage - screen crack,Resolved,24
WC003066,CUST048593,P0593,ST0035,2025-07-15,2026-03-27,Overheating during use,In Progress,12
WC005070,CUST034903,P0417,ST0051,2025-06-23,2026-03-27,Software update issue,Replaced,12
WC005248,CUST018965,P0004,ST0015,2025-09-12,2026-03-27,Network/SIM issue,Replaced,24
WC000030,CUST000135,P0209,ST0034,2026-03-17,2026-03-28,Physical damage - screen crack,Resolved,12
WC000082,CUST035096,P0471,ST0051,2025-12-18,2026-03-28,Software update issue,Rejected - Out of Warranty,12
WC000792,CUST045987,P0317,ST0004,2025-04-25,2026-03-28,Camera not focusing,Resolved,12
WC001738,CUST045841,P0234,ST0054,2025-05-06,2026-03-28,Screen flickering,In Progress,12
WC004540,CUST007137,P0069,ST0017,2025-06-23,2026-03-28,Software update issue,Resolved,12
WC005490,CUST033381,P0300,ST0006,2025-09-05,2026-03-28,Charging port not working,Resolved,12
WC001890,CUST008865,P0150,ST0002,2026-01-18,2026-03-29,Physical damage - screen crack,Resolved,12
WC002066,CUST000524,P0573,ST0054,2025-12-18,2026-03-29,Camera not focusing,Rejected - Out of Warranty,12
WC002756,CUST019501,P0559,ST0050,2025-09-25,2026-03-29,Software update issue,Resolved,24
WC003134,CUST024671,P0564,ST0010,2025-07-05,2026-03-29,Speaker/mic not working,In Progress,12
WC004010,CUST039581,P0122,ST0037,2026-02-28,2026-03-29,Physical damage - screen crack,Resolved,12
WC004824,CUST005231,P0576,ST0004,2025-12-22,2026-03-29,Screen flickering,Replaced,12
WC005122,CUST019491,P0185,ST0026,2025-12-25,2026-03-29,Software update issue,Resolved,12
WC005589,CUST019286,P0254,ST0025,2025-12-28,2026-03-29,Physical damage - screen crack,Pending Pickup,12
WC000197,CUST014288,P0076,ST0024,2025-12-25,2026-03-30,Overheating during use,Replaced,12
WC001993,CUST016934,P0249,ST0013,2026-01-08,2026-03-30,Network/SIM issue,Resolved,12
WC004851,CUST002103,P0239,ST0012,2025-07-17,2026-03-30,Software update issue,Replaced,12
WC005064,CUST017461,P0338,ST0002,2025-06-14,2026-03-30,Network/SIM issue,In Progress,12
WC002238,CUST025948,P0005,ST0033,2024-07-01,2026-03-31,Software update issue,Rejected - Out of Warranty,24
WC002944,CUST030417,P0269,ST0018,2026-01-13,2026-03-31,Screen flickering,Resolved,12
WC003433,CUST000187,P0061,ST0050,2025-08-23,2026-03-31,Charging port not working,Resolved,12
WC001435,CUST021271,P0257,ST0024,2025-12-04,2026-04-01,Water damage,Replaced,12
WC001869,CUST023018,P0518,ST0029,2025-12-28,2026-04-01,Charging port not working,In Progress,12
WC002582,CUST016773,P0295,ST0059,2025-05-27,2026-04-01,Water damage,In Progress,12
WC003982,CUST023281,P0362,ST0035,2025-07-20,2026-04-01,Physical damage - screen crack,Replaced,12
WC004756,CUST049637,P0026,ST0023,2025-10-21,2026-04-01,Physical damage - screen crack,Resolved,12
WC005282,CUST023490,P0291,ST0057,2025-12-17,2026-04-01,Network/SIM issue,In Progress,12
WC000538,CUST029736,P0377,ST0041,2026-01-16,2026-04-02,Charging port not working,Rejected - Out of Warranty,12
WC000808,CUST018735,P0455,ST0008,2025-05-06,2026-04-02,Software update issue,Pending Pickup,12
WC002739,CUST030185,P0409,ST0032,2025-05-25,2026-04-02,Speaker/mic not working,Resolved,12
WC004042,CUST027104,P0132,ST0004,2025-11-07,2026-04-02,Physical damage - screen crack,Resolved,12
WC004722,CUST029469,P0544,ST0015,2025-09-06,2026-04-02,Battery draining fast,Resolved,12
WC004817,CUST011786,P0494,ST0042,2025-10-02,2026-04-02,Overheating during use,Replaced,12
WC000027,CUST017328,P0502,ST0027,2025-10-01,2026-04-03,Speaker/mic not working,Resolved,12
WC000666,CUST015658,P0254,ST0016,2026-01-11,2026-04-03,Physical damage - screen crack,In Progress,12
WC001290,CUST036509,P0123,ST0017,2025-04-13,2026-04-03,Camera not focusing,Resolved,24
WC001377,CUST036214,P0072,ST0028,2025-08-19,2026-04-03,Charging port not working,Resolved,12
WC002088,CUST011644,P0391,ST0056,2025-05-01,2026-04-03,Battery draining fast,Resolved,12
WC003458,CUST044327,P0596,ST0054,2025-09-04,2026-04-03,Charging port not working,In Progress,12
WC003797,CUST047905,P0186,ST0039,2025-08-04,2026-04-03,Overheating during use,In Progress,12
WC002040,CUST046606,P0364,ST0022,2026-03-19,2026-04-04,Charging port not working,Pending Pickup,24
WC002354,CUST027276,P0416,ST0052,2025-04-19,2026-04-04,Speaker/mic not working,Pending Pickup,12
WC002679,CUST008002,P0070,ST0018,2025-04-26,2026-04-04,Network/SIM issue,Resolved,12
WC002773,CUST048972,P0057,ST0022,2026-02-11,2026-04-04,Camera not focusing,Resolved,12
WC003409,CUST049891,P0017,ST0057,2026-04-02,2026-04-04,Overheating during use,Resolved,12
WC004649,CUST039588,P0143,ST0031,2025-11-03,2026-04-04,Software update issue,In Progress,12
WC001654,CUST004406,P0362,ST0053,2025-10-13,2026-04-05,Battery draining fast,Resolved,12
WC001900,CUST006356,P0502,ST0012,2025-12-17,2026-04-05,Software update issue,Rejected - Out of Warranty,12
WC002440,CUST008039,P0066,ST0039,2025-05-07,2026-04-05,Overheating during use,Resolved,12
WC004229,CUST024358,P0070,ST0037,2025-06-20,2026-04-05,Physical damage - screen crack,Replaced,12
WC005526,CUST010935,P0404,ST0038,2025-09-22,2026-04-05,Water damage,Resolved,12
WC001255,CUST018074,P0156,ST0034,2025-10-05,2026-04-06,Network/SIM issue,Replaced,12
WC001317,CUST027769,P0453,ST0018,2025-12-31,2026-04-06,Physical damage - screen crack,Resolved,12
WC002426,CUST018718,P0475,ST0031,2025-02-17,2026-04-06,Battery draining fast,Replaced,24
WC002698,CUST026528,P0469,ST0025,2025-04-20,2026-04-06,Screen flickering,Resolved,12
WC002824,CUST025798,P0169,ST0025,2026-03-08,2026-04-06,Camera not focusing,Resolved,12
WC003620,CUST018182,P0015,ST0001,2025-12-10,2026-04-06,Water damage,Resolved,12
WC004997,CUST043575,P0482,ST0022,2024-10-08,2026-04-06,Charging port not working,In Progress,24
WC005028,CUST044018,P0591,ST0046,2025-05-12,2026-04-06,Software update issue,Resolved,12
WC003278,CUST042081,P0197,ST0030,2025-06-02,2026-04-07,Camera not focusing,Pending Pickup,12
WC003373,CUST049284,P0262,ST0006,2025-04-13,2026-04-07,Overheating during use,Rejected - Out of Warranty,24
WC005515,CUST031272,P0527,ST0005,2025-06-10,2026-04-07,Physical damage - screen crack,Pending Pickup,12
WC001127,CUST049793,P0338,ST0045,2026-03-13,2026-04-08,Overheating during use,Resolved,12
WC001405,CUST008436,P0298,ST0034,2025-12-15,2026-04-08,Camera not focusing,Replaced,12
WC001888,CUST026249,P0089,ST0009,2025-04-15,2026-04-08,Charging port not working,Resolved,12
WC003090,CUST028484,P0080,ST0016,2025-06-01,2026-04-08,Camera not focusing,Resolved,12
WC003887,CUST048844,P0083,ST0001,2025-11-08,2026-04-08,Water damage,Pending Pickup,24
WC000096,CUST008428,P0182,ST0046,2026-01-10,2026-04-09,Battery draining fast,Rejected - Out of Warranty,12
WC000154,CUST048035,P0275,ST0031,2025-11-02,2026-04-09,Water damage,Resolved,12
WC000722,CUST044582,P0110,ST0021,2025-12-20,2026-04-09,Software update issue,Replaced,12
WC000811,CUST012776,P0394,ST0012,2026-01-29,2026-04-09,Battery draining fast,Rejected - Out of Warranty,12
WC001185,CUST035285,P0050,ST0024,2025-08-30,2026-04-09,Camera not focusing,Replaced,12
WC001585,CUST037619,P0359,ST0051,2025-08-02,2026-04-09,Network/SIM issue,Pending Pickup,12
WC001741,CUST010909,P0199,ST0005,2025-06-02,2026-04-09,Network/SIM issue,Resolved,12
WC002750,CUST042913,P0598,ST0048,2026-02-16,2026-04-09,Overheating during use,Resolved,12
WC002893,CUST016380,P0303,ST0013,2026-04-07,2026-04-09,Physical damage - screen crack,Replaced,12
WC003189,CUST011461,P0486,ST0032,2024-07-22,2026-04-09,Overheating during use,In Progress,24
WC003649,CUST042336,P0472,ST0056,2025-03-18,2026-04-09,Camera not focusing,Pending Pickup,24
WC000025,CUST014790,P0168,ST0015,2025-10-18,2026-04-10,Overheating during use,Rejected - Out of Warranty,12
WC000224,CUST019621,P0585,ST0048,2025-10-25,2026-04-10,Speaker/mic not working,Resolved,12
WC003161,CUST019582,P0486,ST0008,2025-08-25,2026-04-10,Charging port not working,Replaced,24
WC004117,CUST040931,P0439,ST0037,2025-12-21,2026-04-10,Camera not focusing,Resolved,12
WC001122,CUST002821,P0327,ST0029,2026-01-05,2026-04-11,Software update issue,Rejected - Out of Warranty,12
WC002534,CUST049051,P0206,ST0042,2025-08-15,2026-04-11,Camera not focusing,In Progress,12
WC000692,CUST009886,P0349,ST0037,2024-06-30,2026-04-12,Screen flickering,Replaced,24
WC004079,CUST044951,P0375,ST0047,2025-04-10,2026-04-12,Overheating during use,Replaced,24
WC004731,CUST037892,P0079,ST0007,2025-05-09,2026-04-12,Battery draining fast,Resolved,24
WC004900,CUST014352,P0384,ST0009,2025-08-18,2026-04-12,Battery draining fast,In Progress,12
WC005225,CUST030674,P0415,ST0018,2025-09-04,2026-04-12,Camera not focusing,Replaced,12
WC000905,CUST013558,P0186,ST0045,2025-09-13,2026-04-13,Charging port not working,Resolved,12
WC001883,CUST030829,P0196,ST0033,2025-08-14,2026-04-13,Battery draining fast,Rejected - Out of Warranty,12
WC002348,CUST049583,P0325,ST0016,2026-03-06,2026-04-13,Speaker/mic not working,In Progress,24
WC002977,CUST020332,P0588,ST0052,2025-09-09,2026-04-13,Network/SIM issue,Replaced,12
WC003157,CUST033047,P0118,ST0014,2025-07-26,2026-04-13,Screen flickering,Replaced,12
WC005795,CUST032236,P0305,ST0060,2025-05-19,2026-04-13,Software update issue,Resolved,12
WC001882,CUST039829,P0470,ST0055,2026-03-15,2026-04-14,Network/SIM issue,Replaced,12
WC002973,CUST017114,P0207,ST0057,2025-08-30,2026-04-14,Software update issue,Resolved,12
WC003297,CUST040296,P0395,ST0006,2026-02-10,2026-04-14,Charging port not working,Resolved,12
WC003468,CUST048846,P0486,ST0023,2024-11-15,2026-04-14,Speaker/mic not working,In Progress,24
WC000169,CUST007684,P0357,ST0016,2024-08-24,2026-04-15,Camera not focusing,Resolved,24
WC000549,CUST047319,P0550,ST0050,2026-02-14,2026-04-15,Speaker/mic not working,Replaced,12
WC000606,CUST023240,P0376,ST0048,2025-11-25,2026-04-15,Camera not focusing,In Progress,12
WC000784,CUST017510,P0523,ST0003,2025-07-18,2026-04-15,Camera not focusing,Resolved,12
WC001488,CUST025887,P0444,ST0057,2025-10-04,2026-04-15,Battery draining fast,Pending Pickup,12
WC001841,CUST013884,P0550,ST0048,2025-08-14,2026-04-15,Screen flickering,Pending Pickup,12
WC002386,CUST031132,P0407,ST0008,2025-06-18,2026-04-15,Battery draining fast,Resolved,12
WC002935,CUST033235,P0578,ST0041,2025-08-10,2026-04-15,Battery draining fast,Pending Pickup,12
WC003371,CUST019372,P0033,ST0004,2025-07-20,2026-04-15,Water damage,Resolved,12
WC003443,CUST011694,P0045,ST0054,2026-01-12,2026-04-15,Speaker/mic not working,Resolved,12
WC004063,CUST029323,P0374,ST0027,2025-05-24,2026-04-15,Screen flickering,Replaced,12
WC004919,CUST012022,P0144,ST0041,2025-07-14,2026-04-15,Camera not focusing,Replaced,12
WC000806,CUST030833,P0233,ST0044,2025-06-18,2026-04-16,Camera not focusing,Pending Pickup,12
WC000871,CUST012853,P0006,ST0021,2024-11-01,2026-04-16,Software update issue,Pending Pickup,24
WC001383,CUST041660,P0376,ST0004,2025-08-20,2026-04-16,Camera not focusing,Replaced,12
WC002190,CUST047389,P0270,ST0026,2026-04-02,2026-04-16,Overheating during use,Resolved,12
WC002222,CUST021247,P0129,ST0057,2026-01-10,2026-04-16,Camera not focusing,Resolved,12
WC002782,CUST037129,P0018,ST0044,2025-05-17,2026-04-16,Charging port not working,Pending Pickup,12
WC004176,CUST022195,P0233,ST0005,2026-02-23,2026-04-16,Speaker/mic not working,Resolved,12
WC004502,CUST009833,P0008,ST0023,2025-05-04,2026-04-16,Battery draining fast,Resolved,12
WC004531,CUST010144,P0126,ST0004,2026-02-26,2026-04-16,Overheating during use,Pending Pickup,24
WC004911,CUST038927,P0020,ST0018,2025-05-30,2026-04-16,Water damage,Replaced,12
WC005144,CUST017994,P0134,ST0021,2026-04-13,2026-04-16,Software update issue,In Progress,12
WC000257,CUST004790,P0213,ST0012,2025-06-15,2026-04-17,Camera not focusing,Replaced,12
WC003342,CUST022238,P0381,ST0016,2025-07-10,2026-04-17,Network/SIM issue,Replaced,12
WC004268,CUST031768,P0017,ST0054,2025-11-26,2026-04-17,Battery draining fast,Resolved,12
WC004497,CUST049900,P0190,ST0025,2025-07-23,2026-04-17,Battery draining fast,Resolved,12
WC005227,CUST000301,P0276,ST0048,2024-10-19,2026-04-17,Physical damage - screen crack,In Progress,24
WC005724,CUST049526,P0006,ST0017,2026-03-15,2026-04-17,Screen flickering,Resolved,24
WC001186,CUST006785,P0492,ST0056,2026-01-11,2026-04-18,Overheating during use,Replaced,12
WC002196,CUST008177,P0209,ST0028,2025-11-04,2026-04-18,Water damage,Resolved,12
WC002260,CUST029204,P0334,ST0029,2025-11-12,2026-04-18,Charging port not working,Resolved,12
WC002586,CUST032395,P0419,ST0004,2026-04-17,2026-04-18,Speaker/mic not working,Pending Pickup,12
WC003556,CUST033758,P0339,ST0019,2026-03-22,2026-04-18,Battery draining fast,Pending Pickup,12
WC003670,CUST034797,P0091,ST0033,2025-10-24,2026-04-18,Software update issue,Rejected - Out of Warranty,12
WC004950,CUST011274,P0562,ST0031,2025-06-24,2026-04-18,Battery draining fast,Resolved,12
WC005561,CUST030210,P0324,ST0013,2026-03-08,2026-04-18,Charging port not working,In Progress,12
WC005765,CUST033371,P0465,ST0039,2025-09-23,2026-04-18,Network/SIM issue,Pending Pickup,12
WC000598,CUST006404,P0519,ST0005,2025-07-26,2026-04-19,Camera not focusing,Resolved,12
WC000748,CUST018114,P0277,ST0055,2025-09-01,2026-04-19,Battery draining fast,Resolved,12
WC000979,CUST040734,P0415,ST0021,2025-05-28,2026-04-19,Overheating during use,Resolved,12
WC005022,CUST039759,P0598,ST0056,2025-08-24,2026-04-19,Network/SIM issue,In Progress,12
WC005543,CUST018482,P0560,ST0018,2026-02-23,2026-04-19,Battery draining fast,Resolved,12
WC000308,CUST013999,P0279,ST0001,2026-03-04,2026-04-20,Battery draining fast,In Progress,12
WC001369,CUST016222,P0019,ST0016,2025-05-29,2026-04-20,Software update issue,Rejected - Out of Warranty,12
WC003909,CUST017852,P0506,ST0026,2026-03-26,2026-04-20,Physical damage - screen crack,Replaced,12
WC004055,CUST003044,P0566,ST0014,2025-08-07,2026-04-20,Camera not focusing,Pending Pickup,12
WC004586,CUST004279,P0134,ST0048,2025-10-15,2026-04-20,Battery draining fast,Replaced,12
WC000605,CUST044625,P0029,ST0028,2025-04-21,2026-04-21,Battery draining fast,Resolved,24
WC001244,CUST019997,P0522,ST0043,2025-06-30,2026-04-21,Software update issue,Resolved,12
WC001781,CUST002550,P0302,ST0002,2026-01-31,2026-04-21,Battery draining fast,Pending Pickup,12
WC002312,CUST037378,P0112,ST0052,2025-10-30,2026-04-21,Charging port not working,Rejected - Out of Warranty,12
WC004324,CUST046058,P0451,ST0021,2026-01-24,2026-04-21,Water damage,Resolved,12
WC005436,CUST033533,P0493,ST0008,2025-05-28,2026-04-21,Screen flickering,Rejected - Out of Warranty,12
WC000781,CUST006174,P0579,ST0056,2025-06-04,2026-04-22,Screen flickering,Rejected - Out of Warranty,12
WC003930,CUST011758,P0278,ST0055,2026-03-01,2026-04-22,Overheating during use,Resolved,12
WC004475,CUST030162,P0212,ST0001,2025-12-19,2026-04-22,Battery draining fast,Replaced,12
WC000477,CUST015387,P0419,ST0049,2025-11-25,2026-04-23,Overheating during use,Resolved,12
WC001498,CUST034157,P0165,ST0052,2025-06-29,2026-04-23,Battery draining fast,Resolved,12
WC002966,CUST034368,P0540,ST0030,2025-10-21,2026-04-23,Water damage,In Progress,12
WC003730,CUST022024,P0511,ST0029,2026-01-12,2026-04-23,Water damage,In Progress,12
WC003824,CUST041913,P0410,ST0058,2026-03-25,2026-04-23,Speaker/mic not working,Resolved,12
WC004409,CUST022164,P0336,ST0013,2026-04-17,2026-04-23,Physical damage - screen crack,Pending Pickup,12
WC000083,CUST029879,P0324,ST0031,2026-04-20,2026-04-24,Overheating during use,Rejected - Out of Warranty,12
WC000314,CUST014949,P0588,ST0003,2026-01-26,2026-04-24,Camera not focusing,Resolved,12
WC001016,CUST019390,P0445,ST0003,2026-01-03,2026-04-24,Software update issue,Resolved,12
WC002562,CUST020889,P0557,ST0005,2025-05-23,2026-04-24,Charging port not working,Replaced,12
WC002975,CUST034883,P0265,ST0009,2025-07-27,2026-04-24,Charging port not working,Pending Pickup,12
WC005419,CUST017951,P0293,ST0019,2024-10-12,2026-04-24,Camera not focusing,Resolved,24
WC000253,CUST026181,P0538,ST0042,2025-05-21,2026-04-25,Speaker/mic not working,Resolved,12
WC000802,CUST029894,P0112,ST0006,2025-05-16,2026-04-25,Battery draining fast,Rejected - Out of Warranty,12
WC001772,CUST008431,P0052,ST0058,2025-08-21,2026-04-25,Water damage,Resolved,12
WC004511,CUST006102,P0142,ST0052,2025-05-04,2026-04-25,Screen flickering,In Progress,12
WC004571,CUST047923,P0206,ST0041,2025-07-14,2026-04-25,Camera not focusing,Replaced,12
WC005621,CUST019175,P0540,ST0034,2026-01-16,2026-04-25,Software update issue,Replaced,12
WC005938,CUST033671,P0086,ST0013,2025-05-21,2026-04-25,Battery draining fast,In Progress,12
WC000724,CUST048691,P0208,ST0028,2026-01-27,2026-04-26,Water damage,In Progress,12
WC002053,CUST019035,P0079,ST0009,2024-07-12,2026-04-26,Charging port not working,In Progress,24
WC002411,CUST048971,P0566,ST0047,2025-11-16,2026-04-26,Battery draining fast,Resolved,12
WC001742,CUST005193,P0340,ST0040,2025-07-10,2026-04-27,Charging port not working,Replaced,12
WC002228,CUST026172,P0558,ST0019,2025-08-07,2026-04-27,Software update issue,Replaced,12
WC002765,CUST038404,P0111,ST0009,2025-11-28,2026-04-27,Screen flickering,In Progress,12
WC002904,CUST036265,P0326,ST0005,2025-12-28,2026-04-27,Water damage,Pending Pickup,12
WC002976,CUST013440,P0209,ST0031,2025-11-11,2026-04-27,Battery draining fast,In Progress,12
WC003292,CUST001980,P0165,ST0052,2025-12-16,2026-04-27,Overheating during use,Resolved,12
WC003496,CUST041753,P0444,ST0002,2025-11-16,2026-04-27,Physical damage - screen crack,Resolved,12
WC003536,CUST042821,P0259,ST0044,2025-07-29,2026-04-27,Battery draining fast,Rejected - Out of Warranty,24
WC005587,CUST044091,P0425,ST0032,2025-05-20,2026-04-27,Physical damage - screen crack,Resolved,12
WC005646,CUST039133,P0156,ST0018,2025-12-07,2026-04-27,Camera not focusing,In Progress,12
WC005882,CUST034360,P0011,ST0004,2026-04-05,2026-04-27,Software update issue,Replaced,12
WC000566,CUST003944,P0042,ST0020,2025-09-04,2026-04-28,Camera not focusing,Resolved,12
WC000890,CUST000336,P0107,ST0025,2025-10-15,2026-04-28,Camera not focusing,Replaced,12
WC000896,CUST012519,P0538,ST0030,2025-07-01,2026-04-28,Charging port not working,Pending Pickup,12
WC001695,CUST042545,P0213,ST0016,2025-05-29,2026-04-28,Physical damage - screen crack,Pending Pickup,12
WC003688,CUST002048,P0191,ST0035,2025-06-12,2026-04-28,Network/SIM issue,Resolved,12
WC003785,CUST024012,P0236,ST0030,2026-01-03,2026-04-28,Battery draining fast,Pending Pickup,12
WC004828,CUST010982,P0167,ST0018,2026-01-26,2026-04-28,Physical damage - screen crack,Replaced,24
WC005598,CUST006574,P0071,ST0040,2025-08-27,2026-04-28,Speaker/mic not working,Resolved,12
WC000421,CUST014190,P0530,ST0015,2026-04-12,2026-04-29,Charging port not working,Replaced,12
WC003254,CUST046891,P0278,ST0036,2025-10-09,2026-04-29,Water damage,Resolved,12
WC003746,CUST025180,P0399,ST0019,2025-07-23,2026-04-29,Software update issue,Pending Pickup,12
WC004052,CUST001034,P0473,ST0060,2025-10-10,2026-04-29,Screen flickering,Pending Pickup,12
WC005203,CUST041616,P0236,ST0044,2025-08-06,2026-04-29,Water damage,Rejected - Out of Warranty,12
WC005418,CUST045839,P0026,ST0045,2026-02-07,2026-04-29,Charging port not working,Pending Pickup,12
WC005474,CUST032366,P0266,ST0031,2026-02-25,2026-04-29,Camera not focusing,Rejected - Out of Warranty,12
WC000353,CUST033865,P0297,ST0039,2025-06-28,2026-04-30,Overheating during use,Resolved,24
WC001235,CUST024507,P0208,ST0034,2026-03-11,2026-04-30,Software update issue,In Progress,12
WC002012,CUST008371,P0273,ST0038,2025-11-03,2026-04-30,Network/SIM issue,Resolved,12
WC002863,CUST001274,P0377,ST0058,2025-12-03,2026-04-30,Physical damage - screen crack,Resolved,12
WC004514,CUST035728,P0110,ST0004,2026-02-25,2026-04-30,Water damage,Resolved,12
WC005610,CUST027789,P0377,ST0044,2025-06-24,2026-04-30,Overheating during use,Resolved,12
WC005879,CUST034893,P0241,ST0033,2025-06-05,2026-04-30,Charging port not working,Resolved,12
WC001160,CUST041120,P0449,ST0016,2025-12-08,2026-05-01,Screen flickering,Pending Pickup,12
WC001181,CUST013863,P0199,ST0052,2026-01-31,2026-05-01,Physical damage - screen crack,In Progress,12
WC004361,CUST037093,P0254,ST0026,2025-09-01,2026-05-01,Speaker/mic not working,Rejected - Out of Warranty,12
WC004498,CUST043857,P0541,ST0054,2026-04-02,2026-05-01,Network/SIM issue,In Progress,12
WC000244,CUST000531,P0299,ST0041,2025-06-30,2026-05-02,Camera not focusing,Resolved,12
WC003449,CUST022526,P0278,ST0017,2025-10-09,2026-05-02,Speaker/mic not working,Pending Pickup,12
WC005255,CUST040120,P0327,ST0002,2026-02-11,2026-05-02,Water damage,Pending Pickup,12
WC000369,CUST036596,P0575,ST0018,2024-06-12,2026-05-03,Overheating during use,Resolved,24
WC002495,CUST033045,P0380,ST0020,2026-01-13,2026-05-03,Camera not focusing,Resolved,12
WC003530,CUST049129,P0055,ST0011,2025-07-04,2026-05-03,Network/SIM issue,Replaced,12
WC004141,CUST028534,P0211,ST0043,2026-01-10,2026-05-03,Network/SIM issue,Replaced,12
WC004157,CUST035719,P0539,ST0042,2026-01-22,2026-05-03,Water damage,Resolved,12
WC004297,CUST041975,P0020,ST0031,2026-02-09,2026-05-03,Battery draining fast,Resolved,12
WC000613,CUST024002,P0554,ST0059,2025-06-28,2026-05-04,Battery draining fast,Resolved,12
WC001126,CUST031485,P0290,ST0025,2025-03-31,2026-05-04,Speaker/mic not working,Replaced,24
WC002432,CUST027479,P0333,ST0052,2025-12-12,2026-05-04,Speaker/mic not working,Resolved,12
WC002736,CUST005905,P0188,ST0005,2026-03-26,2026-05-04,Charging port not working,Resolved,24
WC003514,CUST048351,P0442,ST0001,2025-06-27,2026-05-04,Battery draining fast,Replaced,12
WC004507,CUST001987,P0129,ST0053,2025-10-19,2026-05-04,Network/SIM issue,Pending Pickup,12
WC004524,CUST022288,P0577,ST0027,2025-09-19,2026-05-04,Software update issue,Resolved,12
WC005066,CUST026640,P0218,ST0052,2025-11-04,2026-05-04,Screen flickering,Pending Pickup,12
WC000104,CUST011802,P0214,ST0007,2026-03-12,2026-05-05,Physical damage - screen crack,In Progress,12
WC001602,CUST011784,P0176,ST0021,2025-11-30,2026-05-05,Camera not focusing,Rejected - Out of Warranty,12
WC001662,CUST004571,P0169,ST0022,2025-07-07,2026-05-05,Charging port not working,Rejected - Out of Warranty,12
WC001673,CUST026625,P0074,ST0016,2025-02-12,2026-05-05,Water damage,Resolved,24
WC002565,CUST018634,P0333,ST0024,2025-07-11,2026-05-05,Camera not focusing,Pending Pickup,12
WC003581,CUST037372,P0002,ST0038,2026-04-13,2026-05-05,Overheating during use,Resolved,12
WC005107,CUST022496,P0283,ST0001,2025-08-03,2026-05-05,Charging port not working,Rejected - Out of Warranty,12
WC005238,CUST046615,P0292,ST0015,2025-08-20,2026-05-05,Battery draining fast,Resolved,12
WC001574,CUST049169,P0382,ST0031,2025-05-18,2026-05-06,Software update issue,Resolved,12
WC002552,CUST039053,P0253,ST0020,2025-06-09,2026-05-06,Battery draining fast,Resolved,12
WC003446,CUST026719,P0590,ST0032,2026-02-08,2026-05-06,Overheating during use,Replaced,12
WC003594,CUST018584,P0198,ST0030,2025-08-28,2026-05-06,Overheating during use,In Progress,12
WC000789,CUST038159,P0102,ST0004,2025-09-06,2026-05-07,Screen flickering,Replaced,12
WC002686,CUST033241,P0052,ST0005,2025-07-15,2026-05-07,Network/SIM issue,Pending Pickup,12
WC003340,CUST014092,P0060,ST0012,2025-12-15,2026-05-07,Battery draining fast,Resolved,12
WC003707,CUST046794,P0038,ST0016,2025-08-04,2026-05-07,Screen flickering,Pending Pickup,24
WC005984,CUST049716,P0502,ST0031,2025-08-08,2026-05-07,Screen flickering,Resolved,12
WC002640,CUST041387,P0098,ST0026,2025-07-09,2026-05-08,Camera not focusing,Rejected - Out of Warranty,12
WC002978,CUST012501,P0442,ST0009,2026-05-03,2026-05-08,Overheating during use,Replaced,12
WC003539,CUST044325,P0412,ST0028,2026-01-15,2026-05-08,Software update issue,Replaced,12
WC004555,CUST029286,P0318,ST0022,2026-03-19,2026-05-08,Camera not focusing,In Progress,12
WC005396,CUST034136,P0172,ST0032,2025-06-25,2026-05-08,Physical damage - screen crack,Resolved,12
WC000607,CUST024729,P0433,ST0014,2025-07-29,2026-05-09,Battery draining fast,Resolved,12
WC001891,CUST019342,P0321,ST0060,2025-11-01,2026-05-09,Speaker/mic not working,Resolved,12
WC003820,CUST031596,P0437,ST0028,2025-10-12,2026-05-09,Camera not focusing,In Progress,12
WC000760,CUST017650,P0039,ST0012,2025-09-05,2026-05-10,Speaker/mic not working,In Progress,12
WC002360,CUST030417,P0393,ST0030,2025-08-08,2026-05-10,Speaker/mic not working,Rejected - Out of Warranty,12
WC002592,CUST019081,P0028,ST0049,2026-02-11,2026-05-10,Water damage,Rejected - Out of Warranty,12
WC001393,CUST013556,P0291,ST0035,2025-11-26,2026-05-11,Speaker/mic not working,Resolved,12
WC003807,CUST023642,P0575,ST0057,2025-07-02,2026-05-11,Speaker/mic not working,Replaced,24
WC004093,CUST034424,P0252,ST0054,2026-01-27,2026-05-11,Overheating during use,In Progress,12
WC005964,CUST023653,P0398,ST0035,2025-09-29,2026-05-11,Battery draining fast,Resolved,12
WC000152,CUST048739,P0157,ST0004,2025-06-24,2026-05-13,Camera not focusing,Replaced,12
WC002581,CUST024276,P0350,ST0060,2025-07-28,2026-05-13,Software update issue,Resolved,12
WC003051,CUST004843,P0017,ST0057,2026-03-26,2026-05-13,Battery draining fast,Rejected - Out of Warranty,12
WC001072,CUST028879,P0201,ST0003,2026-01-31,2026-05-14,Speaker/mic not working,Resolved,12
WC002327,CUST004388,P0476,ST0003,2025-11-14,2026-05-14,Battery draining fast,Replaced,24
WC004567,CUST003997,P0552,ST0017,2025-06-01,2026-05-14,Network/SIM issue,In Progress,12
WC004598,CUST004476,P0466,ST0028,2026-02-10,2026-05-14,Software update issue,Resolved,12
WC000106,CUST007346,P0391,ST0046,2025-07-31,2026-05-15,Charging port not working,Resolved,12
WC000361,CUST017541,P0239,ST0059,2026-02-23,2026-05-15,Charging port not working,Pending Pickup,12
WC000946,CUST017508,P0090,ST0055,2025-08-23,2026-05-15,Screen flickering,Pending Pickup,12
WC001146,CUST038607,P0187,ST0042,2025-05-22,2026-05-15,Charging port not working,Resolved,12
WC001227,CUST046864,P0178,ST0010,2025-02-26,2026-05-15,Battery draining fast,In Progress,24
WC002002,CUST034852,P0550,ST0010,2025-10-04,2026-05-15,Software update issue,Pending Pickup,12
WC002754,CUST027479,P0181,ST0033,2025-09-08,2026-05-15,Overheating during use,In Progress,12
WC004100,CUST005543,P0160,ST0050,2025-08-21,2026-05-15,Charging port not working,Pending Pickup,12
WC004681,CUST020121,P0116,ST0011,2025-10-18,2026-05-15,Software update issue,Resolved,12
WC005082,CUST023597,P0103,ST0022,2026-02-21,2026-05-15,Physical damage - screen crack,Resolved,12
WC001824,CUST032745,P0053,ST0045,2024-10-05,2026-05-16,Screen flickering,In Progress,24
WC002483,CUST048775,P0123,ST0045,2026-01-14,2026-05-16,Water damage,Pending Pickup,24
WC004490,CUST043605,P0463,ST0003,2024-07-06,2026-05-16,Camera not focusing,Rejected - Out of Warranty,24
WC004995,CUST021496,P0117,ST0006,2026-04-13,2026-05-16,Network/SIM issue,In Progress,12
WC000139,CUST002150,P0004,ST0054,2025-01-06,2026-05-17,Screen flickering,In Progress,24
WC000378,CUST038970,P0558,ST0003,2025-10-05,2026-05-17,Software update issue,Resolved,12
WC002025,CUST006264,P0540,ST0041,2026-04-29,2026-05-17,Screen flickering,Resolved,12
WC000780,CUST040987,P0132,ST0003,2026-02-02,2026-05-18,Speaker/mic not working,Pending Pickup,12
WC001458,CUST017380,P0139,ST0002,2025-03-26,2026-05-18,Overheating during use,Resolved,24
WC001674,CUST037054,P0032,ST0056,2025-06-22,2026-05-18,Software update issue,Pending Pickup,12
WC003893,CUST013564,P0304,ST0016,2026-03-25,2026-05-18,Water damage,Resolved,12
WC004758,CUST027357,P0029,ST0055,2024-11-28,2026-05-18,Physical damage - screen crack,Rejected - Out of Warranty,24
WC005832,CUST047628,P0518,ST0030,2025-06-08,2026-05-18,Speaker/mic not working,Replaced,12
WC000490,CUST021622,P0374,ST0034,2026-02-14,2026-05-19,Speaker/mic not working,Resolved,12
WC000522,CUST025782,P0463,ST0012,2025-12-10,2026-05-19,Camera not focusing,In Progress,24
WC001460,CUST043553,P0484,ST0034,2025-08-05,2026-05-19,Camera not focusing,Resolved,12
WC001848,CUST016494,P0560,ST0053,2025-06-15,2026-05-19,Water damage,Resolved,12
WC001942,CUST039015,P0483,ST0059,2025-03-18,2026-05-19,Battery draining fast,Rejected - Out of Warranty,24
WC003343,CUST040608,P0468,ST0053,2025-07-22,2026-05-19,Overheating during use,Resolved,12
WC005320,CUST001067,P0553,ST0039,2026-04-24,2026-05-19,Water damage,Resolved,12
WC005585,CUST000881,P0077,ST0044,2025-06-03,2026-05-19,Charging port not working,Resolved,12
WC001878,CUST010529,P0306,ST0047,2025-12-11,2026-05-20,Water damage,Rejected - Out of Warranty,12
WC004301,CUST025229,P0380,ST0006,2025-10-23,2026-05-20,Network/SIM issue,Replaced,12
WC000036,CUST001479,P0285,ST0033,2025-07-05,2026-05-21,Water damage,In Progress,12
WC000434,CUST021894,P0333,ST0054,2025-07-11,2026-05-21,Overheating during use,Pending Pickup,12
WC001200,CUST022656,P0330,ST0007,2025-10-11,2026-05-21,Screen flickering,Resolved,12
WC002727,CUST043631,P0007,ST0049,2026-02-26,2026-05-21,Software update issue,Resolved,12
WC002793,CUST029937,P0168,ST0008,2026-04-21,2026-05-21,Network/SIM issue,Resolved,12
WC005467,CUST009286,P0459,ST0047,2025-10-16,2026-05-21,Overheating during use,Replaced,12
WC000975,CUST005254,P0184,ST0016,2026-03-14,2026-05-22,Software update issue,Rejected - Out of Warranty,12
WC001272,CUST022502,P0371,ST0002,2025-06-10,2026-05-22,Screen flickering,Pending Pickup,12
WC001805,CUST004497,P0493,ST0037,2025-07-09,2026-05-22,Battery draining fast,Resolved,12
WC003316,CUST019108,P0106,ST0006,2025-06-29,2026-05-22,Software update issue,Resolved,12
WC004751,CUST016020,P0289,ST0044,2024-06-02,2026-05-22,Physical damage - screen crack,Resolved,24
WC005544,CUST044018,P0511,ST0045,2026-01-18,2026-05-22,Battery draining fast,Resolved,12
WC005815,CUST001524,P0037,ST0034,2026-05-10,2026-05-22,Overheating during use,Resolved,12
WC000144,CUST012394,P0376,ST0043,2025-09-10,2026-05-23,Water damage,Resolved,12
WC004127,CUST006707,P0416,ST0044,2025-10-27,2026-05-23,Water damage,In Progress,12
WC005247,CUST028055,P0174,ST0037,2025-10-28,2026-05-23,Water damage,Resolved,12
WC000799,CUST025814,P0283,ST0019,2026-04-10,2026-05-24,Software update issue,Resolved,12
WC002071,CUST040088,P0101,ST0048,2025-06-02,2026-05-24,Software update issue,Pending Pickup,12
WC002569,CUST026826,P0306,ST0023,2026-01-26,2026-05-24,Battery draining fast,Resolved,12
WC005301,CUST041518,P0205,ST0056,2026-01-28,2026-05-24,Battery draining fast,Resolved,12
WC005533,CUST020089,P0443,ST0009,2026-05-14,2026-05-24,Charging port not working,In Progress,12
WC003006,CUST015188,P0252,ST0034,2025-12-08,2026-05-25,Physical damage - screen crack,In Progress,12
WC003251,CUST002053,P0122,ST0056,2026-03-03,2026-05-25,Charging port not working,Replaced,12
WC004746,CUST040633,P0010,ST0043,2026-04-05,2026-05-25,Speaker/mic not working,In Progress,12
WC001232,CUST031683,P0348,ST0048,2026-03-06,2026-05-26,Network/SIM issue,In Progress,12
WC001948,CUST015899,P0480,ST0056,2025-06-05,2026-05-26,Overheating during use,Resolved,12
WC002685,CUST042150,P0238,ST0001,2025-06-03,2026-05-26,Network/SIM issue,Resolved,12
WC002890,CUST020117,P0459,ST0029,2025-10-29,2026-05-26,Camera not focusing,Pending Pickup,12
WC003229,CUST036955,P0218,ST0051,2025-06-18,2026-05-26,Battery draining fast,Pending Pickup,12
WC004607,CUST018544,P0127,ST0052,2026-05-13,2026-05-26,Physical damage - screen crack,Pending Pickup,12
WC004625,CUST011887,P0434,ST0031,2025-07-06,2026-05-26,Speaker/mic not working,Replaced,12
WC002858,CUST025978,P0447,ST0012,2025-08-10,2026-05-27,Charging port not working,In Progress,12
WC003360,CUST011737,P0261,ST0013,2026-01-17,2026-05-27,Overheating during use,Pending Pickup,12
WC003706,CUST021118,P0079,ST0034,2026-01-27,2026-05-27,Battery draining fast,Resolved,24
WC000663,CUST007296,P0315,ST0014,2025-06-11,2026-05-28,Screen flickering,Resolved,12
WC001881,CUST016816,P0518,ST0041,2025-11-30,2026-05-28,Water damage,Resolved,12
WC001964,CUST047659,P0336,ST0056,2025-11-15,2026-05-28,Software update issue,Replaced,12
WC002269,CUST034760,P0128,ST0006,2025-06-22,2026-05-28,Physical damage - screen crack,Resolved,12
WC002319,CUST046944,P0053,ST0010,2025-07-14,2026-05-28,Physical damage - screen crack,Resolved,24
WC002711,CUST008911,P0018,ST0024,2026-03-01,2026-05-28,Physical damage - screen crack,Resolved,12
WC000836,CUST013114,P0429,ST0028,2026-04-23,2026-05-29,Software update issue,Resolved,12
WC001311,CUST030921,P0161,ST0005,2025-10-28,2026-05-29,Camera not focusing,Rejected - Out of Warranty,12
WC004284,CUST025338,P0258,ST0026,2026-01-03,2026-05-29,Charging port not working,Rejected - Out of Warranty,12
WC001182,CUST044095,P0264,ST0021,2026-01-04,2026-05-30,Camera not focusing,Resolved,12
WC002471,CUST028147,P0150,ST0053,2025-08-15,2026-05-30,Software update issue,Resolved,12
WC002542,CUST029616,P0025,ST0033,2026-05-20,2026-05-30,Screen flickering,In Progress,24
WC003865,CUST008865,P0196,ST0037,2026-05-01,2026-05-30,Software update issue,Resolved,12
WC004309,CUST036357,P0399,ST0005,2025-06-29,2026-05-30,Network/SIM issue,Pending Pickup,12
WC005231,CUST023797,P0505,ST0038,2026-01-02,2026-05-30,Physical damage - screen crack,Replaced,12
WC005726,CUST016070,P0166,ST0026,2026-01-16,2026-05-30,Overheating during use,Resolved,12
WC000069,CUST041401,P0409,ST0037,2026-04-28,2026-05-31,Camera not focusing,Resolved,12
WC000095,CUST045345,P0573,ST0007,2025-07-21,2026-05-31,Camera not focusing,In Progress,12
WC002101,CUST003379,P0242,ST0020,2025-10-18,2026-05-31,Speaker/mic not working,Rejected - Out of Warranty,12
WC003985,CUST007536,P0228,ST0030,2026-03-13,2026-05-31,Overheating during use,Pending Pickup,12
WC005557,CUST048458,P0105,ST0012,2025-10-03,2026-05-31,Water damage,Resolved,12
WC005782,CUST039140,P0055,ST0022,2026-04-13,2026-05-31,Screen flickering,Pending Pickup,12
WC000295,CUST029975,P0011,ST0015,2026-03-22,2026-06-01,Camera not focusing,Replaced,12
WC001027,CUST034393,P0079,ST0022,2025-04-15,2026-06-01,Software update issue,Pending Pickup,24
WC002690,CUST025105,P0379,ST0032,2026-02-05,2026-06-01,Overheating during use,Resolved,12
WC004022,CUST028808,P0351,ST0023,2025-08-22,2026-06-01,Speaker/mic not working,In Progress,12
WC004453,CUST028015,P0274,ST0055,2026-03-06,2026-06-01,Water damage,Resolved,12
WC004886,CUST012418,P0308,ST0040,2025-06-09,2026-06-01,Camera not focusing,Replaced,12
WC000775,CUST024762,P0141,ST0036,2025-10-24,2026-06-02,Battery draining fast,Resolved,12
WC001717,CUST036987,P0405,ST0058,2025-07-16,2026-06-02,Speaker/mic not working,Pending Pickup,12
WC002146,CUST044419,P0070,ST0059,2026-04-03,2026-06-02,Charging port not working,Rejected - Out of Warranty,12
WC002283,CUST017762,P0228,ST0048,2026-05-24,2026-06-02,Camera not focusing,In Progress,12
WC003137,CUST031585,P0376,ST0001,2025-08-25,2026-06-02,Overheating during use,Rejected - Out of Warranty,12
WC004140,CUST046466,P0378,ST0032,2025-07-25,2026-06-02,Overheating during use,Resolved,12
WC005911,CUST021436,P0392,ST0019,2025-12-16,2026-06-02,Speaker/mic not working,In Progress,12
WC001853,CUST026515,P0432,ST0002,2026-05-18,2026-06-03,Screen flickering,Rejected - Out of Warranty,12
WC001995,CUST041907,P0232,ST0008,2025-06-26,2026-06-03,Camera not focusing,Resolved,12
WC003740,CUST042456,P0184,ST0025,2025-12-16,2026-06-03,Water damage,Rejected - Out of Warranty,12
WC005873,CUST006790,P0431,ST0001,2025-11-14,2026-06-03,Physical damage - screen crack,Resolved,12
WC001835,CUST046391,P0032,ST0045,2025-12-19,2026-06-04,Network/SIM issue,Resolved,12
WC001866,CUST048492,P0528,ST0031,2025-08-01,2026-06-04,Battery draining fast,Replaced,24
WC003234,CUST019016,P0154,ST0002,2026-04-22,2026-06-04,Physical damage - screen crack,Resolved,12
WC005265,CUST024697,P0490,ST0009,2025-11-24,2026-06-04,Overheating during use,Resolved,12
WC005890,CUST029261,P0425,ST0005,2025-11-21,2026-06-04,Battery draining fast,Rejected - Out of Warranty,12
WC003574,CUST035054,P0435,ST0003,2026-01-11,2026-06-05,Speaker/mic not working,Rejected - Out of Warranty,12
WC000345,CUST008611,P0475,ST0005,2025-09-24,2026-06-06,Speaker/mic not working,Resolved,24
WC003194,CUST017278,P0426,ST0010,2025-12-22,2026-06-06,Water damage,In Progress,12
WC003602,CUST041257,P0534,ST0002,2024-09-11,2026-06-06,Water damage,In Progress,24
WC003637,CUST016659,P0224,ST0059,2026-02-16,2026-06-06,Water damage,Resolved,12
WC004778,CUST021046,P0100,ST0045,2025-10-26,2026-06-06,Camera not focusing,Resolved,12
WC005230,CUST012458,P0543,ST0041,2024-09-23,2026-06-06,Screen flickering,Rejected - Out of Warranty,24
WC005748,CUST017499,P0144,ST0014,2025-11-27,2026-06-06,Charging port not working,Replaced,12
WC000284,CUST043469,P0314,ST0018,2025-12-06,2026-06-07,Network/SIM issue,Resolved,12
WC003260,CUST022790,P0254,ST0051,2025-07-20,2026-06-07,Water damage,Rejected - Out of Warranty,12
WC004808,CUST046898,P0332,ST0009,2026-04-24,2026-06-07,Overheating during use,Replaced,12
WC000800,CUST007710,P0207,ST0059,2025-09-22,2026-06-08,Speaker/mic not working,Rejected - Out of Warranty,12
WC000847,CUST015920,P0559,ST0030,2024-09-16,2026-06-08,Software update issue,Resolved,24
WC002049,CUST001695,P0152,ST0019,2026-04-04,2026-06-08,Physical damage - screen crack,In Progress,12
WC004725,CUST035938,P0337,ST0012,2025-10-02,2026-06-08,Network/SIM issue,Pending Pickup,12
WC004928,CUST009752,P0329,ST0041,2025-07-16,2026-06-08,Software update issue,Resolved,12
WC005342,CUST004537,P0219,ST0056,2025-08-01,2026-06-08,Software update issue,Replaced,12
WC005588,CUST035321,P0427,ST0057,2026-05-07,2026-06-08,Software update issue,Resolved,12
WC005678,CUST044471,P0278,ST0050,2025-12-01,2026-06-08,Screen flickering,Resolved,12
WC000647,CUST036089,P0069,ST0029,2026-02-01,2026-06-09,Software update issue,Resolved,12
WC001420,CUST045976,P0222,ST0022,2025-12-16,2026-06-09,Camera not focusing,Rejected - Out of Warranty,12
WC000112,CUST044425,P0198,ST0021,2026-05-09,2026-06-10,Network/SIM issue,Resolved,12
WC000573,CUST040871,P0142,ST0002,2026-01-14,2026-06-10,Camera not focusing,Replaced,12
WC001630,CUST022664,P0190,ST0060,2025-09-15,2026-06-10,Screen flickering,In Progress,12
WC002602,CUST027207,P0556,ST0025,2025-07-04,2026-06-10,Camera not focusing,Replaced,12
WC002676,CUST047786,P0284,ST0058,2025-07-05,2026-06-10,Overheating during use,Rejected - Out of Warranty,12
WC002962,CUST034620,P0456,ST0039,2025-12-14,2026-06-10,Speaker/mic not working,Pending Pickup,12
WC005195,CUST046573,P0398,ST0012,2026-01-24,2026-06-10,Charging port not working,Resolved,12
WC000704,CUST006109,P0342,ST0036,2025-08-26,2026-06-11,Screen flickering,Pending Pickup,12
WC000734,CUST014181,P0380,ST0003,2025-07-06,2026-06-11,Overheating during use,Resolved,12
WC001679,CUST009574,P0108,ST0029,2025-10-01,2026-06-11,Physical damage - screen crack,Replaced,12
WC002926,CUST034066,P0404,ST0032,2025-12-19,2026-06-11,Network/SIM issue,Resolved,12
WC003692,CUST009699,P0269,ST0054,2026-02-06,2026-06-11,Charging port not working,Resolved,12
WC004161,CUST044649,P0283,ST0036,2025-07-23,2026-06-11,Speaker/mic not working,Resolved,12
WC004328,CUST043503,P0273,ST0049,2026-05-04,2026-06-11,Software update issue,Resolved,12
WC004961,CUST045133,P0521,ST0018,2026-01-07,2026-06-11,Network/SIM issue,Replaced,12
WC002992,CUST004708,P0173,ST0049,2025-07-04,2026-06-12,Network/SIM issue,Resolved,12
WC004372,CUST001541,P0441,ST0001,2025-09-22,2026-06-12,Software update issue,Resolved,12
WC004976,CUST030918,P0482,ST0050,2024-10-28,2026-06-12,Software update issue,Pending Pickup,24
WC000620,CUST038945,P0328,ST0009,2025-08-05,2026-06-13,Water damage,Pending Pickup,12
WC002974,CUST040976,P0194,ST0009,2025-11-11,2026-06-13,Camera not focusing,Resolved,12
WC003535,CUST003345,P0016,ST0021,2025-08-31,2026-06-13,Water damage,Pending Pickup,12
WC003641,CUST033198,P0394,ST0043,2026-03-03,2026-06-13,Overheating during use,Resolved,12
WC004222,CUST027767,P0086,ST0016,2025-09-07,2026-06-13,Battery draining fast,Replaced,12
WC004530,CUST007741,P0536,ST0043,2026-01-24,2026-06-13,Overheating during use,Pending Pickup,12
WC004988,CUST049296,P0033,ST0003,2026-06-03,2026-06-13,Battery draining fast,Pending Pickup,12
WC001480,CUST033395,P0228,ST0059,2026-04-22,2026-06-14,Network/SIM issue,Resolved,12
WC001519,CUST041891,P0538,ST0042,2025-06-23,2026-06-14,Battery draining fast,In Progress,12
WC003683,CUST024701,P0014,ST0013,2026-02-12,2026-06-14,Software update issue,Resolved,12
WC000179,CUST044523,P0492,ST0023,2026-06-07,2026-06-15,Physical damage - screen crack,Replaced,12
WC000325,CUST000952,P0304,ST0049,2025-08-17,2026-06-15,Charging port not working,Replaced,12
WC000934,CUST031159,P0018,ST0050,2025-12-15,2026-06-15,Battery draining fast,Resolved,12
WC001818,CUST025771,P0358,ST0035,2025-12-13,2026-06-15,Physical damage - screen crack,Pending Pickup,24
WC001834,CUST001589,P0525,ST0049,2025-05-22,2026-06-15,Camera not focusing,In Progress,24
WC000109,CUST034903,P0333,ST0026,2025-09-26,2026-06-16,Camera not focusing,Rejected - Out of Warranty,12
WC000146,CUST009256,P0242,ST0034,2025-08-05,2026-06-16,Overheating during use,Resolved,12
WC001842,CUST009216,P0017,ST0034,2025-07-08,2026-06-16,Software update issue,Resolved,12
WC001953,CUST043042,P0023,ST0004,2026-04-27,2026-06-16,Software update issue,Resolved,12
WC003196,CUST029805,P0247,ST0040,2026-05-17,2026-06-16,Water damage,Resolved,12
WC005672,CUST038252,P0559,ST0051,2025-12-25,2026-06-16,Camera not focusing,Replaced,24
WC005883,CUST049404,P0096,ST0027,2025-07-06,2026-06-16,Water damage,In Progress,12
WC004296,CUST033780,P0516,ST0034,2025-12-30,2026-06-17,Charging port not working,Resolved,12
WC005822,CUST049300,P0530,ST0004,2025-12-12,2026-06-17,Software update issue,In Progress,12
WC005830,CUST018685,P0152,ST0017,2026-04-14,2026-06-17,Network/SIM issue,Resolved,12
WC000339,CUST003984,P0574,ST0021,2025-11-19,2026-06-18,Screen flickering,Rejected - Out of Warranty,12
WC000439,CUST015216,P0529,ST0036,2025-12-14,2026-06-18,Screen flickering,Resolved,12
WC001239,CUST010727,P0427,ST0012,2025-07-30,2026-06-18,Screen flickering,Replaced,12
WC002069,CUST027156,P0429,ST0057,2026-05-12,2026-06-18,Network/SIM issue,In Progress,12
WC002167,CUST043544,P0226,ST0019,2026-03-05,2026-06-18,Battery draining fast,Pending Pickup,12
WC003454,CUST011482,P0300,ST0027,2025-07-04,2026-06-18,Camera not focusing,In Progress,12
WC005354,CUST036721,P0091,ST0020,2025-06-25,2026-06-18,Software update issue,Replaced,12
WC005110,CUST030795,P0345,ST0037,2026-06-16,2026-06-19,Physical damage - screen crack,Resolved,12
WC005747,CUST040204,P0416,ST0037,2026-03-31,2026-06-19,Battery draining fast,Resolved,12
WC000859,CUST038675,P0185,ST0032,2026-04-08,2026-06-20,Physical damage - screen crack,Resolved,12
WC001080,CUST012107,P0056,ST0022,2024-07-18,2026-06-20,Software update issue,Resolved,24
WC001451,CUST035281,P0040,ST0039,2025-09-18,2026-06-20,Camera not focusing,Replaced,12
WC002044,CUST033588,P0217,ST0005,2025-11-18,2026-06-20,Battery draining fast,Rejected - Out of Warranty,12
WC002777,CUST048508,P0008,ST0009,2025-08-22,2026-06-20,Physical damage - screen crack,Resolved,12
WC002826,CUST007227,P0120,ST0016,2025-09-09,2026-06-20,Software update issue,Resolved,12
WC003487,CUST044547,P0150,ST0033,2026-02-01,2026-06-20,Battery draining fast,In Progress,12
WC005331,CUST019429,P0237,ST0004,2026-03-14,2026-06-20,Water damage,In Progress,12
WC005619,CUST045484,P0572,ST0029,2025-02-06,2026-06-20,Speaker/mic not working,Resolved,24
WC000057,CUST028039,P0064,ST0037,2026-04-02,2026-06-21,Network/SIM issue,Resolved,12
WC001065,CUST010462,P0532,ST0011,2026-04-08,2026-06-21,Screen flickering,Resolved,12
WC001321,CUST003704,P0055,ST0059,2025-08-23,2026-06-21,Camera not focusing,Replaced,12
WC002761,CUST008901,P0512,ST0012,2026-03-05,2026-06-21,Physical damage - screen crack,Rejected - Out of Warranty,12
WC002775,CUST037482,P0174,ST0023,2026-01-11,2026-06-21,Speaker/mic not working,In Progress,12
WC003331,CUST038061,P0055,ST0036,2025-09-10,2026-06-21,Speaker/mic not working,Resolved,12
WC003910,CUST044955,P0302,ST0052,2025-10-16,2026-06-21,Software update issue,In Progress,12
WC005692,CUST010022,P0240,ST0039,2025-08-28,2026-06-21,Overheating during use,Resolved,12
WC005865,CUST031593,P0029,ST0014,2025-02-05,2026-06-21,Water damage,Replaced,24
WC000747,CUST035625,P0142,ST0018,2026-06-09,2026-06-22,Physical damage - screen crack,Pending Pickup,12
WC001567,CUST027490,P0348,ST0036,2025-07-02,2026-06-22,Speaker/mic not working,Pending Pickup,12
WC002358,CUST002822,P0036,ST0058,2026-03-28,2026-06-22,Speaker/mic not working,Resolved,12
WC002991,CUST006746,P0196,ST0053,2025-09-02,2026-06-22,Speaker/mic not working,Pending Pickup,12
WC005847,CUST002840,P0392,ST0013,2026-05-30,2026-06-22,Screen flickering,Resolved,12
WC000849,CUST036550,P0078,ST0008,2025-10-02,2026-06-23,Software update issue,Resolved,12
WC002305,CUST012421,P0551,ST0004,2025-07-29,2026-06-23,Charging port not working,Resolved,12
WC005118,CUST039158,P0425,ST0003,2026-04-12,2026-06-23,Physical damage - screen crack,Pending Pickup,12
WC005274,CUST041438,P0580,ST0049,2025-08-26,2026-06-23,Physical damage - screen crack,Rejected - Out of Warranty,12
WC001547,CUST046069,P0593,ST0029,2026-03-23,2026-06-24,Charging port not working,Resolved,12
WC001851,CUST042251,P0550,ST0041,2025-12-22,2026-06-24,Camera not focusing,Rejected - Out of Warranty,12
WC001915,CUST037117,P0313,ST0010,2026-01-30,2026-06-24,Software update issue,Resolved,12
WC005431,CUST034356,P0372,ST0049,2025-11-28,2026-06-24,Screen flickering,Resolved,12
WC005581,CUST012382,P0455,ST0004,2026-04-01,2026-06-24,Water damage,Resolved,12
WC000067,CUST038631,P0091,ST0028,2025-11-04,2026-06-25,Speaker/mic not working,Replaced,12
WC000467,CUST049635,P0304,ST0026,2025-07-22,2026-06-25,Network/SIM issue,Resolved,12
WC004197,CUST027586,P0418,ST0055,2025-07-03,2026-06-25,Software update issue,Resolved,12
WC000550,CUST028697,P0566,ST0040,2026-05-10,2026-06-26,Network/SIM issue,Resolved,12
WC001796,CUST049761,P0087,ST0012,2026-05-08,2026-06-26,Physical damage - screen crack,In Progress,24
WC003186,CUST013328,P0473,ST0056,2025-09-28,2026-06-26,Camera not focusing,Rejected - Out of Warranty,12
WC003563,CUST009276,P0094,ST0059,2025-12-04,2026-06-26,Screen flickering,In Progress,12
WC000993,CUST024373,P0483,ST0036,2025-06-20,2026-06-27,Camera not focusing,Resolved,24
WC001176,CUST035755,P0580,ST0036,2026-03-15,2026-06-27,Overheating during use,Resolved,12
WC001779,CUST039253,P0024,ST0017,2025-11-03,2026-06-27,Software update issue,Rejected - Out of Warranty,12
WC002241,CUST041237,P0409,ST0038,2025-10-08,2026-06-27,Physical damage - screen crack,Resolved,12
WC003664,CUST009802,P0523,ST0046,2026-05-25,2026-06-27,Water damage,Pending Pickup,12
WC003737,CUST044241,P0548,ST0037,2026-05-03,2026-06-27,Screen flickering,Resolved,12
WC004683,CUST014201,P0414,ST0055,2026-06-04,2026-06-27,Physical damage - screen crack,Resolved,12
WC005701,CUST043307,P0437,ST0056,2025-09-12,2026-06-27,Overheating during use,Resolved,12
WC000659,CUST026868,P0413,ST0008,2026-04-24,2026-06-28,Software update issue,Resolved,12
WC000910,CUST047907,P0460,ST0038,2026-03-27,2026-06-28,Speaker/mic not working,Rejected - Out of Warranty,12
WC001093,CUST036971,P0354,ST0022,2025-09-05,2026-06-28,Screen flickering,Replaced,12
WC003222,CUST001739,P0435,ST0053,2026-04-17,2026-06-28,Screen flickering,Replaced,12
WC003471,CUST000056,P0277,ST0014,2025-09-18,2026-06-28,Network/SIM issue,Rejected - Out of Warranty,12
WC005759,CUST022925,P0139,ST0054,2024-09-10,2026-06-28,Speaker/mic not working,Resolved,24
WC005933,CUST046669,P0065,ST0049,2026-06-26,2026-06-28,Speaker/mic not working,Replaced,12
WC003895,CUST041892,P0036,ST0051,2025-08-26,2026-06-29,Screen flickering,In Progress,12
WC001385,CUST037456,P0121,ST0055,2025-09-13,2026-06-30,Speaker/mic not working,In Progress,12
WC002792,CUST010933,P0269,ST0008,2026-02-05,2026-06-30,Speaker/mic not working,In Progress,12
WC004825,CUST010307,P0122,ST0034,2025-12-31,2026-06-30,Battery draining fast,In Progress,12
WC005324,CUST024246,P0155,ST0059,2026-02-05,2026-06-30,Charging port not working,Resolved,12
WC000445,CUST036744,P0131,ST0039,2025-10-28,2026-07-01,Physical damage - screen crack,In Progress,12
WC000953,CUST040811,P0206,ST0012,2026-05-01,2026-07-01,Overheating during use,Resolved,12
WC001197,CUST037860,P0478,ST0040,2025-12-09,2026-07-01,Overheating during use,Rejected - Out of Warranty,12
WC001307,CUST016229,P0049,ST0050,2026-03-19,2026-07-01,Water damage,Pending Pickup,12
WC002259,CUST000297,P0453,ST0009,2025-09-11,2026-07-01,Software update issue,In Progress,12
WC003106,CUST030561,P0541,ST0053,2026-04-24,2026-07-01,Speaker/mic not working,Resolved,12
WC003731,CUST042745,P0165,ST0051,2025-12-16,2026-07-01,Battery draining fast,Resolved,12
WC004551,CUST016304,P0012,ST0018,2026-03-27,2026-07-01,Water damage,Rejected - Out of Warranty,12
WC005270,CUST007434,P0227,ST0037,2026-04-24,2026-07-01,Water damage,Resolved,24
WC001023,CUST012003,P0295,ST0031,2025-12-09,2026-07-02,Battery draining fast,Resolved,12
WC002951,CUST010775,P0281,ST0038,2026-04-29,2026-07-02,Camera not focusing,Rejected - Out of Warranty,12
WC005276,CUST033049,P0496,ST0015,2026-03-07,2026-07-02,Battery draining fast,Pending Pickup,12
WC005458,CUST037976,P0034,ST0021,2026-03-24,2026-07-02,Camera not focusing,Resolved,12
WC005808,CUST018536,P0469,ST0049,2026-02-06,2026-07-02,Physical damage - screen crack,Resolved,12
WC000046,CUST023866,P0325,ST0053,2026-06-06,2026-07-03,Charging port not working,Resolved,24
WC000641,CUST048745,P0156,ST0002,2025-10-20,2026-07-03,Camera not focusing,Resolved,12
WC003158,CUST044936,P0167,ST0009,2025-12-31,2026-07-03,Water damage,Resolved,24
WC004563,CUST005593,P0570,ST0030,2025-07-09,2026-07-03,Network/SIM issue,Resolved,12
WC005756,CUST024343,P0225,ST0030,2025-12-15,2026-07-03,Screen flickering,Resolved,12
WC005801,CUST010546,P0022,ST0036,2026-02-27,2026-07-03,Screen flickering,Resolved,12
WC001708,CUST010250,P0196,ST0052,2025-12-02,2026-07-04,Overheating during use,In Progress,12
WC002151,CUST047486,P0496,ST0047,2026-03-08,2026-07-04,Water damage,In Progress,12
WC002237,CUST034678,P0138,ST0029,2026-06-18,2026-07-04,Water damage,Pending Pickup,12
WC003904,CUST003994,P0214,ST0013,2025-09-10,2026-07-04,Network/SIM issue,Resolved,12
WC003934,CUST010990,P0007,ST0018,2026-02-10,2026-07-04,Software update issue,Replaced,12
WC002118,CUST043405,P0499,ST0018,2026-04-06,2026-07-05,Physical damage - screen crack,Pending Pickup,12
WC002454,CUST037992,P0130,ST0049,2025-08-04,2026-07-05,Battery draining fast,Pending Pickup,12
WC003571,CUST020513,P0386,ST0004,2026-04-19,2026-07-05,Overheating during use,Resolved,12
WC004131,CUST027826,P0351,ST0036,2025-10-19,2026-07-05,Physical damage - screen crack,Resolved,12
WC004414,CUST017637,P0205,ST0057,2026-01-06,2026-07-05,Battery draining fast,Rejected - Out of Warranty,12
WC005371,CUST007214,P0033,ST0026,2025-12-19,2026-07-05,Overheating during use,Resolved,12
WC001950,CUST016677,P0369,ST0017,2025-11-21,2026-07-06,Network/SIM issue,Replaced,12
WC002100,CUST014376,P0169,ST0009,2026-01-13,2026-07-06,Battery draining fast,Resolved,12
WC002413,CUST043192,P0448,ST0001,2025-04-25,2026-07-06,Charging port not working,Resolved,24
WC002980,CUST032861,P0276,ST0019,2025-07-02,2026-07-06,Camera not focusing,Resolved,24
WC003325,CUST008169,P0333,ST0043,2026-06-21,2026-07-06,Camera not focusing,Pending Pickup,12
